Part Number,Description,Price
Supplier Code: ABIM,,
2880901-05AB,"KIT-BAG,WINDSHIELD,MS,",214.99
2882520-266AB,"K-GRIP,SC,BLK",69.99
2883730-468AB,"K-MIRROR,BAREND,",119.99
2889304-01AB,"K-GAUGE,TACH,IND,BLK",299.99
Supplier Code: ABIM sub totals (4 records),,
Supplier Code: AD,,
104298,BOT. END GASKET KIT-,84.95
288013,DAYCO HPX HIGH,135.95
650866,VP RACING POWER,23.99
673399,"CABLE, BLACK VINYL, HOT ",15.39
747009,PIRELLI DIABLO,508.69
832178,BEARING CONNECTION'S,33.95
899084,TYTANEUM M.F. BATTERY,102.95
987711,FRONT SPROCKET 16,19.13
DCPR6E,NGK 3481 DCPR6E NICKEL,7.53
EK1010,"CARGO NET 36"" X 48""",22.95
PC03,POLARIS HYPERFAX,0.25
PC4207,HYPERFAX SKI DOO BLUE,149.5
Supplier Code: AD sub totals (12 records),,
Supplier Code: ADMORE,,
AdMore Park-n-,Park-n-Move Motorcycle,239
AdMore Park-n-,Park-n-Move Motorcycle,239
AML-A-BMW-TS,BMW Turn Signal PnP,29
AML-A-IM1,Plug-n-play Adapter - Indian,39
AML-A-RM1,Plug-n-Play Adapter - Indian,49
AML-ADM-LINK-001,AdMore ezLINK for,49
AML-BRK-8020AB-,"Light Bar Bracket (8"") - ",10
AML-BRK-,Custom Light Bar Bracket,18
AML-H3-EZL-004,HEX ezCAN Mojave for,229
AML-LED8020-BT,AdMore Light Bar Pro (Clear,219.99
AML-LED8020-STD,AdMore Light Bar -,149
H3-EZL-0034,HEX ezCAN Mojave 1300GS,229
LED1213H-T-TS,"UNIVERSAL TOP CASE, BI-",139
LED2422H-S-TS,"UNIVERSAL PANIERS, BI-",159
Supplier Code: ADMORE sub totals (14 records),,
Supplier Code: ADV,,
2884468A,"K-NAV,UPGRADE,GEN2,",519.99
Supplier Code: ADV sub totals (1 record),,
Supplier Code: AMZN,,
MB-ME128KA/AM,SAMSUNG EVO MICRO,19.99
MB-ME256KA/AM,SAMSUNG EVO MICRO,32.99
MB-ME512KA/AM,SAMSUNG EVO MICRO,67.99
R130-0-1000,AltRider Crash Bars for the,561.97
R130-2-1000,AltRider Crash Bars for the,561.97
ZH303,Nilight ZH303 2PCS 6.5 Inch,35.99
Supplier Code: AMZN sub totals (6 records),,
Supplier Code: ARNESS,,
800-003,VELOCITY SCKR KIT IND,399.95
Supplier Code: ARNESS sub totals (1 record),,
Supplier Code: ARNOTT,,
K-3581,Bushing Accessory Kit -,34.99
Supplier Code: ARNOTT sub totals (1 record),,
Supplier Code: ASV,,
BRC550-SK-R,C5 Series Sport Brake Lever,150
BRC570-SK-K,C5 Series Sport Brake Lever,150
BRF350-K,"F3 Series Sport Brake Lever, ",110
BRF350-SK-R,F3 Series Sport Brake Lever,110
BRF350-SR-K,F3 Series Sport Brake Lever,110
BRF370-SK-B,F3 Series Sport Brake Lever,110
BRF370S-K-R,F3 Series Sport Brake Lever,110
BRF370S-SK -K,F3 Series Sport Brake Lever,110
CRC550-SK-BC,C5 Series Sport Clutch Lever,160
CRC550-SK-R,C5 Series Sport Clutch Lever,150
CRC571-SK-K,C5 Series Sport Clutch Lever,150
CRF350-SK- R,F3 Series Sport Clutch Lever,110
CRF350-SR-K,F3 Series Sport Clutch Lever,110
CRF353-K,F3 Series Sport Clutch,110
CRF370-K-R,F3 Series Sport Clutch Lever,110
CRF371-SK-B,F3 Series Sport Clutch Lever,110
CRF371-SK-K,F3 Series Sport Clutch Lever,110
PS001,ASV 8mm Perch Spacer,5
WSR01-B,ASV 2pc Sport Brake and,20
WSR01-R,ASV 2pc Sport Brake and,20
Supplier Code: ASV sub totals (20 records),,
Supplier Code: BAKUP,,
BAKUP-,K1600 BAGGER,457.95
BAKUP-R12GSWD,BMW R1200GS Water,427.99
Supplier Code: BAKUP sub totals (2 records),,
Supplier Code: Barnett,,
101-40-10008,Indian Clutch Cable- Black,74.95
"101-40-10010 P10""",B228 BLACK CUSTOM,66.95
"251-40-51004 P10""",4440 CUSTOM BRAKE,50.95
Supplier Code: Barnett sub totals (3 records),,
Supplier Code: BB,,
53 IS,Windshield Bag indian Black,120
67 ISC Blk CC,Med Black Indian Trunk with,785
Supplier Code: BB sub totals (2 records),,
Supplier Code: BE,,
1812-0601BE,HEADER TI BMW M1000RR,"2,314.35"
77504pr,Arrow Ducati Panigale,"1,218.00"
77504prn,Arrow Ducati Panigale,"1,292.00"
BM9132-GP19,M4 Exhaust GP19 Black Slip,0
Supplier Code: BE sub totals (4 records),,
Supplier Code: BF,,
BF-BLACK,Brake Free Smart Brake,169.99
BF-EXTRA,Brake Free Extra Helmet,12.99
BF-RF1400,Brake Free Mount for Shoei,7.99
BF-WHITE,Brake Free Smart Brake,169.99
BF-XL MOUNTS,Brake Free XL Mounts,12.99
Supplier Code: BF sub totals (5 records),,
Supplier Code: BikerHelmets.com,,
CA100-FBNP-L,SOA Smallest Lightest DOT,129.95
CA100-FBNP-M,SOA Smallest Lightest DOT,129.95
CA100-FBNP-S,SOA Smallest Lightest DOT,129.95
CA100-FBNP-XL,SOA Smallest Lightest DOT,129.95
CA100-FBNP-XXL,SOA Smallest Lightest DOT,129.95
GERM-FBNP-L,Mayan DOT Germanator,144.95
GERM-FBNP-M,Mayan DOT Germanator,144.95
GERM-FBNP-XL,Mayan DOT Germanator,144.95
POLO-BBALLFB-L,BASEBALL PRO MINI FLAT,109.99
POLO-BBALLFB-M,BASEBALL PRO MINI FLAT,109.99
POLO-BBALLFB-XL,BASEBALL PRO MINI FLAT,109.99
POLO-BBALLFB-,BASEBALL PRO MINI FLAT,109.99
POLO-SWFB-L,Polo Switchback DOT,139.95
POLO-SWFB-M,Polo Switchback DOT,139.95
POLO-SWFB-S,Polo Switchback DOT,139.95
POLO-SWFB-XL,Polo Switchback DOT,139.95
POLO-SWFB-XXL,Polo Switchback DOT,139.95
Supplier Code: BikerHelmets.com sub totals (17 records),,
Supplier Code: BL,,
2011343,PS CLICK RELEASE,139.95
7018140,PS 3-SNAP BUBBLE,34.95
8013378,PS BULLITT SHLD FLT,39.95
8013381,PS BULLITT SHLD BUB,39.95
8013386,PS BULLITT SHLD FLT,39.95
8013390,PS BULLITT SHLD BUB,39.95
8013392,PS BULLITT SHLD BUB,39.95
Supplier Code: BL sub totals (7 records),,
Supplier Code: BLM,,
BLA-NR-CLR-V2-,DB Race BLADE Mirrors,974.45
PE418B,CNC Racing Adjustable,944.95
RP906B,CNC RACING TOE PEG,24.95
Supplier Code: BLM sub totals (3 records),,
Supplier Code: BM,,
01405A66555,OWNER'S HANDBOOK,84.2
01405B4FFD4,OWNER'S HANDBOOK,84.2
1407106517,OWNER'S HANDBOOK,84.2
1407107237,OWNER'S HANDBOOK,84.2
1409830297,OWNER'S HANDBOOK,84.2
1409831727,OWNER'S HANDBOOK,91.36
1418566137,OWNER'S HANDBOOK,39.67
1519798671,"BROCHURE, REPAIR ",70.05
6327651204,FILLISTER HEAD SCREW,2.24
6327651211,Fillister head screw,9.2
6327651212,Binding head screw,2.48
6327657949,FILLISTER HEAD SCREW,4.82
6327727783,OVAL HEAD SCREW,6.06
7119900019,O-RING,7.91
7119900029,HEX BOLT,7.06
7119900545,HEX BOLT,5.38
7119901547,BALL JOINT,5.53
7119902292,SCREW PLUG,7.14
7119902859,FILLISTER-HEAD SCREW,0.69
7119902910,HEX BOLT,6.88
7119902984,Fillister-head screw,3.02
7119903008,FILLISTER-HEAD SCREW,2.41
7119903797,CIRCLIP,4.52
7119904115,WAVE WASHER,0.32
7119904207,WASHER,6.38
7119904393,SCREW PLUG (Not,1.45
7119904446,WASHER,3.33
7119904524,HEX BOLT WITH WASHER,1.78
7119904527,HEX BOLT WITH WASHER,1.52
7119904550,SCREW PLUG,6.88
7119904670,Flange nut,2.08
7119904689,LOCK RING,21.53
7119904693,O-RING,3.18
7119904919,WASHER (NON,4.15
7119904920,HEX NUT,4.12
7119904924,Washer,4.45
7119904950,O-ring,5.91
7119904970,SAFETY CLIP,3.55
7119905076,Lock Ring,13.12
7119905077,LOCK RING,7.71
7119905155,BALL,4.58
7119905198,O-ring,5.8
7119905337,BULB,5.16
7119905374,Self-locking collar nut,1.92
7119905412,O-RING,8.85
7119905506,Hex nut,2.59
7119905511,Longlife bulb,10.68
7119905543,Hex nut,0.59
7119905544,Hex nut,1.17
7119905710,HEX NUT,1.92
7119905732,Washer,3.73
7119906050,HEX NUT,2.2
7119906097,GRUB SCREW,3.55
7119906106,SCREW PAN,2.98
7119906181,HEX BOLT (Not retunable),1.21
7119906361,O-RING,1.48
7119906568,HEX NUT,4.82
7119906605,O-ring,4.52
7119906874,GROOVED DRIVE STUD,4.94
7119906910,HEX BOLT,9.41
7119906959,COUNTERSUNK SCREW,10.23
7119907030,WASHER,4.36
7119907049,Hex nut,3.42
7119907129,O-ring,6.62
7119907198,Circlip,4.32
7119907262,O-RING,5.38
7119907559,COUNTERSUNK SCREW,11.8
7119907720,Fillister head self-tappi,3.33
7119907874,O-RING,5.03
7119907886,COUNTERSUNK SCREW,2.98
7119908207,FILLISTER-HEAD SCREW,10.94
7119909377,Lock Ring,7.38
7119909546,O-RING,6.03
7119909871,SHAFT SEAL,37.12
7119909902,O-RING,8.44
7119909941,SECURING CLIP,3.26
7119909948,CIRCLIP,4.52
7119922854,HEX NUT,1.3
7119930070,NIpple,3.24
7119931019,Washer,0.62
7119932099,WAVE WASHER,0.77
7119932872,Circlip,2.92
7119933518,SNAP RING (Not returnable),2.61
7119934120,LOCK RING,3.23
7119936439,Washer,2.36
7119941417,ROLL PIN,5.58
7119942074,DOWEL PIN,4.05
7119949632,RIVET,1.71
7119963041,GASKET RING (Not,0.86
7119963072,Gasket ring,0.79
7119963073,GASKET RING,0.41
7119963130,GASKET RING (Not,0.75
7119963132,Gasket ring,2.42
7119963200,Gasket ring,0.89
7119963252,Gasket ring,1.98
7119963253,GASKET RING,3.05
7119963300,Gasket ring,1.73
7119963308,Gasket ring,0.85
7119963340,GASKET RING,1.14
7119963342,Gasket ring,1.05
7119963384,GASKET RING,3.35
7119963418,GASKET RING (Not,1.03
7119987611,SAFETY CLIP,2.36
7129903809,ISA SCREW,4.73
7129903811,ISA SCREW,7.21
7129903893,Stud bolt,2.06
7129904002,SELF-LOCKING HEX NUT,0.83
7129904329,TORX BOLT,4.47
7129904475,HEX NUT,21.44
7129904553,Hex nut with plate,1.02
7129904629,SCREW,8.61
7129904655,ISA SCREW,4.76
7129904704,ISA SCREW,7.18
7129904819,TORX-BOLT WITH,2.25
7129905120,ISA SCREW,4.32
7129905244,CIRCLIP,5.29
7129905261,ISA SCREW (Not returnable),3.14
7129905471,HEX NUT,2.58
7129905536,ISA screw,2.25
7129905537,ISA SCREW WITH,3.8
7129905538,ISA SCREW WITH,3.23
7129905542,HEX NUT WITH PLATE,1.92
7129905658,ISA SCREW,17.47
7129905835,ISA SCREW WITH,8.59
7129905994,ISA screw (Non returnable),4.44
7129906213,ISA SCREW,7.58
7129906803,ISA SCREW WITH,5.12
7129907073,ISA SCREW,9.11
7129907075,FILLISTER-HEAD SCREW,19.95
7129907080,ISA SCREW,5.56
7129907092,ISA SCREW (Not,4.03
7129907194,ISA screw,1.55
7129907195,ISA SCREW,5.44
7129907373,ISA SCREW,5.35
7129907376,FILLISTER-HEAD SCREW,20.35
7129907377,FILLISTER-HEAD SCREW,12.36
7129907378,ISA SCREW,5.53
7129907379,FILLISTER-HEAD SCREW,5.44
7129907380,ISA SCREW,5.23
7129907381,Fillister-head screw,4.47
7129907382,FILLISTER-HEAD SCREW,4.82
7129907384,ISA screw,4.59
7129907387,SCREW,46.58
7129907390,Fillister-head screw,6.68
7129907393,Fillister-head screw,15.35
7129907397,FILLISTER-HEAD SCREW,9.17
7129907398,Fillister-head screw,4.44
7129907399,FILLISTER-HEAD SCREW,4.23
7129907400,ISA SCREW,4.14
7129907402,FILLISTER-HEAD SCREW,4.02
7129907403,FILLISTER-HEAD SCREW,3.91
7129907404,FILLISTER-HEAD SCREW,3.85
7129907412,FILLISTER-HEAD SCREW,3.82
7129907413,Torx screw,3.79
7129907433,TORX BOLT,3.7
7129907435,ISA screw,9.38
7129907830,FILLISTER-HEAD SCREW,15.44
7129907937,Fillister-head screw,5.35
7129908076,Fillister-head screw,5.71
7129908404,FILLISTER-HEAD SCREW,4.2
7129908415,FILLISTER-HEAD SCREW,10.35
7129908416,Fillister-head screw,7.86
7129908466,Fillister-head screw,5.53
7129908467,Fillister-head screw,4.85
7129908487,Fillister-head screw,5.29
7129908527,Fillister-head screw,14.79
7129908539,FILLISTER-HEAD SCREW,7.45
7129908560,SCREW HANDLEBAR,3.74
7129908643,ISA SCREW,8.73
7129908654,FILLISTER-HEAD SCREW,6.24
7129908658,FILLISTER-HEAD SCREW,6.06
7129909264,FILLISTER-HEAD SCREW,13.21
7129909303,FILLISTER-HEAD SCREW,15.41
7129909318,FILLISTER-HEAD SCREW,12.71
7129909321,FILLISTER-HEAD SCREW,4.47
7129909357,ISA SCREW,5.91
7129909577,TORX SCREW,3.94
7129909646,FILLISTER-HEAD SCREW,9.58
7129909651,FILLISTER-HEAD SCREW,8.27
7129909660,SCREW,5.23
7129909665,FILLISTER-HEAD SCREW,4.47
7129909676,FILLISTER-HEAD SCREW,9.52
7129909733,SECURING CLIP,4.21
7129909834,ISA SCREW,5.56
7129909849,FILLISTER-HEAD SCREW,5.91
7129909859,FILLISTER-HEAD SCREW,4.75
7129909870,FILLISTER-HEAD SCREW,5.74
7129909938,SCREW,7.48
7129952104,Hose clamp,2.41
7141668741,COUNTERSUNK SCREW,6.53
07145A643F5,PIN,17.5
07145A6A437,CHEESE HEAD SCREW,9.76
07145B4D9E4,INTERNAL TORX SCREW,8.33
07145B4D9E5,TORX SCREW,17.71
7147070158,COUNTERSUNK SCREW,22
7147105954,COLLAR BUSH,7.64
7147109290,CHEESE HEAD SCREW,12.42
7147112446,OVAL-HEAD MACHINE,4.2
7147133884,Body nut,1.41
7147135132,FILLISTER HEAD SCREW,0.81
7147136172,EXPANDING RIVET,1.64
7147187828,FILLISTER HEAD SCREW,2.25
7147194471,SCREW FOR PLASTIC,2.98
7147195759,Hex nut,2.97
7147202359,BALL PIN,4.52
7147267586,RUBBER GROMMET,5.81
7147274939,FILLISTER HEAD SELF-,2.98
7147306898,SEALING STRIP,6.38
7147326509,C-CLIP NUT,8.59
7147575163,SELF-LOCKING HEX NUT,1.92
7147693887,C-CLIP NUT,4.41
7147698893,SELF TAPPING SCREW,2.48
7147923169,"FILLISTER-HEAD SCREW, ",27.56
7147923170,"FILLISTER-HEAD SCREW, ",8.39
7148504094,RUBBER GROMMET,5.59
7148535338,Binding head screw,2.64
7148542040,MOUNTING CLIP,4.97
7148870384,BALL PIN,10.32
7149115641,SCREW,2.98
7149149273,Fillister head screw,2.61
7149151606,WASHER,4.61
7149193301,EXPANDING RIVET (Not,0.59
7149200938,C-CLIP FOR PLASTIC NUT,1.92
7149239251,AXIAL SECURING CLIP,3.35
7149467628,RUBBER GROMMET,5.77
7510039646,BMW Gear Oil 80W-90 qt,17
7512240344,"Hydraulic clutch fluid, Blue",19
7512240347,"Hydraulic clutch fluid, Red",19
7512293972,Synthetic gear oil SAF-XO,31.97
7512296486,"Syn gear oil SAF-XO, 200M",13
7512364764,Motorrad Spray Cleaner Po,12
7512407553,Motorrad Spray Cleaner Po,6.5
7512413492,BMW Motorrad Motorcycle,10.41
7559056992,Lubricant Staburags NBU 3,43.16
7559062476,PASTE MP 3,63.4
7580397777,SEALING COMPOUND,46.99
11001341616,REPAIR KIT FOR OIL,29.43
11002300053,REPAIR KIT FOR OIL,29.64
11002317015,REPAIR SET INSPECTION,24.4
11005A6E960,COMPLETE ENGINE,"15,132.42"
11005B76085,COMPLETE ENGINE,"15,132.42"
11008103148,ENGINE,"15,132.42"
11008404182,ENGINE SILVER,"11,819.52"
11008404185,BLACK ENGINE,"11,819.52"
11008536327,"SET, TIMING CHAIN",730.08
11008564619,SHORT ENGINE,"7,289.97"
11009056145,REPAIR KIT FOR OIL,29.25
11009056146,REPAIR KIT FOR OIL,32.17
11009480985,"SET, TIMING CHAIN",441.04
11009480986,"SET, OIL SUPPLY",106.97
11009832055,ENGINE SILVER,"10,682.78"
11117658311,REPAIR SET INSPECTION,26.31
11117664361,PING SENSOR,64.64
11117668387,ISA SCREW WITH,13.36
11117682158,VIBRATION DAMPER,21.94
11117686581,GASKET,30.12
11117694729,O-RING,2.95
11117707905,"GASKET, OIL PAN",63.92
11117707906,GASKET LEFT,35.44
11117728742,SCREW PLUG,8.59
11118358617,Crankcase,"3,367.25"
11118404849,ROLL PIN,87.62
11118523906,Oil-level check,69.49
11118529410,COIL CARRIER,108.28
11118530317,"SCREW PLUG, MAGNETIC",34.09
11118551418,SHAFT SEAL - Rear Main,47.82
11121025095,KIT VALVE COVER SEALS,160.55
11121027894,"KIT, SEAL, CYLINDER ",129.63
11121338426,Valve Cover Gasket,9.6
11121341117,SCREW,20.02
11121341707,Interior gasket,10.58
11121341708,Exterior valve cover gasket,42.45
11121341784,O-RING,7.62
11121341873,COVER,24.74
11121464823,Cylinder head cover gasket,94.52
11121726238,DOWEL,1.67
11121726241,DOWEL,2.11
11121726242,DOWEL,1.64
11121726244,DOWEL,3.86
11122247194,HEX BOLT,4.56
11127105493,"IGNITION COIL COVER, ",57.42
11127109249,"IGNITION COIL COVER, ",408
11127109299,"IGNITION COIL COVER, ",57.42
11127109363,ROCKER BOX COVER,521.91
11127652921,GASKET,63
11127654223,INNER HEX BOLT WITH,23.21
11127654978,Rubber bush,5.14
11127658634,Isa screw with bush,24.92
11127670162,ROCKER BOX COVER,643.99
11127674645,Exterior cylinder head cover,57.02
11127674654,Rubber bush,5.09
11127677368,OIL COVER LID,9.69
11127690461,CYLINDER HEAD GASKET,106.82
11127698958,SCREW WITH BUSH,27.44
11127700196,Gasket,32.91
11127713808,WASHER,4.92
11127713809,Exterior gasket,76.72
11127713810,Gasket,51.17
11127713811,SLS INSERT,73.86
11127713823,WASHER,9.15
11127720059,ISA SCREW (Not returnable),4
11127723216,"Gasket kit, cylinder head *fits ",188.83
11127723428,"VALVE COVER, GRANIT-",506.71
11127726964,O-RING SET,29.44
11127728760,"Gasket set, cylinder head",221.53
11127728976,"SPARK PLUG COVER, ",33.45
11127923595,"CYLINDER HEAD COVER, ",506.71
11127923596,"CYLINDER HEAD COVER, ",506.71
11127923611,"IGNITION COIL COVER, ",250
11127923612,"IGNITION COIL COVER, ",250
11128358963,INLET CAMSHAFT,"2,631.63"
11128394373,"CYLINDER HEAD COVER, ",506.71
11128409878,"IGNITION COIL COVER, ",585.61
11128520212,ISA SCREW WITH BUSH,23.68
11128520621,"Gasket set, cylinder head",192.02
11128523552,SCREW WITH BUSH,29.92
11128526288,OIL COVER LID,9.84
11128542057,"Seal kit, cylinder head cover, ",125.88
11128542058,"Seal kit, cylinder head cover, ",125.88
11128549654,"CYLINDER HEAD COVER, ",631.45
11128552202,CYLINDER HEAD GASKET,89.58
11128556425,CYLINDER HEAD GASKET,184.45
11129443751,"IGNITION COIL COVER, ",692.06
11129443752,"IGNITION COIL COVER, ",692.06
11129457539,"CYLINDER HEAD GASKET, ",105.39
11129457540,"CYLINDER HEAD GASKET, ",105.39
11129480983,SEAL SET FOR CYLINDER,204.2
11129899381,Set of gaskets Cylinder head,91.94
11129899963,CYLINDER HEAD BOLT,12
11131460425,O-ring,6.45
11137676132,ISA screw,2.21
11137685983,Oil drain plug,18.17
11138359126,OIL DRAIN PLUG,40.3
11138536827,OIL DRAIN PLUG,40.3
11138562747,OIL PAN,304.32
11141340900,Oil cover lid,11.97
11141340901,O-ring,2.27
11141341262,RUBBER BUFFER,11.35
11141460934,Bush,2.21
11141461466,GASKET,63.92
11141461475,Rubber bush,4.22
11142343038,SHAFT SEAL,37.12
11145A8A919,"ENGINE HOUSING COVER, ",907
11147108058,ALTERNATOR COVER,408.36
11147659578,Filler pipe,9
11147668216,Interior gasket,10.16
11147670688,GASKET RIGHT,24.8
11147675733,"Spark plug cover, left",26.73
11147675734,"SPARK PLUG COVER, ",26.73
11147678478,ISA screw,2.45
11147724485,ISA SCREW,5.29
11147727974,GASKET,31.06
11148526646,OIL TANK,130.42
11148527544,GASKET,33.48
11148563763,ISA SCREW,4.82
11148568812,ALTERNATOR COVER,408.36
11148568825,"GASKET, CLUTCH COVER",29.26
11148568826,SCREW PLUG,11.33
11149829590,Clutch cover,408.36
11149829741,FRONT COVER MILLED,"1,847.54"
11149832013,ALTERNATOR COVER,408.36
11158529308,SHAFT SEAL,33.74
11158530472,O-RING,11.32
11211460673,HEX NUT,22.21
11211460696,COMPRESSION RING,25.91
11211464939,STOP DISK,43.58
11217690499,GUIDE BEARING SHELL,65.09
11218358808,CRANKSHAFT,"3,045.91"
11218520163,MAIN BEARING SHELL,50.06
11218520169,BEARING SHELL GREEN,50.06
11218530252,MAIN BEARING SHELL /,65.09
11218530298,GUIDE-BEARING SHELL,71.56
11218552227,CRANKSHAFT,"1,064.28"
11218552325,MAIN BEARING SHELL /,50.06
11218552328,MAIN BEARING SHELL,50.06
11218565621,CRANKSHAFT,"2,678.86"
11221341472,Collar screw,10.91
11247688359,CONNECTING ROD BOLT,15.41
11247690500,CONNECTING ROD,57.58
11247694762,"BEARING SHELL, ROD ",65.09
11247720343,Connecting rod bolt,15.12
11248530267,CONNECTING ROD BOLT,8.2
11248530273,CONNECTING ROD,65.09
11248536350,CONNECTING ROD CLASS,"2,390.58"
11248536353,CONNECTING ROD BOLT,46.21
11248551566,"BEARING SHELL, RED",50.06
11248565642,Connecting rod (3xgelb/KL.,299.86
11251335476,LOCK RING,6.05
11257702433,REPAIR KIT PISTON,171.96
11258530236,LOCK RING,6.05
11258565669,REPAIR KIT PISTON,238.01
11268350926,GENERATOR DRIVE,858.8
11268350960,GENERATOR DRIVE,859.11
11268536255,SHAFT SEAL,37.12
11277686883,ISA SCREW,12.3
11277688360,CONNECTING ROD BOLT,16.53
11277690501,BEARING SHELL,65.09
11308358844,NEEDLE ROLLER AND,40.85
11312343091,GASKET RING,3.23
11315A657F5,CHAIN TENSIONER,197.14
11315B39D97,Screw plug,8.55
11317108586,SET CHAIN TENSIONER,182.29
11317656922,PISTON LEFT,129.9
11317688629,CYLINDER F CHAIN,64.95
11317690475,TIMING CHAIN,172.41
11317690476,O-RING,5.09
11317690493,CHAIN TENSIONER,23.44
11317705460,O-RING SET,20.59
11317718076,DOWEL PIN,7.24
11317721041,CHAIN TENSIONER,191.39
11317728284,GASKET,41.21
11317924590,GASKET RING,8.85
11318358843,AXLE TIMING CHAIN,94.54
11318528385,RIBBED V-BELT,58.91
11318531009,SET OF CHAIN,150.29
11318534849,"SCREW PLUG, SILVER",77.15
11318542060,SET OF CHAIN,173.19
11318564299,COVER FOR CHAIN,86.97
11319444423,KIT CHAIN TENSIONER,182.29
11337720729,VALVE LIFTER,48.77
11337720733,VALVE LIFTER,48.77
11338389397,ROCKER ARM,183.97
11347687602,VALVE SEAL RING,11.13
11347718092,Adjusting plate,8.97
11347718093,Adjusting plate,9.11
11347718094,Adjusting plate,8.97
11347718095,Adjusting plate,9.49
11347718096,Adjusting plate,9.11
11347718097,Adjusting plate,9.11
11347718099,Adjusting plate,9.17
11347718100,Adjusting plate,8.97
11347718102,Adjusting plate,9.11
11347719091,Adjusting plate,9.11
11347719092,Adjusting plate,8.97
11347719093,Adjusting plate,8.97
11347719094,Adjusting plate,10.29
11347719095,Adjusting plate,8.97
11347719097,Adjusting plate,10.29
11347719098,Adjusting plate,8.97
11347719099,Adjusting plate,9.17
11347721176,Semi-sphere,13.54
11347721178,Semi-sphere,10.96
11347721180,Semi-sphere,10.96
11347721182,Semi-sphere,10.96
11347721184,Semi-sphere,10.96
11347721186,Semi-sphere,10.96
11347721187,Semi-sphere,10.96
11347721188,Semi-sphere,12.2
11347721189,Semi-sphere,12.2
11347721190,Semi-sphere,12.2
11347721191,Semi-sphere,12.2
11347721192,Semi-sphere,10.96
11347721193,Semi-sphere,12.2
11347721194,Semi-sphere,10.96
11347721195,Semi-sphere,10.96
11347721196,Semi-sphere,10.96
11347721197,Semi-sphere,10.96
11348563589,ADJUSTING PLATE,12.2
11348563593,ADJUSTING PLATE,12.2
11348563595,ADJUSTING PLATE,12.2
11348563599,ADJUSTING PLATE,12.2
11348563601,ADJUSTING PLATE,12.2
11348563603,ADJUSTING PLATE,12.2
11348563605,ADJUSTING PLATE,12.2
11348563607,ADJUSTING PLATE,12.2
11348563609,ADJUSTING PLATE,12.2
11348563611,ADJUSTING PLATE,12.2
11348563617,ADJUSTING PLATE,12.2
11348563619,ADJUSTING PLATE,12.2
11348563623,ADJUSTING PLATE,12.2
11348563627,ADJUSTING PLATE,12.2
11348566429,SET VALVE SPRING CUPS,71.13
11408406854,O-RING,10.35
11412343118,OIL FILTER INSERT,22.53
11417526315,TORX SCREW,2.25
11417652949,Gasket ring,4.03
11417672166,OIL FILTER,16.88
11417690445,OIL STRAINER,19.88
11417690447,O-RING,4.64
11417720966,OIL PUMP,297.11
11417729645,O-ring,6.89
11418405736,O-RING SET,20.97
11418524135,CONSTANT PRESSURE,65.91
11418545693,OIL THERMOSTAT,116.08
11418569196,OIL AND COOLANT PUMP,612.08
11421338509,OIL COOLING PIPE,86.92
11421460845,Oil filter,26.19
11425B70298,OIL FILTER,26.19
11425B79146,OIL FILTER,26.19
11427105320,OIL FILTER R1300,22.53
11427673541,Oil filter,26.19
11427721779,Oil filter,25.5
11428404176,O-RING,4.73
11428409567,"Oil filter, black",25.5
11428523455,"Set, oil filter screen",33.5
11428562889,Oil filter,19.64
11437708131,DIPSTICK,45.27
11438552521,O-RING,4.7
11438560294,O-RING,11.26
11438562876,O-RING,3.09
11438562890,FLANGE,13.34
11447708310,PREFORMED SEAL,22.32
11508568849,O-RING,5.38
11517690488,GASKET,19.24
11517690492,O-RING,5.8
11518524996,PROFILE-GASKET,30.12
11518545703,"Set, sealing ring for coo",41.02
11538568848,"COVER, THERMOSTAT ",42.41
11611464912,CLAMP,9.98
11617710724,MUFFLER CLAMP,6.95
11718520274,POWER STRIP,116.46
11737708937,"SWITCHING VALVE, ",328.31
11787650156,FIXING CLAMP,4.97
11787716654,OXYGEN SENSOR,413.18
11788405117,OXYGEN SENSOR,413.18
11788567154,OXYGEN SENSOR,425.95
11789457295,HOLDER,16.38
11844B07174,BUSH,10.03
11845A6A026,SPACER BUSH,6.38
11845A97F70,BUSH,39.53
11845A9D3E5,LEFT ENGINE,481.29
11845A9D3E6,RIGHT ENGINE,481.29
11845A9D3E7,LEFT ENGINE,481.29
11845A9D3E8,RIGHT ENGINE,481.29
11845B38938,GROMMET,5.32
11845B4C017,ENGINE GUARD SET,380
11845B69877,RUBBER BUFFER,47
11847106233,LEFT ENGINE,481.29
11847106234,Right engine protection bar,481.29
11847914425,ENGINE GUARD ENDURO,453
11847921896,RIGHT ENGINE,420.53
11848544599,MOUNTING KIT ENGINE,36
11848544832,BUSH,9.29
11848548599,BRACKET LEFT,467.28
11848829202,HOLDER ENGINE GUARD,36
12112306137,Ignition sensor,613.16
12117673277,Ignition sensor,661.34
12121243182,IGNITION WIRE,51.8
12121338145,SPARK PLUG,9.68
12121338146,SPARK PLUG (Not,7.95
12121342125,SPARK PLUG,13.45
12121464293,SPARK PLUG,13.45
12121465104,SPARK PLUG,19.31
12121705656,Circular connector,2.63
12122343144,SPARK PLUG,18.43
12127653771,SPARK PLUG,23.06
12127664404,SPARK PLUG,19.54
12127671301,SPARK PLUG,17.07
12127677560,SPARK PLUG,12.51
12127681415,SPARK PLUG,22.13
12127690603,SPARK PLUG,18.43
12127719772,SPARK PLUG,26.5
12127726112,SPARK PLUG,26.5
12127728634,SPARK PLUG,23.06
12127728635,SPARK PLUG,33.13
12127728657,SPARK PLUG,33.13
12128036160,RUBBER GROMMET,4.36
12128396344,SPARK PLUG,24.44
12128396345,SPARK PLUG,33.13
12128532942,SPARK PLUG,26.5
12128560811,SPARK PLUG,33.13
12128569360,Spark plug,23.06
12129062217,SPARK PLUG,8.26
12129062594,SPARK PLUG,9.68
12129829073,SPARK PLUG,26.5
12131243452,IGNITION COIL,155.11
12131244142,IGNITION COIL,112.04
12131341978,IGNITION COIL,303.52
12131542973,IGNITION COIL,263.92
12135B36BF1,IGNITION COIL,263.92
12137710874,IGNITION COIL,263.92
12138520154,IGNITION COIL,263.92
12138523972,SPARK-PLUG SHAFT,263.92
12138526677,SPARK-PLUG SHAFT,263.92
12138560173,SPARK-PLUG SHAFT,263.92
12138567157,IGNITION COIL,263.92
12141748398,O-ring,6.38
12142325284,IGNITION CONTROL UNIT,232.31
12311243001,FIELD COIL,264.63
12311341779,RIBBED V-BELT,49.09
12315A95696,RIBBED V-BELT,58.91
12315A95697,RIBBED V-BELT,58.91
12315B71B02,ALTERNATOR,387.43
12317681841,RIBBED V-BELT,49.09
12317691956,STARTER,752.59
12317715081,ALTERNATOR WITH,"1,512.61"
12317718420,ALTERNATOR,"1,680.70"
12318406639,ALTERNATOR,"1,680.70"
12318524422,ALTERNATOR,"1,671.44"
12318556028,ALTERNATOR,"1,680.70"
12319467618,VOLTAGE REGULATOR,377.64
12411350775,RELAY,222.54
12412306700,STARTER,752.59
12418532735,"SET, SUPPLEMENTARY ",340.13
12418559213,STARTER,714.94
12418562101,STARTER,714.94
12419457327,STARTER,714.94
12421437633,EARTH STRAP,45.3
12518556757,ENGINE WIRING HARNESS,771.31
12521741316,TUBING SUPPORT,2.24
12618393603,OIL LEVEL /,292.42
12727674201,CRANKSHAFT SENSOR,217.39
12727694010,O-RING,5.71
12728523317,CAMSHAFT POSITION,114.76
13111254738,Csk.fillister head srew,1.23
13111254764,Float Bowl Gasket,5.1
13111259869,FILLISTER HEAD SCREW,2.28
13111259870,GASKET RING,3.61
13311460928,Hose clamp,5.11
13317659120,Connecting sleeve,39.76
13317671344,HOSE CLAMP,6.73
13531274729,CLAMP (Not returnable),1.7
13531341066,O-RING,5.18
13531341067,O-RING,6.59
13532325737,HOSE RUNNING METER,70.64
13537563456,FUEL HOSE,68.93
13537674765,Quick-release coupling,43.27
13537694732,FUEL FILTER,54.33
13537699561,INLET FUEL HOSE,81.26
13537700797,O-ring,11.45
13537700800,Quick-release coupling,61.5
13537703172,FUEL DISTRIBUTOR,189.39
13537705871,FUEL PRESSURE,144.59
13537708042,INLET FUEL HOSE,81.26
13537723638,FUEL HOSE,119.24
13538543955,RETOUR FUEL HOSE,95.36
13538558301,QUICK-RELEASE,43.27
13538567882,SET FUEL HOSES,110.14
13538569876,SET FUEL FILTER,27.17
13547685323,LEFT THROTTLE,345.41
13547685324,RIGHT THROTTLE,323.81
13547694924,PROTECTION CAP,1.71
13547717905,THROTTLE VALVE,247.74
13548532988,FUEL-PRESSURE SENSOR,238.79
13548545069,THROTTLE HOUSING,"2,291.35"
13549444533,FUEL DISTRIBUTOR WITH,300.59
13617108506,CONTROL UNIT,"1,893.82"
13617672335,INJECTION VALVE,239.86
13617713379,FSC SHIFT ASSISTENT,0.75
13617720836,SOCKET WITH SHOULDER,10.42
13618392346,CONTROL UNIT,"1,893.82"
13618521661,CONTROL UNIT,"1,799.11"
13618543376,CONTROL UNIT,"1,836.99"
13618545879,ENABLING CODE,51
13618559224,Control unit (BMS-X EWS4),"1,893.82"
13621743299,O-RING,2.69
13628387845,SENSOR,171.99
13628519445,INTAKE AIR,122.21
13628658854,O-RING,8.5
13629899008,INTAKE AIR,72.11
13635A69A91,EXHAUST CAMSHAFT,842.11
13711341528,Air filter element,38.81
13711342368,RETOUR FUEL HOSE,81.26
13711464916,Air filter element,48.11
13715B36851,AIR FILTER ELEMENT,21.43
13717106116,AIR CLEANER,38.81
13717650976,AIR FILTER ELEMENT,44.63
13717659972,AIR FILTER ELEMENT,32.15
13717672552,Air filter element,38.81
13717678281,Air filter element,36.09
13717703583,Air filter element,53.57
13717705608,Cap,5.26
13717706414,Air filter element,38.81
13717712317,Air filter element,78.11
13717713428,Air filter element (need 2),44.09
13717717840,INTAKE TUBE,61.92
13717717842,Air filter element,53.57
13717718331,AIR FILTER ELEMENT,205.3
13717723641,SEAL FOR INTAKE,15.88
13717728301,GASKET,16.76
13718411061,AIR CLEANER,34.89
13718529998,Air filter element,40.17
13718534200,Air filter element,32.15
13718552527,O-RING,15.89
13718556564,Air filter element,17.61
13718561315,INTAKE MUFFLER,"1,163.66"
13721342355,AIR CLEANER,38.81
13721460337,AIR FILTER ELEMENT,53.57
13725A72844,AIR FILTER INSERT 1300,44.63
13725B342A1,AIR FILTER ELEMENT,44.63
13725B6B170,AIR FILTER ELEMENT,53.57
13727718375,AIR FILTER ELEMENT,38.56
13727724933,Air filter element,34.04
13727726799,Air filter element,44.63
13728406673,AIR FILTER ELEMENT,36.39
13728561572,AIR CLEANER,40.17
13729444643,AIR FILTER ELEMENT,53.57
13901716097,SLEEVE,17.01
16111542673,FUEL TANK,"3,152.23"
16112309404,INTERMEDIATE PLATE,39.51
16112313045,RUBBER MOUNTING,6.86
16112313079,RUBBER WASHER,7.36
16112313574,HOSE CLAMP,4.5
16112328784,GROMMET,5.24
16112347604,GASKET,17.71
16114080176,PIN,8.73
16117105878,PIN FUEL TANK FRONT,9.68
16117107606,Tank lid,645.78
16117666735,QUICK-RELEASE,43.27
16117675116,FLANGE,247.95
16117677883,Gasket,16.97
16117700995,Gasket,16.97
16117706777,FILLER CAP,304.09
16117718574,FUEL HOSE,70.64
16117923179,SEAL,18.68
16118549495,TANK LID,569.99
16121176918,Hose clamp,5.09
16121180040,Fuel hose,37.86
16121461576,FUEL PUMP,507.45
16122307113,FUEL TAP LEFT,73.56
16122307114,FUEL TAP RIGHT,73.56
16125B49FD2,SET FUEL HOSES,113.03
16131379229,HOSE CLAMP,2.34
16137656904,FUEL PUMP ASSY,537.28
16138548888,ACTIVATED CHARCOAL,117.85
16141180474,RUBBER MOUNTING,26.74
16141341008,O-ring,8.73
16141341231,FUEL PUMP,507.45
16141341232,VIBRATION DAMPER,33.5
16141341233,STRAINER,99.72
16141600132,FUEL LEVEL SENSOR,340.91
16141600133,FUEL LEVEL SENSOR,367.45
16142305760,FUEL HOSE,70.64
16142305761,DAMPER RING,27.61
16142305762,PUMP OUTLET CAP,35.7
16142305763,PUMP INLET CAP,35.7
16142305764,FIXING CLAMP,24.76
16142306896,HOSE,65.97
16142325808,Hose,61.41
16142325859,Fuel filter,54.33
16142347285,GASKET,96.85
16147675547,Fuel level sensor,297.15
16147680369,FUEL PUMP ASSY,567.14
16147680379,FUEL PUMP,537.28
16147684348,FUEL PUMP UNIT WITH,567.14
16147705376,FUEL PUMP ASSY,567.14
16147707255,"BRACKET, LEVEL SENSOR",33.88
16147708047,Fuel pump assy,567.14
16147708071,FUEL PUMP ASSY,567.14
16147722876,Preformed seal,13.59
16147723464,FUEL PUMP ASSY,483.55
16148393848,FUEL-PUMP UNIT,596.97
16148414916,FUEL FILTER,221.84
16148523697,"FUEL PUMP, ELECTRONIC",370.77
16148544012,FUEL PUMP ASSY,596.97
16148545351,FUEL PUMP UNIT WITH,298.49
16148549916,Retrofit kit,7.24
16148551342,STRAINER,106.16
16148554064,LEVER SENSOR,257.2
16148554065,LEVER SENSOR,257.2
16148554921,FUEL PUMP UNIT,596.97
16148563526,FUEL PUMP ASSY,596.97
16148564596,FUEL PUMP ASSY,596.97
16149444697,ANGLE CONNECTOR,85.61
16149444698,FLANGE,149.54
16149829178,FUEL PUMP ASSY,537.28
16149829183,FUEL PUMP ASSY,537.28
16149829217,QUICK-RELEASE,43.53
17111460922,HOSE CLAMP,5.09
17117105798,COVER LID,60.53
17117695769,COVER LID,59.07
17117720095,FAN,837.76
17118356804,RADIATOR,"1,542.95"
17118356806,ROD,95.92
17128523491,BANJO BOLT WITH CHECK,42.35
17218356820,OIL COOLER,803.42
17227680668,O-RING,5.94
18128521650,"REAR MUFFLER, CHROME ","2,130.00"
18217672804,EXHAUST SEAL,12.67
18217676551,SECURING NUT,4.91
18217713581,"THRUST WASHER, LARGE",22.32
18217713582,RUBBER INSULATION,18.97
18219062599,ASSEMBLING PASTE,34.21
18407571440,HEX NUT,1.92
18511687312,REAR MUFFLER,"1,600.00"
18515A657B7,KIT SPORTS MUFFLER,522.08
18515A657C2,"MUFFLER, RIGHT","2,130.00"
18517108144,REAR MUFFLER,"2,560.00"
18517708081,SPACER SLEEVE,10.85
18517708082,FORMED DISC,37.37
18517726822,Exhaust seal,14.41
18517726826,CLAMP,57.43
18517728002,RUBBER INSULATION,15.21
18518404387,EXHAUST MANIFOLD,"6,438.01"
18518405432,CIRCLIP END MUFFLER,57.43
18518529128,Body screw without should,3.52
18518531936,BODY SCREW WITHOUT,4
18518542088,Gasket for exhaust manifo,13.06
18518550506,TRIM FOR FRONT,147.5
18518558449,TRIM FOR END MUFFLER,174.82
18518568182,WASHER,21.47
18519443059,"SERVO UNIT, EXHAUST ",372.7
18519443083,COLLECTOR,"2,541.74"
18519444010,"MUFFLER, RIGHT","2,130.00"
18519445090,REAR MUFFLER,"1,350.00"
18519445093,GASKET FOR EXHAUST,20.24
18519457919,MUFFLER SYSTEM,"1,710.00"
18519830141,SPORT MUFFLER,"2,560.00"
21211231463,Fillister-head screw,2.62
21211454417,SCREW,15.23
21211541034,SET DISC SET,940.29
21212332469,INNER HEX BOLT,1.83
21212332974,PRESSURE PLATE,335.11
21215A6CEF6,PRESSURE PLATE,215.06
21215A6F9A8,CLUTCH PACKAGE 1250,"1,075.62"
21215A7E1F0,SET DISC SET,691.12
21215B8C5A2,OUTPUT CLUTCH,"1,109.21"
21217670455,CLUTCH PLATE,370.58
21217688214,DIAPHRAGM SPRING,269.93
21217715306,LAMELLAR PACKAGE,925.15
21217715324,COLLAR NUT,63.56
21217724789,SPRING SET,302.19
21217923036,OUTPUT CLUTCH,"1,109.21"
21218387911,MOUNTING PARTS SET,15.5
21218392359,COLLAR NUT,23.06
21218529448,LAMELLAR PACKAGE,651.01
21218529450,CLUTCH PACKAGE,965.69
21218529921,WASHER,17.27
21218537774,CRANKSHAFT,"2,456.34"
21218543675,COUPLNG CAP,"1,384.49"
21218543676,COUPLNG CAP,"1,384.49"
21218543677,COUPLNG CAP,"1,384.49"
21218548392,DRIVING PLATE,19.24
21218555833,NUT,46.71
21218564359,CLUTCH,764.25
21218566432,LAMELLAR PACKAGE,339.68
21218566433,SET COUPLING SPRINGS /,57.91
21218568736,CLUTCH,764.25
21218568737,CLUTCH,764.25
21219443307,OUTPUT CLUTCH,"1,190.81"
21219480573,SET RETAINING PLATE,175.12
21522332604,Gasket ring,1.7
21527714159,O-Ring,12.85
23005B3EE58,CHAIN PINION,61.93
23005B42036,SCREW PLUG WITH O-,12.68
23005B42177,SET SEAL OUTPUT SHAFT,111.05
23007105444,RELEASE LEVER CLUTCH,148.14
23007711960,POTENTIOMETER WITH,312.43
23007718016,POTENTIOMETER WITH,312.43
23007924013,SET GEARSHIFT LINKAGE,165.32
23008371445,SET OF RADIAL SHAFT,50.61
23008388422,DRIVE MOTOR,467.9
23008393977,SET WASHERS/SNAP,74.68
23008393979,SET OF BEARINGS FOR,416.89
23008394006,SET FOR INPUT SHAFT,"1,133.51"
23008394011,"WASHERS/SNAP RINGS, ",65.41
23008404494,SET CHAIN SPROCKET,82.6
23008405587,SET GEARSHIFT LINKAGE,165.32
23008555840,SET OF SHIMS,92.14
23008569916,SECURING PLATE,10.48
23008569917,CHAIN PINION,91.74
23008569921,NEEDLE ROLLER AND,49.7
23008569927,NUT,38.15
23127705087,Shaft seal - Output Shaft,37.12
23127709904,SHAFT SEAL,37.12
23131241849,SPRING,4.03
23131241872,CLAMP,17.74
23131338731,Cup,36.75
23131464167,PISTON,153.49
23211230440,FELTRING,12.45
23411541467,SHIFT LEVER,315.46
23415A73DA0,FOOT-OPERATED SHIFT,368
23415B54763,GEARSHIFT LEVER,238.96
23417108055,GEARSHIFT LEVER,223
23417675530,BUSHING,20.76
23417684914,FILLISTER HEAD SCREW,7.58
23417688853,"SHIFT LEVER, SILVER",202.54
23417717108,BUSHING,20.76
23417718886,PROTECTION CAP,11.58
23417728108,OVAL-HEAD SCREW WITH,5.71
23417922090,GEARSHIFT ROD,89.42
23417922097,RUBBER,23.49
23417923281,GEARSHIFT LEVER,335
23418355688,SHIFT ASSISTANT PRO,"1,030.00"
23418406846,SHIFT LEVER,69.58
23418526735,SELECTOR ROD,86.82
23418529825,"SHIFT LEVER, ",217
23418534689,Shift lever,66.15
23418536884,SHIFT ASSISTANT PRO,"1,000.00"
23418545533,SHIFT ASSISTANT PRO,"1,000.00"
23418557661,MOUNT FOR SHIFT LEVER,52.09
23418557752,SHIFT LEVER,69.58
23418560133,COLLAR BUSH,12.67
23418561671,SHIFT LEVER,278.43
23418569030,TRANSMISSION SHIFT,107.3
23419442999,FOOT-OPERATED SHIFT,329.78
23419443081,FOOT-OPERATED SHIFT,262.89
23419467868,PIN,132.55
23419467875,RUBBER,19.14
23419467877,BUSH,29.98
23419899342,FOOT-OPERATED SHIFT,286.77
24818405745,SET OF ROLLER WEIGHTS,103.62
24818552185,CVT DRIVE DISC,"1,109.55"
24828395830,DRIVE BELT FOR CVT,398.51
27717711759,LOCK RING,6.88
27717711760,SHAFT SEAL,47.65
27717711762,ABSORBER,45.68
27718523193,GROOVED BALL BEARING,66.71
27727682439,CHAIN,158.5
27727711036,REPAIR KIT FOR JERK,92.2
27727720938,CHAIN LOCK,12.57
27727721204,CHAIN,255.1
27727728084,FILLISTER HEAD SCREW,5.38
31421234509,RING,14.68
31421754557,LID RIGHT,244.6
31422310346,BUSH,42.28
31422311980,Cup,34.08
31422311986,BUSH,32.91
31422311988,Shaft seal,27.27
31422311989,LOCK RING,5.32
31422312836,Cup,34.52
31422312837,SUPPORTING RING,5.8
31422314056,"BOLT CAP, LEFT",68.65
31422314058,SPACER,15.82
31422314303,CAP RIGHT,6.89
31422314304,COVERING CAP,12.05
31422314426,SHAFT SEAL,30.38
31422314501,AXLE,193.23
31422314630,SHIM,6.73
31422314724,GROOVED BALL BEARING,48.91
31422314981,O-RING,5.03
31422345526,BLACK TRAILING ARM,"1,039.69"
31425A95630,SET OF GASKETS,126.17
31425B6F003,SLIDER TUBE LEFT,"1,038.72"
31427663941,TAPERED ROLLER,106.65
31427666217,SNAP RING,8.11
31427666219,O-RING,4.47
31427666223,DUST PROTECTION,50.91
31427666224,SUPPORTING RING,8.83
31427666225,GASKET RING,37.12
31427666226,SHIM,12.06
31427666227,GUIDE BUSH,42.28
31427674776,O-RING,6.55
31427674902,"SPRING STRUT, FRONT","2,028.09"
31427677987,RING,7.14
31427677988,SLEEVE,4.05
31427684743,Hex nut wiht flange,7.32
31427692248,CAP,14.68
31427702838,DUST PROTECTION,45.79
31427702839,SHIM,5.8
31427702841,PISTON RING,9.31
31427708518,BADGE,74.27
31427708914,SLIDER TUBE RIGHT,920.78
31427709768,SLIDING SLEEVE,42.28
31427713304,"FLOATING AXLE, FRONT",228.66
31427718388,GROOVE NUT,28.8
31427718392,BEARING,113.38
31427719251,STOP BUFFER,5.97
31427720040,GASKET RING,13.02
31427924575,FORK LEG LEFT,"3,617.72"
31427924576,FORK LEG RIGHT,"3,617.72"
31428350915,RUBBER BOOT,76.95
31428358657,SET OF GASKETS,111.39
31428393005,"FORK ROD, BLACK, LEFT","2,082.29"
31428396077,Bush,31.88
31428405595,SLIDER TUBE LEFT,"1,038.72"
31428405605,"STANCHION, GOLD","1,326.03"
31428521942,GASKET RING,42.55
31428521943,GUIDE BUSH,42.28
31428526066,LOWER FORK CROSS,"1,085.91"
31428526067,FORK LEG LEFT,"3,617.72"
31428526068,FORK LEG RIGHT,"3,617.72"
31428532722,HEX BOLT,8.55
31428532723,Set of sealing elements,97.05
31428532724,SET OF GUIDE ELEMENTS,56.36
31428534232,SET OF GASKETS,116.47
31428537724,Stop buffer,6.21
31428544703,BEARING COVER,32.15
31428548263,Set of gaskets,126.17
31428548264,SET OF PLAIN BEARINGS,56.36
31428548880,SET OF GASKETS,120.67
31428552602,STANCHION,"1,226.08"
31428565345,FORK LEG LEFT,"3,106.76"
31428566535,"INNER TUBE, BLACK, LEFT","1,394.08"
31428828808,SET OF PLAIN BEARINGS,56.36
31428828809,SET OF SEALING,120.67
31429062158,TELESCOPIC FORKS OIL,35
31429829759,FORK LEG LEFT,"3,617.72"
31429829760,FORK LEG RIGHT,"3,617.72"
31429831927,FORK BRIDGE LOWER,"1,085.91"
31429898299,CAP,131.4
31488522978,"SPRING STRUT, FRONT",920.23
31488531365,"BALL PIN, TOP",10.14
31488550092,FILLISTER HEAD WITH,17.53
31488563286,"SPRING STRUT ESA, LOW ","2,478.76"
32411131346,Hose clamp,3.12
32711600247,HANDLEBAR,496.59
32711614641,HANDLEBAR,456
32715A738B5,"HANDLEBAR, LEFT",421.45
32715A738B6,"HANDLEBAR, RIGHT",421.45
32717107961,"CLAMP SUPPORT, BLACK, ",92
32717107963,"CLAMP SUPPORT, BLACK, ",92
32717717088,HANDLEBAR VIBRATION,69.56
32717717802,COUNTERSUNK HEAD,23.89
32717721663,CONTROL ARM BRIDGE,497.23
32717727680,PLATE WITH PLATE,74.27
32717727920,HANDLEBAR VIBRATION,80.01
32717923068,KIT HANDLEBAR RISERS,178
32718392574,HANDLEBAR VIBRATION,34.8
32718396665,SCREW,7.77
32718404641,HANDLEBAR VIBRATION,71.71
32718414906,HANDLEBAR VIBRATION,71.71
32718526035,HANDLEBAR VIBRATION,34.8
32718526494,HANDLEBAR VIBRATION,58
32718540803,"CLIP MOUNT, UPPER LEFT",89
32718540804,"CLIP MOUNT, UPPER ",89
32718554119,HANDLEBAR,207.83
32718560669,"HANDLEBAR, LEFT",545.54
32718560670,"HANDLEBAR, RIGHT",545.54
32718562014,HANDLEBAR,207.83
32718563803,HAND PROTECTOR LEFT,50
32718563804,HAND PROTECTOR RIGHT,50
32721233538,COVER,23.08
32721233550,NIPPLE HOLDER,14.36
32722320568,"COUNTERSUNK SCREW, ",3.15
32722333062,LOCK RING,14.12
32722333063,RUBBER BOOT,14.05
32722333158,VENTILATION SCREW,83.51
32725A75E38,HANDBRAKE LEVER,827.31
32725A7C267,CLUTCH CONTROL,361.43
32725A7C268,CLUTCH LEVER,176.27
32725A99978,HANDBRAKE LEVER,910
32725B526B9,BRAKE LEVER,343
32725B55BA9,SET OF DUAL,141.43
32725B672D6,BRAKE LEVER M,343
32725B672D9,CLUTCH LEVER M,343
32727107629,COVER,16.7
32727108118,"CLAMP, RIGHT",56
32727108206,"M clutch lever, folding",343
32727650283,HANDLE TUBE,34.89
32727650284,CABLE ROLLER,30.18
32727665445,"MAINTENANCE KIT, ",158.8
32727688439,"CLUTCH LEVER, ",325.32
32727695221,VENT SCREW,21.31
32727695222,DUST CAP,13.08
32727722331,BOOT,33.2
32727723288,Hose clamp,3.32
32727727017,HANDBRAKE LEVER,176.27
32727727634,GRILL INSERT,38.46
32727729268,HANDBRAKE LEVER,176.27
32727914881,SET CLUTCH LEVERS,176.27
32727923467,CLUTCH LINE,77.44
32727923888,COVER PANEL FOR,178
32728104643,HANDBRAKE LEVER,827.31
32728104644,BRAKE LEVER,176.27
32728388865,HANDBRAKE CONTROL,827.31
32728389068,SET OF DUAL,141.43
32728389435,CLUTCH LEVER,171.82
32728396913,SET CLUTCH LEVERS,128.71
32728405671,BRAKE LEVER,161.42
32728405751,BRAKE LEVER,317.29
32728406764,CLUTCH LEVER,317.29
32728525819,"SET OF CAPS, FLUID ",88.74
32728525822,HANDBRAKE LEVER,176.27
32728525826,CLUTCH LEVER,176.27
32728532636,BOOT,33.2
32728533739,HANDBRAKE LEVER,176.27
32728534367,Pipe clamp,73.58
32728536872,CONTROL ASSEMBLY,803.2
32728537608,SET OF MICROSWITCHES,82.73
32728537609,SET OF DUAL,141.43
32728542295,PIPE CLAMP,74.03
32728542296,PIPE CLAMP RIGHT,74.03
32728543109,COUNTERSUNK SCREW,6.18
32728559467,CLUTCH CONTROL,321.27
32728566734,HANDBRAKE LEVER,176.27
32728568551,CLUTCH LEVER,176.27
32729457450,SET PARKING BRAKE,128.71
32729457892,CLAMP,77
32729457894,CLAMP WITH MIRROR,44.09
32729480022,SET PARKING BRAKE,66.91
32729829325,CLUTCH LEVER,264
32729829326,COVER,240.84
32732324962,CLUTCH CABLE,78.43
32737660231,ACCELERATOR CABLE,102.32
32737661757,CLUTCH CABLE,84.7
32737670567,"BOWDEN CABLE, ",91.88
32737670568,"BOWDEN CABLE, ",91.88
32737684302,"THROTTLE CABLE, BREAK ",93.77
32737687119,Tension strap,5.73
32737692562,"BOWDEN CABLE, ",71.05
32737692563,"BOWDEN CABLE, ",71.05
32738405178,CLUTCH CABLE,107.71
32738405180,CLUTCH CABLE,107.71
32738527554,ACCELERATOR CABLE AT,113.68
32738528803,CLUTCH CABLE,101.44
32738555346,CLUTCH CABLE,104.57
32761664531,STEERING DAMPER,927.84
32765B81FD3,STEERING DAMPER,881.44
32765B81FD4,STEERING DAMPER,881.44
32767105557,STEERING DAMPER,865.44
32768546007,SPACER,31.03
32768548759,SPACER BUSH,11.32
32768551612,COLLAR BUSH,11.5
32769829743,STEERING DAMPER,692.39
33117665055,Cover,12.76
33117679864,SHAFT SEAL,52.64
33117685062,SPACER BUSH,59.34
33117695219,O-ring,1.68
33117705854,OIL DRAIN PLUG,31.76
33117707796,CENTERING RING (Not,3.33
33117720235,GROOVED BALL BEARING,144.05
33117722831,FLANGE,183.07
33117726889,RIGHT-ANGLE GEARBOX,"3,064.58"
33118405267,BEVEL GEARS WITH,"3,159.34"
33118521832,SPACER RING,63.89
33121231542,SHAFT SEAL,16.86
33121241938,SHAFT SEAL,61.88
33172311729,TAPERED ROLLER,78.26
33172331095,ADHESIVE LOCTITE 2701,33.77
33177685052,RUBBER BOOT,119.91
33177685599,RUBBER BOOT,94.94
33177687623,CABLE TIE,3.55
33177709205,Torx screw,2.02
33177718528,AXLE SHAFT REAR,262.84
33177718533,NUT,41.29
33178358789,VENTILATION VALVE,4.99
33306760587,HEX NUT WITH FLANGE,2.27
33357708117,RUBBER BOOT,99.94
33358361543,PROTECTION,25.47
33358522751,WASHER,10.65
33358522752,OVAL HEAD SCREW,5.65
33358529484,COVERING CAP,7.14
33358533293,SPACER RING,14.99
33358556597,RUBBER BOOT,94.94
33537716583,"SPRING STRUT, REAR","3,297.46"
33545B61604,HYDRAULIC SUSPENSION,"1,143.27"
33547924086,SUSPENSION STRUT,"3,504.51"
33548522949,FIT BOLT,19.92
33548528804,PUSH ROD,44.92
33548555794,NEEDLE BEARING,42.95
33548555883,BUSHING,47.08
33548560165,CONTROL LINK,352.72
33548561577,SHAFT SEAL,33.42
33548563287,"SPRING STRUT, ESA, ","3,504.51"
33549444908,SUSPENSION STRUT,"3,504.51"
33549444909,SUSPENSION STRUT,"3,504.51"
33715A9D797,PROPELLER SHAFT,"1,648.57"
33715A9D7F6,PROPELLER SHAFT,243.29
33735A670C3,PROP SHAFT,233.99
33747105384,COVER,7.01
33748394281,"RIGHT-ANGLE GEARBOX, ","3,159.34"
33748553623,COUNTERSUNK SCREW,5.09
33748861097,SHAFT SEAL,47.82
33748864458,BREATHER,24.14
33748869627,"ANGULAR GEARBOX, ","3,254.11"
33758529957,SHAFT SEAL,52.64
33758529959,SHAFT SEAL,43.35
33815A7CC55,JERK DAMPER,67.18
33817106017,SPROCKET HUB,523
33817106113,M ENDURANCE CHAIN,387
33817921710,RADIAL SHAFT SEAL,39.39
33817921712,SPROCKET,184.79
33817921746,DRIVE CHAIN,384
33818394323,DAMPER,125.17
33818406087,SPROCKET,155.97
33818522841,SPROCKET,165.17
33818522842,CHAIN,263.57
33818522843,DAMPER,143.91
33818530682,ABSORBER,22.86
33818532146,SPROCKET,151.41
33818546402,DRIVE CHAIN,258.48
33818551930,CHAIN,272.05
33819444387,DRIVE CHAIN,380
33819444388,CHAIN LOCK,9.5
33819446074,KETTENRAD,184.79
33828560446,CHAIN PINION,45.88
33838394027,CHAIN,156.83
33838394028,SET CHAIN COUPLINGS,12.57
33838521719,TOOTH BELT,745.33
33848527635,SPROCKET,151.41
33848560450,SPROCKET,73.41
34111231469,O-RING,3.69
34111454120,COVERING CAP,9.87
34111542307,SET OF BRAKE PADS,75.16
34111691856,BRAKE DISK FRONT,339.43
34112333045,BRAKE PADS KIT,85.89
34112345445,"REPAIR KIT, BRAKE PADS ",85.89
34117108409,SET OF BRAKE PADS,96.43
34117651958,Set of brake pads front,93.57
34117658156,Brake pads kit,84.19
34117660448,"Brake pads kit, white",100.79
34117663764,BRAKE PADS KIT,175.53
34117671550,GASKET RING (Not,2.18
34117671780,"Set of brake pads, sinter",93.57
34117672808,OVAL HEAD SCREW,7.45
34117690169,"Brake pads kit, red",104.97
34117690170,"Brake pads kit, green",91.24
34117696593,Set of brake pads front,102.91
34117697086,SET OF BRAKE PADS,95.44
34117700989,COUNTERSUNK SCREW,5.65
34117705216,Set of brake pads front,93.57
34117710743,SET OF BRAKE PADS,129.36
34117714800,"Set of brake pads, sinter",107.96
34117717292,BREMSBELAG ALLROUND,86.24
34117717309,BRAKE PAD,75.45
34117721664,REPAIR SET BRAKE,184.69
34117722526,BRAKE CALIPER WITHOUT,699.49
34117728945,"Set of brake pads, sinter",107.96
34117914569,SET BRAKE PADS WITH,90.78
34117914737,SET OF MOUNTING,55.43
34117914759,SET OF BRAKE PADS,75.45
34118354919,Set of brake pads front,74.84
34118395858,"BRAKE PADS KIT, GREEN",95.44
34118405104,Set of brake pads front,93.57
34118414429,SET OF BRAKE PADS,85.89
34118524942,Brake pads kit,102.91
34118524943,SET OF MOUNTING,42.63
34118526575,BRAKE ROTOR WITH,398.82
34118534183,"Set of brake pads, sinter",95.44
34118534234,SET OF BRAKE PADS,102.81
34118535158,SET OF MOUNTING,42.63
34118535400,BRAKE PADS KIT W,155.71
34118540956,BRAKE PADS KIT,115.43
34118548028,Brake pads kit,107.96
34118569408,VENT SCREW,9.47
34118569409,CAP,5.41
34118870042,SET OF BRAKE PADS,86.24
34118881343,BREMSSCHEIBE VORNE,339.43
34119444023,BRAKE PADS KIT R18,70.56
34211542313,"BRAKE PADS KIT, REAR ",80.79
34211542640,BRAKE PADS KIT R18,77.43
34211542645,"BRAKE PADS KIT, REAR",86.24
34211627694,BRAKE DISK,245.22
34211683115,"SET OF BRAKE PADS, ",75.45
34211692830,BRAKE PADS KIT,75.45
34212314001,CAP,13.08
34212330310,VENT SCREW,21.31
34212330312,"REPAIR KIT, RUBBER ",19.96
34212335465,"Set, brake pads, organic",77.27
34212345449,Brake pads kit,67.36
34217107625,"Brake pads kit, rear",86.24
34217108470,BRAKE PADS KIT,86.24
34217657025,BRAKE PADS KIT,85.89
34217660281,"Set of brake pads, sinter",102.81
34217664102,BRAKE DISK,341.79
34217664983,BRAKE PADS KIT,70.69
34217666157,REAR BRAKE MASTER,267.34
34217671246,"REPAIR KIT, BRAKE PADS",61.97
34217680374,"REPAIR KIT, BRAKE PADS",85.89
34217680375,Brake pads kit,84.19
34217692190,REAR BRAKE MASTER,288.11
34217707809,REPAIR KIT FOR BRAKE,75.45
34217711413,SPRING,7.36
34217713188,REAR BRAKE DISC,357.19
34217722884,"Brake pads kit, rear",67.36
34217727542,BRAKE DISC,506.66
34218382871,MOUNTING PARTS SET,42.63
34218409671,"BRAKE PADS KIT, REAR",77.27
34218524952,"Brake pads kit, rear",84.19
34218526263,"SET OF BRAKE PADS, ",75.45
34218526568,REAR BRAKE DISC,398.82
34218527517,BRAKE PADS KIT W,124.05
34218527518,"Brake pads kit, rear",100.79
34218534821,"Brake pads kit, rear",85.89
34218535453,"BRAKE CALIPER, REAR, ",671.51
34218541388,"Brake pads kit, rear",77.27
34218556442,"Brake pads, rear",77.27
34218562163,"Set of brake pads, sinter",107.96
34218565375,"BRAKE CALIPER, REAR, ",443
34218569412,SET OF BRAKE PADS,92.59
34218569413,"KIT, ATTACHMENT PARTS, ",21.31
34218569414,VENT SCREW,9.47
34218870043,"BRAKE PADS KIT, REAR",75.45
34318392259,EXPANSION TANK,57.82
34318560098,REAR BRAKE MASTER,132.01
34321599229,HOLLOW BOLT,12.48
34327651550,BRAKE HOSE,194.55
34327682157,HOLDER,3.91
34327708473,CABLE STRAP WITH,5.97
34327923534,BRAKE HOSE,46.04
34328524697,BRAKE LINE FOR FRONT,192.2
34329829773,"BRAKE CIRCUIT PIPE, ",187.93
34329829781,Brake line for front brake,192.2
34512331636,HYDRO UNIT,"1,851.96"
34512331637,HYDRO UNIT,"4,434.95"
34517715109,PRESSURE MODULATOR,"2,728.19"
34518393178,PRESSURE MODULATOR,"1,717.76"
34518546851,PRESSURE MODULATOR,"1,717.76"
34519444398,PRESSURE MODULATOR,"2,425.06"
34525A781C5,WHEEL SPEED SENSOR,248.51
34527664098,CABLE CLAMP,3.15
34527677824,WHEELSPEED SENSOR,248.51
34527708523,O-ring,3.03
34527715117,WHEELSPEED SENSOR,248.51
34527718599,"SENSOR RING, REAR",168.08
34528406053,SENSOR RING,47
34528523479,SENSOR RING,85
34528536789,O-RING,5.06
34528553968,SENSOR RING,41.5
34528557908,FILLISTER-HEAD SCREW,6.65
34529480186,SENSOR RING,85.73
35215A68084,FU?BREMSHEBEL,521.93
35217685343,Oval head screw,3
35217716108,Tension spring brake peda,14.12
35218357747,BRAKE PEDAL,230.32
35218562024,BRAKE PEDAL,76.77
35218569755,"FOOTBRAKE LEVER, ",265
35219442995,BRAKE PEDAL,363.77
35219898538,BRAKE PEDAL TOE PIECE,148.73
35417674080,PLASTIC WASHER,5.53
36112465622,"VALVE STEM CAPS, ALUM ",11.95
36115B43556,"VALVE STEM CAPS, ALUM ",14.54
36115B43559,"VALVE STEM CAPS, ALM ",14.54
36131181082,Plaque with adhesive film,15.13
36135A37E40,HUB CAP 50 YEARS M,61
36136850834,WHEEL CENTER CAP,22
36238521833,PIN,13
36311231700,SHAFT SEAL,22
36311450818,BUSH,6.25
36311450821,BUSH,7.19
36315A65AA5,CAST RIM,"1,756.45"
36315A65AA7,CAST RIM,"1,717.91"
36315A74AF2,RDC SENSOR,154.73
36315A74AF6,RDC SENSOR,119.04
36315B3BB52,FORGED WHEEL ENDURO,"1,770.00"
36315B645A8,"FORGED WHEEL, FRONT","1,820.00"
36315B645A9,"FORGED WHEEL, REAR","1,950.00"
36315B6CC65,CROSS-SPOKED WHEEL,"1,900.00"
36317106018,TORX SCREW,22.06
36317106019,RDC SENSOR,119.04
36317108158,RIM CARBON FRONT,"3,340.00"
36317108181,ANGLE VALVE,17.86
36317108983,RDC SENSOR,147.45
36317109089,GROOVED BALL BEARING,61.12
36317653064,VALVE,12.94
36317658469,FRONT WHEEL,"1,468.27"
36317671267,Fillister-head screw,3.09
36317673903,WHEEL BOLT,13.2
36317676658,VALVE,12.94
36317683236,VALVE,9.72
36317685555,VALVE,9.72
36317693061,VALVE,12.94
36317914365,RDC SENSOR,119.04
36317914795,RIM CARBON REAR,"3,580.00"
36317923174,CROSS-SPOKED WHEEL,"2,597.57"
36317923196,CROSS-SPOKED WHEEL,"2,540.55"
36317925190,QUICK-RELEASE AXLE,217.23
36318359961,ISA SCREW,12.82
36318359962,NUT,11.61
36318388689,REPAIR KIT ANGLED,35.73
36318388838,FRONT WHEEL,"2,560.00"
36318389048,"FORGED WHEEL, FRONT","1,820.00"
36318389049,"FORGED WHEEL, REAR","1,950.00"
36318389055,BLACK FRONT WHEEL,"1,760.85"
36318389056,BLACK REAR WHEEL,"1,889.69"
36318395502,CROSS-SPOKED WHEEL,"2,231.66"
36318404333,CROSS-SPOKED WHEEL,"2,466.58"
36318520871,"REPAIR KIT, TIRE ",51.85
36318531207,GROOVED BALL BEARING,61.12
36318532731,SENSOR WITH VALVE,267.11
36318534835,GROOVED BALL BEARING,61.12
36318538086,FRONT WHEEL,"1,709.57"
36318542009,WINKELVENTIL,7.73
36318542010,NUT,8.73
36318548335,GROOVED BALL BEARING,61.12
36318551386,"SPACER SHIMS, INNER",57.82
36318552158,"SPACER BUSHING, ",27.47
36318561708,SHAFT SEAL,43.35
36318561709,SHAFT SEAL,43.35
36318561710,SHAFT SEAL,33.74
36318561711,SHAFT SEAL,33.74
36318561712,SHAFT SEAL,37.12
36318564955,GROOVED BALL BEARING,61.12
36318565086,VALVE,38.91
36319445144,"SPOKE WHEEL, BLACK ","1,760.00"
36319829827,INTERNAL TORX SCREW,8.14
36319832032,RDC SENSOR,109.02
36322464407,INNER TUBE 17G WITH,45.36
37146870000,LEVEL SENSOR,99.11
37146895466,LEVEL SENSOR,59.34
46511234785,PROTECTION CAP,3.98
46511542062,MAIN FRAME WITH VIN,"7,172.24"
46517653264,FILLISTER HEAD SCREW,9.41
46517688995,ISA SCREW,26.7
46517694153,COVERING CAP,12.65
46519445158,FRONT FRAME WITH VIN,"2,456.24"
46519909279,Fillister-head screw,13.83
46522332218,BUMP STOP,6.92
46527699005,TENSION SPRING,13.68
46528409288,CENTER STAND,329
46528526527,PIN,44.94
46528526528,PERFORATED PLATE,28.24
46528532725,CENTER STAND,391
46528534368,KICKSTAND LOWERING,484.47
46528536805,Bump stop,6.41
46528562360,Center stand,411
46531638149,SIDE STAND 1300 GSA,314.77
46531638616,SIDE STAND,314.77
46532335617,STOPPER,24.12
46535A72FC9,SUPPORTING BRACKET F,114.05
46535A8DC01,SIDE STAND,314.77
46537690236,GROMMET,8.91
46537690990,TENSION SPRING,46.53
46538526525,SIDE STAND,305.61
46538526537,GRUB SCREW,37.66
46538541983,OVAL HEAD SCREW,6.27
46538541986,"SIDE BRACE, SHORT",246.77
46538558117,"SIDE BRACE, SHORT",305.61
46539467713,SIDE STAND,283.28
46539480227,"SIDE BRACE, SHORT",259.76
46539907391,SCREW,16.5
46541543110,TOURING TOPCASE Option,"1,740.00"
46542346383,COVER F LUGGAGE,147.82
46545A01189,"SET, SUSPENSION POINT, ",64
46545A097B9,BLENDE TOPCASETR?,44
46545A097C1,LUGGAGE GRID,401
46545B3A4F2,TOP CASE,"1,430.00"
46545B4B507,OUTER SHELL TOPCASE,295
46545B4B509,OUTER SHELL TOPCASE,310
46545B604A7,MOUNT CASE HOOK,22
46545B604A8,MOUNT CASE HOOK,22
46545B604A9,COUNTERPART CASE,11
46547658046,TOP CASE COVER,462.25
46547658047,BOTTOM PART F TOP,"1,229.74"
46547681144,LUGGAGE GRID,353.65
46547693121,FILLISTER HEAD SCREW,4.59
46547694305,ISA SCREW,5.5
46547699778,FILLISTER HEAD SCREW,6.36
46547709499,"LOCKING MECHANISM, ",620.06
46547709500,"LOCKING MECHANISM, ",620.06
46547727411,"COVER, BLACK, LEFT",18.89
46547727412,"TRIM COVER, BLACK, ",18.89
46547728663,"CASE, LEFT WITHOUT ",580
46547728664,"CASE, RIGHT WITHOUT ",580
46547729441,OUTER SHELL TOPCASE,380.41
46547729457,CLOSING UNIT,187.18
46547729464,SECUIRNG PIN,12.74
46547914566,"OUTER SHELL, TOPCASE ",998.59
46547925345,TRIM COVER FOR CASE,627.69
46547925346,TRIM COVER FOR CASE,627.69
46548358367,"TRIM, TRUNK LID, LEFT, ",554.49
46548382537,BRACKET,79
46548382573,REAR TRIM PANEL HUMP,125.15
46548388460,TRIM COVER FOR CASE,815.46
46548389475,Self-locking plug nut,4
46548392278,BACKREST LOWER,736.65
46548392279,BACKREST UPPER,519.66
46548392377,LUGGAGE GRID,382
46548392865,"OUTER SHELL, TOPCASE ",998.59
46548393038,SET OF SCREWS,23.15
46548393199,TOURING TOPCASE,"1,740.00"
46548394452,"BACK PAD, TOPCASE ",446
46548396547,CASE HOLDER,346
46548396549,CASE HOLDER,346
46548404578,TOPCASE CARRIER,381
46548406883,COLLAR BUSH,33.42
46548409341,CARRIER PLATE,270
46548520067,LEFT CASE HOLDER,372
46548520068,CASE HOLDER RIGHT,372
46548520069,CROSS BRACE,143
46548521671,BACKREST LOWER,736.65
46548521672,BACKREST UPPER,519.66
46548522360,LUGGAGE GRID,518
46548529461,"COVER HOLDER, LEFT",77.35
46548532049,"COVER WITH GASKET, ",546.56
46548532050,"COVER WITH GASKET, ",546.56
46548532485,TRIM COVER FOR CASE,271.72
46548532486,TRIM CASE LID RIGHT,271.72
46548533761,"GRAB HANDLE, LEFT",449.09
46548533762,"HANDLE, RIGHT",449.09
46548534255,CASE HOLDER,282
46548534258,BRACKET F TOP CASE,274
46548534261,"LUGGAGE RACK, UPPER ",33
46548534264,"LUGGAGE RACK, LOWER ",49
46548534265,MUSHROOM BOLT,24
46548540993,Bush,18.21
46548545927,"TRIM COVER TRUNK LID, ",62.03
46548545928,"TRIM FOR COVER, ",29
46548549364,"INNER POCKET, TOURING ",85
46548549365,INNER POCKET,195
46548549366,"INNER POCKET, ",195
46548551319,"COVER, TRUNK FLOOR, ",217.38
46548551325,"CASE LID, LEFT",410.86
46548551326,"CASE LID, RIGHT",410.86
46548553901,"TRIM, CASE COVER, ",709.05
46548553902,"TRIM, CASE COVER, ",709.05
46548553904,"OUTER SHELL, TOPCASE ",350
46548556661,"LUGGAGE RACK, UPPER ",53
46548556910,RUBBER BUFFER,7.06
46548558036,GAS PRESSURIZED,128.82
46548558037,"STUD, GAS STRUT",9.68
46548565329,TRIM CASE LID LEFT,239.12
46548565330,TRIM CASE LID RIGHT,239.12
46548566278,"LUGGAGE CARRIER, ",220
46548566831,"GRAB HANDLE, LEFT",205.77
46548566832,"HANDLE, RIGHT",205.77
46548566915,BUSH,18.83
46548569150,TRIM FOR CASE LID,298.91
46548829598,"BACK PADDING, HEATED",486
46548829659,TRIM FOR TOPCASE,88
46548829660,OUTER SHELL TOPCASE,310
46548829798,"VARIO CASE, RIGHT",790
46548829896,"TRIM, CASE LID, RIGHT",411.78
46549443936,SPACER SLEEVE,22.08
46549444644,BUSHING,20.48
46549445164,TOURING TOPCASE,"1,740.00"
46549445299,TOPCASE CARRIER,156
46549445300,ADAPTER PLATE,138
46549908616,FILLISTER-HEAD SCREW,6.89
46611541474,FRONT WHEEL COVER,191.54
46612308594,Washer,2.42
46615A660B0,FRONT WHEEL FENDER,235.11
46615A79079,"FRONT WHEEL FENDER, ",452.11
46615B31FB9,"FRONT WHEEL COVER, ",700.57
46615B65BB6,FRONT WHEEL FENDER,465
46615B71B54,FRONT-WHEEL COVER,804
46617711486,FRONT WHEEL FENDER,657.27
46617713314,Fillister head screw,5.56
46617914551,TRIM COVER FOR CASE,627.69
46617914552,TRIM COVER FOR CASE,627.69
46618392264,"FRONT WHEEL COVER, ",418.18
46618532215,"FRONT WHEEL COVER, ",122.88
46618532216,"FRONT WHEEL COVER, ",175.58
46618532313,"FRONT WHEEL COVER, ",185.81
46618536932,FRONT WHEEL COVER,92.92
46618564623,"FRONT WHEEL COVER, ",237.82
46619457091,TRIM FRONT-WHEEL,113.36
46622328528,REAR WHEEL COVER,691.32
46625A16773,LICENSE-PLATE CARRIER,114.96
46627107863,"COVER, TOPCASE ",44
46627692608,OVAL-HEAD SCREW WITH,5.62
46627728673,LICENSE PLATE HOLDER,148.66
46628388843,"REAR LATERAL PART, ",128.88
46628389030,LICENSE PLATE HOLDER,93
46628533657,MUDGUARD REAR,222.96
46628543238,BUSH,4.65
46628557345,LICENSE PLATE HOLDER,111.51
46628829065,SUPPORT TURN SIGNAL,16.5
46628829066,SUPPORT TURN SIGNAL,16.5
46629444055,BUSH,8.98
46629444673,GASKET,8.7
46629444675,COVERING CAP,5.64
46631233200,RUBBER GROMMET,4.85
46631233909,EXPANDING RIVET (Not,3.69
46631451275,BUSH,4.67
46631451277,RUBBER GROMMET,6.48
46631451278,INSERT,4.71
46631453144,RUBBER GROMMET,5.97
46631541723,TRIM FOR SLIPSTREAM,36
46631541899,"REAR LATERAL PART, ",469.3
46631541911,TAIL SECTION BOTTOM,184.14
46631541918,SUPPORT HUMP COVER,94.23
46631541927,SEAT PAD,75.54
46631542520,SIDE COVER RIGHT,451.88
46631542701,WIND DEFLECTOR LEFT,44
46631542702,WIND DEFLECTOR RIGHT,44
46631542725,"WIND DEFLECTOR, LEFT",25.49
46631543061,"WINDSHIELD HOLDER, ",129
46631543062,"WINDSHIELD HOLDER, ",129
46631598759,"FRONT PANEL CARRIER, ",651.77
46631683109,PROTECTIVE GRILLE FOR,36
46631757208,"BASE SUPPORT, RIGHT",58.01
46632307968,SPOILER CENTER PRIME-,11.95
46632313072,PIN,3.67
46632313938,CATCH,11.83
46632325998,Flanged cap screw,2.03
46632325999,Flanged cap screw,2.08
46632329649,LEFT CASE HOLDER,193
46632347012,"Blind rivet nut, flat hea",6.3
46632347101,SAFETY BAR,210.29
46632347164,HOLDER,586.61
46635A65610,"WINDSHIELD, HIGH",702.92
46635A65D04,UPPER SECTION OF,63.84
46635A65F52,TRIM AIR INLET,126.51
46635A65F63,WINGLET INNER SHELL,63.84
46635A65F64,WINGLET INNER SHELL,63.84
46635A67605,"TRIM, HAND PROTECTION, ",54.03
46635A67606,"TRIM, HAND PROTECTION, ",54.03
46635A69E33,"HOLDER, RADIATOR ",70
46635A69E34,"HOLDER, RADIATOR ",70
46635A6E322,"WINGLET, LOWER RIGHT",110.69
46635A74196,BRACKET WINGLET,119.88
46635A77DE6,SPORT WINDSCREEN,585.78
46635A78A59,"Fairing side panel, front left",398.64
46635A7E2A5,"Windshield, Sport, tinted",249.12
46635A7E9C5,WINGLET OUTER SHELL,85.14
46635A7E9C6,WINGLET OUTER SHELL,85.14
46635A7EFF2,WINGLET RIGHT,83
46635A806E2,"TRIM PANEL, FRONT ",212.84
46635A80701,"TRIM UPPER SECTION, ",223.51
46635A86BA8,UPPER TRIM SECTION,148.97
46635A9C133,MULTIFUNCTIONAL TURN,263.45
46635B41204,"UPPER TRIM SECTION, ",372.49
46635B44498,COVER PANEL FOR TANK,"1,472.80"
46635B48BF0,"COVER, CYLINDER, RIGHT",368.16
46637105002,WINGLET RIGHT,464.43
46637105003,WINGLET LEFT,464.43
46637105004,WINGLET RIGHT,464.43
46637105693,"WINDSHIELD, HIGH",507.67
46637105725,"COCKPIT FAIRING, LEFT",68.11
46637105726,"COCKPIT FAIRING, RIGHT",68.11
46637105734,TRIM HUMP COVER,125.15
46637105736,HUMP COVER LOWER,94.77
46637105737,BACK PADDING HUMP,84.16
46637105771,"GRILL COVER, LEFT",209
46637105772,"GRILL COVER, RIGHT",209
46637105952,"COVER, WINDSHIELD ",97.3
46637106015,COVER REAR FRAME,53.53
46637106054,"HEADLIGHT HOUSING, ",506.24
46637106211,"TAIL COWLING, LEFT",128.88
46637106212,RIGHT TAIL TRIM,128.88
46637107670,"WINDSHIELD SPORT, ",331.95
46637107920,"WIND DEFLECTOR, RIGHT",211.47
46637108061,REINFORCEMENT FOR,21
46637108150,"GRILL COVER, RIGHT",175.41
46637108152,"WINGLET, INNER RIGHT",484.23
46637109488,REAR TRIM,328.49
46637651112,MOULDING ROCKER,274.41
46637651465,PLUG-IN NUT,3.61
46637653983,UPPER PART OF RADIO,63.45
46637655426,COVERING RIGHT,28.55
46637657650,FILLISTER HEAD SCREW,4.08
46637658638,FLAT NUT (Not returnable),3.48
46637659296,TRIM UPPER PRIME,618.38
46637668783,WINDSHIELD,348
46637676416,COVERING RIGHT,70.22
46637677515,"SIDE TRIM, BLACK, LEFT",76.24
46637682493,TRIM PANEL UPPER PART,"1,106.21"
46637682516,TRIM PANEL RIGHT,"1,229.13"
46637683723,WINDSHIELD,246
46637685400,SPOILER RIGHT,353.35
46637686286,FLANGED CAP SCREW,4.47
46637691016,SNAP-LOCK COUPLING,5.58
46637691017,PIN,4.41
46637694548,"C-CLIP NUT, SELF-",3.92
46637694556,BACKREST IN IMITATION,252.57
46637697209,"WINDSHIELD SPORT, ",257.45
46637706779,"KIT, MOUNTING ",44.83
46637709513,WINDSHIELD GT,606.63
46637713935,COLLAR BUSH,7.48
46637714241,Plastic washer,4.03
46637717399,FLAT NUT,8.74
46637721031,FLAT NUT,3.8
46637723494,PLASTIC NUT,8.74
46637724079,"COVER, NAVIGATION ",18.89
46637724481,"FLANGE SLEEVE, STEEL",6.86
46637726130,BUMP STOP,5.29
46637727366,"TRIM COVER, COOLANT ",178.22
46637727396,SPOILER FRONT,66.17
46637727399,"TRIM UPPER SECTION, ",206.62
46637727421,"FOOT PROTECTION, LEFT",144.66
46637727535,"WIND DEFLECTOR, ",594.07
46637728676,WINDSHIELD,"1,169.42"
46637914196,"FORK COVER, LEFT",32.54
46637914197,"FORK COVER, RIGHT",32.54
46637914221,"FORK COVER, LEFT",61.03
46637914222,"FORK COVER, RIGHT",61.03
46637914579,STOOL COVER,188.45
46637915223,FRONT PANEL CARRIER,"2,114.65"
46637923841,ENGINE SPOILER LEFT,191.05
46637923842,ENGINE SPOILER RIGHT,185.49
46637923844,ENGINE SPOILER RIGHT,194.84
46637923846,ENGINE SPOILER RIGHT,212.84
46637923863,"REAR LATERAL PART, ",124
46637923864,"REAR LATERAL PART, ",126.46
46637924103,"MOUNT ENGINE SPOILER, ",35.97
46637924104,"MOUNT ENGINE SPOILER, ",35.97
46637924138,"COVER, WINDSHIELD ",122.86
46637924303,AIR INLET COVER,126.51
46637924304,COVER FOR AIR INTAKE,53.53
46637924414,BRACKET WINGLET,143.82
46637925204,SIDE COVER RIGHT,463.62
46637930936,BODY SCREW WITH,4.9
46638103281,COVER CAP MIRROR LEFT,87
46638103282,COVER CAP MIRROR,87
46638380741,"FRONT SPOILER, CENTER",144.66
46638382576,BRACKET FOR,102.34
46638382724,"COVER, NAVIGATION ",18.89
46638382811,BRACKET FOR,131
46638382821,BRACKET FRONT,46.57
46638382822,BRACKET FRONT,46.57
46638388520,ENGINE SPOILER RIGHT,212.84
46638388951,"TRIM UPPER SECTION, ",148.97
46638388955,"LATERAL TRIM PANEL, ",212.84
46638388961,TRIM PANEL FOR AIRBOX,148.97
46638389433,LEFT ENGINE,287
46638389434,RIGHT ENGINE,287
46638392379,HANDLE,386.76
46638392880,"WINDSHIELD, HIGH",379.13
46638393415,"WIND DEFLECTOR, LEFT",705.16
46638393416,"WIND DEFLECTOR, RIGHT",705.16
46638393613,"MOUNT, WINDSHIELD",21
46638393619,"HEADLIGHT HOUSING, ",63.84
46638393620,"HEADLIGHT HOUSING, ",63.84
46638393624,"PLAQUE HOLDER, RIGHT",126.51
46638394070,"LATERAL TRIM PANEL, ",402.78
46638394311,SPORT WINDSCREEN,208.53
46638394634,"FAIRING SIDE PANEL, ",120.89
46638396797,"FRONT SPOILER, LEFT",82.64
46638396798,"FRONT SPOILER, RIGHT",82.64
46638403839,Wind shield bracket,55
46638403844,SPOILER FRONT,23
46638403912,"GRILL COVER, RIGHT",165.3
46638404850,WINDSHIELD,379.13
46638406049,CLIP,3.55
46638409422,"WINDSHIELD, HIGH",429.55
46638521396,Mounting clip,3.47
46638521653,Body screw with shoulder,4
46638521654,BODY SCREW WITH,5.3
46638521655,BODY SCREW WITH,7.3
46638521656,BODY SCREW WITH,6.18
46638521659,Plastic washer,0.68
46638522264,"AIR DUCT, RADIATOR",135.58
46638523155,"BATTERY COVER, LEFT",51.94
46638523156,"BATTERY COVER, RIGHT",51.94
46638523431,HAND PROTECTOR LEFT,62
46638523432,HAND PROTECTOR RIGHT,62
46638523435,BUSH,17.58
46638524931,"WINDSHIELD BRACKET, ",54.46
46638524932,"WINDSHIELD BRACKET, ",54.46
46638524981,BOLT,7.61
46638526811,"FAIRING SIDE PANEL, ",157.01
46638527151,GROMMET,5.56
46638527780,Screw,3
46638529013,INTAKE AIR SNORKEL,125.21
46638529021,"SIDE COVER, LEFT",109.96
46638529025,BRACKET FOR,16.28
46638531527,BODY SCREW WITH,8.39
46638532168,GROMMET,5.05
46638532314,Self-locking plug nut,3
46638533681,"TANK PAD, BLACK",68.59
46638534532,RUBBER GROMMET,5.59
46638534860,"COVER, SPRING STRUT",51.94
46638534861,TRIM FOR STEERING,51.94
46638534938,Body screw without should,5.23
46638534939,BODY SCREW WITHOUT,6.12
46638534940,BODY SCREW WITHOUT,6.8
46638534941,BODY SCREW WITHOUT,7.3
46638534942,Flat nut,10.77
46638534943,BODY SCREW WITHOUT,6.74
46638537920,Snap-lock coupling,4.06
46638540840,BRACKET FOR ENGINE,12.01
46638540867,"TRIM UPPER SECTION, ",137.42
46638540868,"TRIM UPPER SECTION, ",137.42
46638540875,"LATERAL TRIM PANEL, ",196.28
46638540876,"LATERAL TRIM PANEL, ",196.28
46638540881,"SIDE TRIM, UPPER LEFT",137.42
46638540882,"SIDE TRIM, UPPER RIGHT",137.42
46638544353,"TRIM UPPER SECTION, ",25.26
46638544719,BRACKET FOR ENGINE,29.16
46638544720,BRACKET FOR ENGINE,21.16
46638545933,"TRIM UPPER SECTION, ",478.37
46638545941,"TANK COVER, LOWER ",243.19
46638546386,BMW EMBLEM,99.01
46638549119,GRILL SET FOR FUEL,52.96
46638549673,"HEAT SHIELD, ENGINE ",20.11
46638549674,"HEAT SHIELD, ENGINE ",20.11
46638549675,"HEAT SHIELD, ENGINE ",25.14
46638550994,BODY SCREW WITHOUT,7
46638551117,ENGINE SPOILER LEFT,785.22
46638551118,ENGINE SPOILER RIGHT,785.22
46638551175,COVERING LEFT,61.99
46638551711,WINDSHIELD,606.63
46638554189,RER LEFT LATERAL BODY,146.08
46638554190,REAR RIGHT LATERAL,178.78
46638554372,WASHER,3.71
46638555101,RUBBER GROMMET,6.65
46638555526,"TRIM PANEL, RIGHT ","1,368.76"
46638556639,COCKPIT TRIM PANEL,94.5
46638556647,Protective grille for rad,37
46638556648,Protective grille for rad,37
46638556896,LOWER REAR SECTION,111.49
46638557463,TRIM COVER FOR,66.17
46638557868,"WINDSHIELD, HIGH",399
46638558232,WINDSHIELD,249
46638558349,BODY SCREW WITH,6.09
46638558380,BRACKET F INSTRUMENT,34.88
46638560118,HOLDER HUMP COVER,126.23
46638560316,"COVER, INTAKE ",330.64
46638561352,SECURING CLIP,13.2
46638561560,FILLISTER-HEAD SCREW,3.64
46638561564,FILLISTER-HEAD SCREW,5.09
46638561566,FILLISTER-HEAD SCREW,5.12
46638562227,CENTRE TRANSVERSE,93.12
46638562228,WINDSHIELD,291
46638562390,RETAINER FOR RADIATOR,13.78
46638562457,"GRILL COVER, LEFT",268.64
46638562458,"GRILL COVER, RIGHT",268.64
46638562651,"WIND DEFLECTOR, ",82.64
46638562652,"WIND DEFLECTOR, RIGHT",82.64
46638563808,RIGHT ENGINE,467.28
46638564633,"Lateral trim panel, left",165.3
46638564634,"LATERAL TRIM PANEL, ",165.3
46638564649,WINDSCREEN HOLDER,45
46638564651,SLIPSTREAM DEFLECTOR,44.16
46638564660,"TRIM UPPER SECTION, ",206.62
46638565961,RADIATOR COWL LEFT,65.08
46638565962,RADIATOR COWL RIGHT,65.08
46638567836,"LATERAL TRIM PANEL, ",528.68
46638568780,BODY SCREW WITHOUT,6.86
46638568781,BODY SCREW WITHOUT,5.85
46638568782,BODY SCREW WITHOUT,7.58
46638568895,"PLAQUE HOLDER, LEFT",216.99
46638569061,RADIATOR COVER FOR,705.16
46638569062,RADIATOR COVER FOR,705.16
46638569664,TOURING WINDSCREEN,375.37
46638569665,"WIND DEFLECTOR, LEFT",56.23
46638569666,"WIND DEFLECTOR, RIGHT",56.23
46638569667,TRIM FOR SLIPSTREAM,44.16
46638569669,"WIND DEFLECTOR, LEFT",74.29
46638569670,"WIND DEFLECTOR, RIGHT",74.29
46638569762,FRONT PANEL CARRIER,479.5
46638569772,"TANK TRIM, RIGHT",97.3
46638569797,BRACKET ENGINE,12.84
46638569798,"MOUNT ENGINE SPOILER, ",12.24
46638569799,"AIR DUCT, RADIATOR",121.78
46638829217,"WINDSHIELD, HIGH",445
46639443447,HEADLIGHT COVER,61.99
46639443686,COVER ACC,244.78
46639443687,TRIM COVER FOR ACC,23
46639445052,SIDE COVER RIGHT,176.61
46639446384,BRACKET FOR,318
46639457568,AIR CHANNEL,91.08
46639467723,ENGINE SPOILER LEFT,212.84
46639467761,"TRIM UPPER SECTION, ",454.53
46639467767,"LATERAL TRIM PANEL, ",463.78
46639467805,"REAR LATERAL PART, ",289.3
46639467909,COVER FOR EXHAUST,92.09
46639480688,"SUPPORT, SIDE COVER, ",65.57
46639480694,SCHRIFTZUG,105.45
46639480727,PUSH-TO-CONNECT,12
46639480728,BRACKET FOR,318
46639480730,WINDSCREEN,546.72
46639829366,O11RIFTZUG,42.18
46639832061,SUPPORTING PART,46.53
46639899433,"WINDSHIELD, HIGH",624.82
46639908452,FILLISTER-HEAD SCREW,5.15
46711540803,FOOTREST PLATE LEFT,431.43
46712310404,"FOOTREST, REAR RIGHT",81.24
46712330765,STOPPER,15.07
46712332735,FOOTREST RUBBER,33.95
46715A65BB7,"FOOT PEG BRACKET, ",362
46715A65BB8,"FOOT PEG BRACKET, ",362
46715A68071,FOOTREST LEFT,236.97
46715A6F8B8,FOOT PEG PLATE RIGHT,479.76
46717108997,HOLDER END MUFFLER,209
46717109077,FOOT PEG PAD,33.95
46717664225,FOOTREST RUBBER,33.95
46717674588,STOP PLATE,9.77
46717675691,PIN,22.99
46717680530,PIN,22.99
46717688644,STOPPER,14.96
46717705653,"FOOTREST, REAR LEFT",135.4
46717708633,"FOOTREST, REAR LEFT",114
46717708634,"FOOTREST, REAR RIGHT",114
46717715503,BUSHING,30.61
46717726491,TRAPEZOIDAL SCREW,5.5
46717728427,"FOOTREST, LEFT",135.4
46717728828,BRACKET,14.86
46717728903,"FOOT PEG, LEFT, WITH ",148.94
46717923218,"FOOT PEG BRACKET, ",423.58
46717924069,"FOOTREST, LEFT",236.97
46718361540,"FOOTREST, RIGHT",135.4
46718392688,HEEL DEFLECTOR,85
46718392689,COMPRESSION SPRING,3.65
46718392716,DETENT PLATE,7
46718393176,FOOTPEG PLATE RIGHT,467.91
46718404601,LEFT REAR FOOTREST,504.77
46718404602,RIGHT REAR FOOTREST,504.77
46718526107,RETAINER SPRING,6
46718526852,PLATE,15.19
46718528781,SPACER TUBE,12.3
46718528782,RETAINER SPRING,6.45
46718530633,FOOTREST RUBBER,33.95
46718535561,COVER FOR PASSENGER,47.76
46718544486,FOOTREST RUBBER,33.95
46718549350,"FOOTREST, LEFT",148.94
46718549351,"FOOTREST, RIGHT",148.94
46718553972,DRIVER FOOTREST RIGHT,89.34
46718556264,RIGHT REAR FOOTREST,376.97
46718556265,LEFT REAR FOOTREST,376.97
46718556271,CAP,23
46719443525,"FOOTREST, LEFT",148.94
46719444651,"FOOTREST, REAR LEFT",148.94
46719444652,"FOOTREST, REAR RIGHT",148.94
46719446331,PIN,22.99
46719467686,BRAKE PEDAL,289.97
46719467694,FOOTPEG PLATE RIGHT,427.11
46719467716,"FOOTREST PLATE, REAR ",142.36
46719467717,"FOOTREST PLATE, REAR ",142.36
46719467887,PIN,22.99
46719898532,VERSTELLEINHEIT,248.82
46719898543,"FOOTREST, LEFT",236.97
46719898544,"FOOTREST, RIGHT",236.97
46719899349,FOOTREST FOR,126
46719909301,FILLISTER-HEAD SCREW,11.83
46719909302,FILLISTER-HEAD SCREW,12.24
46815A7A555,"FAIRING SIDE SECTION, ",544.54
46815A7A556,"FAIRING SIDE SECTION, ",558.69
46815A84E57,"TANK TRIM, LEFT",893.92
46815A84F51,"TANK TRIM, LEFT","1,251.45"
46815A8D7E2,"GRILL COVER, RIGHT",303.74
46815B411F7,"UPPER TRIM SECTION, ",410.68
46815B411F9,"UPPER TRIM SECTION, ",391.12
46815B41208,"LATERAL TRIM PANEL, ",938.62
46815B41209,"FAIRING SIDE PANEL, ",893.92
46815B41210,"FAIRING SIDE PANEL, ",893.92
46815B425A0,PILLION SEAT COVER,338.36
46815B50016,WINGLET RIGHT,586.61
46815B50BE4,"Lateral trim panel, right ",991.38
46817914587,SIDE TRIM PANEL LEFT,391.12
46817914588,SIDE TRIM PANEL RIGHT,391.12
46817923997,SIDE TRIM PANEL WITH,340.88
46817923998,SIDE TRIM PANEL WITH,340.88
46817924002,SIDE TRIM PANEL WITH,357.95
46817925025,"FRONT-FAIRING PANEL, ","1,191.86"
51111908077,EXPANDING RIVET,1.64
51117707528,FILLISTER HEAD SCREW,2.25
51141542013,"LOGOTYPE, FRONT-",175.88
51141542014,"LOGOTYPE, FRONT-",175.88
51141542015,DECOR FRONT-WHEEL,123.11
51141542016,DECOR FRONT-WHEEL,123.11
51142308800,BADGE,24.77
51142328447,Badge,24.77
51145A738B0,Lettering headlight trim panel,0
51145A7ABE3,SPONSOR STICKER,296.07
51145A7F0D1,Decor fuel tank left,175.88
51145A7F0D2,Decor fuel tank right,175.88
51145A82B42,"DECOR, WINGLET, RIGHT",148.03
51145A82B45,DECOR FAIRING SIDE,103.63
51145A82B53,"DECOR, TANK COVER, ",222.05
51145A82B57,DECOR TANK COVER,148.03
51145A82B63,"DECOR, TANK COVER, ",103.63
51145A82E95,DECOR RADIATOR COWL,146.65
51145A82E96,DECOR RADIATOR COWL,146.65
51145A82EF5,DECOR FRONT WHEEL,190.64
51145B37086,"DECOR, WINGLET, RIGHT",148.03
51145B37088,DECOR FAIRING SIDE,148.03
51145B37092,DECOR FAIRING SIDE,148.03
51145B370A0,DECOR FAIRING SIDE,103.63
51147108606,DECOR FRONT WHEEL,175.88
51147108841,DECOR FAIRING TOP,148.03
51147108853,DECOR AIR ROUTING TOP,103.63
51147108854,DECOR AIR ROUTING TOP,103.63
51147108855,DECOR AIR ROUTING,103.63
51147721222,Badge,99.01
51147721223,BADGE,99.01
51147914799,DECOR FOR SIDE TRIM,103.63
51147914800,DECOR FOR SIDE TRIM,103.63
51147925498,INSCRIPTION RADIATOR,146.65
51148164924,"BADGE, 58MM / 2 Pin",99.01
51148209932,GROMMET,1.28
51148396274,LETTERING RIGHT,87.93
51148406633,DECOR FAIRING TOP,103.63
51148406635,LETTERING FOR TRIM OF,192.44
51148406669,"DECOR, REAR SIDE ",84.85
51148523017,DECOR SIDE TRIM PANEL,148.03
51148523018,DECOR SIDE TRIM PANEL,148.03
51148545115,LETTERING LEFT,130.43
51148545116,LETTERING RIGHT,130.43
51148545123,CHROME MOLDING FOR,114
51148545124,CHROME MOLDING FOR,114
51148551882,"DECOR, RIGHT",105.7
51148551884,LETTERING RIGHT,128.25
51165A674B3,"Mirror, left",425.2
51165A69911,MIRROR HANDLEBAR END,151
51165A69912,MIRROR HANDLEBAR END,151
51167009330,GAS PRESSURIZED,128.82
51167107617,Set decoupling mirror,100
51167107929,"MIRROR HOUSING, LEFT",158.59
51167107930,"MIRROR HOUSING, RIGHT",158.59
51167670952,CAP RIGHT,531.97
51167698437,Cover,5.91
51167698470,COUNTER NUT,3.88
51167698694,Adapter,18.12
51167701596,TRIM PANEL RIGHT,117.42
51167710463,MIRROR LEFT,358.94
51167710464,MIRROR RIGHT,358.94
51167723405,MIRROR LEFT,134.24
51167724110,"MIRROR, ANTENNA, ",358.94
51167727521,LEFT MIRROR GLASS,127.4
51167922105,MIRROR LEFT,204.83
51167922106,MIRROR RIGHT,204.83
51167924985,MIRROR LEFT,718.21
51167924986,MIRROR RIGHT,718.21
51168197908,EXPANDING RIVET,1.64
51168358966,Mirror,152.73
51168388534,RIGHT MIRROR GLASS,172
51168388971,"DECOUPLING ELEMENT, ",14.39
51168388972,"DECOUPLING ELEMENT, ",14.39
51168393426,"MIRROR HOUSING, RIGHT",162.72
51168562354,MIRROR RIGHT,323.05
51168562655,"MIRROR HOUSING, LEFT",61.99
51168562656,"MIRROR HOUSING, RIGHT",61.99
51168562670,"Covering cap,outside mirr",142.85
51168567447,MIRROR LEFT,165.74
51168567453,MIRROR LEFT,149.16
51168567454,MIRROR RIGHT,149.16
51169151916,FILLISTER HEAD SCREW,0.97
51181852299,PLUG-IN NUT,0.54
51217061955,OVAL-HEAD SCREW WITH,2.98
51251233898,STANDARD KEY (CODE),42.54
51251453645,"IGNITION KEY, FOLDING ",51.11
51252313229,KEY (BLANK),48.56
51252313284,LOCK CYLINDER WITH,63.16
51252313285,LOCK (WITH KEY CODE),50
51252313286,STEERING LOCK,67.03
51252313287,STEERING LOCK (WITH,63.76
51255B89714,FRACTURE BOLT,8.64
51257108720,IGNITION LOCK W/,442.05
51257109610,KIT SINGLE-KEY LOCKING,"1,411.99"
51257654883,IGNITION KEY (CODE),60.74
51257680580,PIN,12.8
51257681200,LOCK CYLINDER WITH VIN,87
51257681201,EMERGENCY CODE,106.26
51257681202,VEHICLE KEY (CODE),151.8
51257688674,KEY WITHOUT,60.74
51257688841,LOCK CYLINDER SET FOR,63
51257698202,Rep.kit f lock cylinder Vario,48
51257698203,REP.KIT F LOCK,56.95
51257698204,Rep.kit f lock cylinder Long,48
51257703004,LOCK CYLINDER WITH VIN,103.51
51257711811,LOCK SCREW,6.44
51257914851,KIT LOCKS,496.75
51258102179,KIT SINGLE-KEY LOCKING,"1,411.99"
51258406057,REPAIR KIT KEY BIT,34.01
51258526846,FILLER CAP LOCK (WITH,63.76
51258528837,SET KEYS WITH BMSK,"2,140.86"
51258540948,SET UNIFORM LOCKING,596.44
51258540950,VEHICLE KEY (CODE),151.8
51258540952,EMERGENCY CODE,106.26
51258545791,STEERING LOCK (WITH,103.51
51258561555,FRACTURE BOLT,5.5
51258567001,IGNITION LOCK WITH,231.22
51259062811,IGNITION KEY (CODE),42.54
51417053138,SELF-LOCKING HEX NUT,2.58
51467002606,EXPANDING RIVET,1.03
51483418609,EXPANDING RIVET (Not,1.08
51488353567,EXPANDING RIVET,2.34
51497054361,EXPANDING RIVET,1.64
51718226190,EXPANDING RIVET,2.17
51777416285,ABRASION-RESISTANT,6.5
51912360708,TOUCH-UP STICK LIGHT,39.41
52105A09840,CLIP,2.7
52201964201,"CLIP, BLACK",1.88
52517002116,SADDLE MOUNT,133.52
52531230319,RUBBER SUPPORT (Not,8.8
52531540889,PASSENGER SEAT,873.71
52531541508,RIDER'S SEAT COMFORT,489.79
52531541509,RIDER'S SEAT COMFORT,489.79
52531541510,RIDER'S SEAT COMFORT,489.79
52532328610,GROMMET,7.33
52535A250A6,RIDER'S SEAT M LOW,349.35
52535A677D3,RIDER'S SEAT BLACK LOW,311.38
52535A73228,DRIVER'S SEAT KOMFORT,489.79
52535A76E25,COVER,49.11
52535A787B6,RIDER'S SEAT COMFORT,489.79
52535A787B8,DRIVER'S SEAT KOMFORT,489.79
52535A787C0,DRIVER'S SEAT KOMFORT,489.79
52535A97FE5,STOOL COVER,"1,170.00"
52535A9D382,DRIVER'S SEAT,862.56
52535B3E9C0,DRIVER'S SEAT,349.35
52535B6E5D4,RIDER'S SEAT M LOW,349.35
52535B6F1D1,RIDER'S SEAT SPORT,349.35
52535B6F1D2,RIDER'S SEAT SPORT,349.35
52535B6F1D3,"DRIVER'S SEAT, RACE",698.23
52537108146,SEAT SPORT LOW,431.57
52537108147,SEAT SPORT HIGH,431.57
52537109391,STRAP,59.18
52537653614,FILLISTER HEAD SCREW,7.55
52537672353,PIPE,26.93
52537677424,SUPPORT,6.45
52537686463,BADGE,24.77
52537703580,RUBBER SUPPORT,5.83
52537718633,RUBBER BUFFER,6.76
52537719484,"COMFORT SADDLE, HIGH",429.5
52537719485,COMFORT DUAL SEAT,429.5
52537727087,BINDING HEAD SCREW,6.74
52537914516,LOW-PROFILE BENCH,336.28
52538393583,DRIVER'S SEAT BROWN,889.89
52538393633,DRIVER'S SEAT,404.78
52538393634,PASSENGER SEAT,437.15
52538393857,BENCH SEAT,353.1
52538403367,"PASSENGER SEAT, BLACK",462.05
52538406265,RIDER'S SADDLE 'SPORT',340.5
52538406267,"DRIVER'S SEAT SPORT, ",340.5
52538533653,ENGAGEMENT HOOK,19.2
52538544786,"Driver's seat, black, low",445.25
52538554099,"SEAT, EXTRA LOW, BLACK",335.43
52538562135,Low-profile bench seat,242.86
52538569714,BENCH SEAT,291.14
52538569758,"PASSENGER SEAT, BLACK",262.03
52538829432,DRIVER'S SEAT KOMFORT,489.79
52538829921,GRAB STRAP FOR SEAT,36
52539443820,"DRIVER'S SEAT, BLACK, ",404.78
52539444677,Cover,199.54
52539444687,PASSENGER SEAT,277.43
52539457789,RIDER'S SEAT COMFORT,445.25
52539457793,RALLY SEAT LOW (blue red,373.64
52539480745,LOW-PROFILE BENCH,336.28
52539829799,SEAT BENCH ONE-PIECE,534.29
52539829802,SEAT BENCH ONE-PIECE,534.29
52539829807,LOW-PROFILE BENCH,558.58
52539829808,LOW-PROFILE BENCH,558.58
54318232767,GAS PRESSURIZED,87.99
61115B51146,MAIN WIRING HARNESS,"2,165.58"
61117107981,MAIN WIRING HARNESS,"2,100.63"
61117108709,MAIN WIRING HARNESS,"2,165.58"
61117712914,MAIN WIRING HARNESS,"1,237.49"
61118355084,MAIN WIRING HARNESS,"1,500.42"
61118521379,MAIN WIRING HARNESS,"1,392.19"
61121540935,WIRING HARNESS F.LED,65
61121542507,"WIRING HARNESS, ",70
61121605831,"WIRING HARNESS, ",37
61121606441,"WIRING HARNESS, ",37
61121683823,WIRING HARNESS F.LED,113.98
61122408012,Apple Lightning Cable,84
61125B51192,"WIRING HARNESS, ",54.42
61125B69923,CABLE HOLDER,6.21
61125B6FDD6,"ADAPTER LEAD, RELAY, ",97.64
61125B70FC9,"ADAPTER LEAD, RELAY, ",97.64
61127698475,"CONNECTION CABLE, ",95.18
61127699594,CONNECTION CABLE,35.16
61127712581,"CONNECTION CABLE, ",61
61128395601,Wiring harness f.LED auxi,168
61128414939,WIRING HARNESS F,118
61128523365,ADAPTER LEAD,65.08
61128548716,"ADAPTER WIRE, SEAT ",47.33
61129457373,CABLE REGISTRATION,48.82
61131367599,Cable tie,0.94
61131372033,BODY NUT (Not returnable),1.45
61131372391,Cable tie,0.41
61131378964,"BRACKET, PLUG ",3.54
61131379833,SHRINKING HOSE (Not,1.98
61132306793,CAP FOR DIAGNOSIS,13.82
61132359997,REP. KIT FOR SOCKET,26.7
61135B702F7,PROTECTION CAP,13.2
61135B70327,HOLDER,46.09
61136917400,"Fuse Mini, rosa",1.22
61136917401,"Fuse Mini, yellow-brown",1.22
61136917402,"Fuse Mini, brown",1.22
61136917403,"Fuse Mini, red",1.33
61136917404,"Fuse Mini, blue",1.33
61137107992,RETAINING PLATE,24
61137676283,DIAGNOSIS PLUG,5.42
61137723698,RUBBER TENSION STRAP,7
61137923615,SEALING CAP,24.55
61138060106,PLUG HOUSING,50.81
61138364594,FUSE,5.34
61138367132,"FUSE MAXI, ORANGE",11.38
61138368029,Clip retainer,1.38
61138383139,INSULATING CAP,3.14
61138532186,Rubber grommet,5.59
61138563092,HOLDER PLUG CAP OBD,11.36
61138760138,Fuse,1.98
61139200225,CABLE STRAP WITH,2.93
61139843209,FUSE,8.22
61211459655,HEX BOLT (Not returnable),4.8
61211542173,AGM BATTERIE,258.46
61212346800,"Battery, maintenance-free",300.46
61215A64DC8,LITHIUM-ION BATTERY,875.77
61215B44B31,LITHIUM-ION BATTERY,560.27
61217708614,Battery AGM,311.23
61217728248,BATTERY HOLD DOWN,45.85
61218389125,BATTERY AGM,268.15
61218389126,BATTERY AGM,99
61218389127,BATTERY AGM,180
61218394179,Battery AGM,195.75
61218414924,BATTERY R18,360.77
61218504075,LITHIUM-ION BATTERY,720.46
61218504076,LITHIUM-ION BATTERY,505.08
61218531108,Battery,159.5
61218531121,Battery AGM (61219457225),268.15
61218536887,COVER CAP JUMP START,4.47
61218544472,BATTERY,159.5
61218568718,KIT SCREWS,18.74
61311244392,HAZARD WARNING RELAY,74.47
61311459569,SWITCH,132.12
61312346550,VOLTAGE REGULATOR,348.72
61315B54962,THROTTLE GRIP,517.03
61315B68112,Combination switch right,394.18
61317105098,E-THROTTLE GRIP,517.03
61317105102,E-THROTTLE GRIP,444
61317671111,MICROSWITCH,38.59
61317673550,HANDLE RIGHT (Not,135.7
61317682091,FILLISTER HEAD SCREW,4.05
61317683119,FLANGED CAP SCREW,3.79
61317694815,"SWITCH, AUXILIARY ",166.96
61317706415,HANDLE LEFT,86.1
61317707943,VOLTAGE REGULATOR,185.96
61317708227,HANDLE LEFT,164
61317708233,COVER FOR,10.94
61317708589,MULTI-CONTROLLER,277.01
61317714235,HANDLE LEFT,191.3
61317723713,HANDLE LEFT,191.3
61317723714,BINDING HEAD SCREW,5.53
61317727065,HANDLE LEFT,164
61317727067,HANDLE LEFT,164
61317727498,MULTI-CONTROLLER,268.96
61317727499,MULTI-CONTROLLER,292.63
61318382956,E-THROTTLE GRIP,217.17
61318388632,ADD.SWITCH,299.03
61318388642,"SWITCH, KICKSTAND",160.74
61318394256,"Extra switch, driving lig",153.69
61318394467,COMBINATION SWITCH,738.07
61318522459,COMBINATION SWITCH,802.94
61318522468,E-THROTTLE GRIP,310.23
61318522472,E-THROTTLE GRIP,517.03
61318522476,THROTTLE GRIP,271.47
61318529368,DUAL MICROPHONE,102.91
61318534420,E-THROTTLE GRIP,310.23
61318534422,E-THROTTLE GRIP,444
61318534424,E-GASGRIFF,517.03
61318542310,CSK.FILLISTER HEAD,4.29
61318547664,BODY SCREW WITHOUT,5.88
61318549065,COMBINATION SWITCH,756.18
61318549455,HANDLE LEFT,164
61318549965,COMBINATION SWITCH,687.43
61318552124,E-THROTTLE GRIP,444
61318562126,BRAKE LIGHT SWITCH,38.59
61318566508,THROTTLE GRIP heated,233
61318567720,COMBINATION SWITCH,351.82
61319467931,COMBINATION SWITCH,738.07
61319467935,COMBINATION SWITCH,324.85
61319467940,E-THROTTLE GRIP,517.03
61319467943,COMBINATION SWITCH,450.14
61319480151,COMBINATION SWITCH,651.46
61321358198,RELAY,72.73
61328048118,KEY,21.85
61345A78DC3,USB CHARGING SOCKET,49
61347714741,PLUG-IN SOCKET,63
61347921643,ADAPTER LEAD (Lightning),78
61349899950,ADAPTER LEAD (USB-C),38
61355B52A69,GENERAL MODULE,542.69
61355B5C703,CONTROL UNIT,"1,023.84"
61355B5C706,Control unit reverser New,972.7
61355B73A31,"KIT, GROUNDING CABLE, ",37.05
61355B81812,"BASIC MODULE ""LIGHT""",542.69
61355BB0FF7,CONTROL UNIT,172.83
61355BBBD35,CONTROL UNIT,172.83
61357108182,GENERAL MODULE,499.16
61357108560,ACC-Sensor,401
61357655540,STARTER MODULE,198.58
61357684057,O-RING,4.73
61357693144,GROMMET,6.05
61357693145,Grommet,7.82
61357705247,RING ANTENNA,103.91
61358394897,CENTRAL CHASSIS,"1,474.24"
61358409399,BASIC MODULE,696.24
61358524078,CONTROL UNIT,898.46
61358534815,CONTROL UNIT ESA,972.7
61359444031,CONTROL UNIT,878.3
61359444746,HOLDER,46.57
61359829070,HOLDER,52.74
61361389105,RELAY IN ZINC YELLOW,22.77
61362306526,ABS MOTOR RELAY,116.26
61362306888,STARTER RELAY,59.46
61367704174,RELAY,24.65
61367924276,MINI-RELAY CONTACTOR,33.11
61368354778,STARTER RELAY,99.31
61369207913,RELAY,24.65
61427914260,CHARGING DEVICE,637.36
61427914274,"CONNECTING CABLE, ",344.15
61432289103,BATTERY COMFORT,24
62111598809,INSTRUMENT CLUSTER,"2,293.55"
62111683196,INSTRUMENT CLUSTER,"2,374.51"
62111691262,REVOLUTION COUNTER,801.45
62111691270,INSTRUMENT CLUSTER,"2,097.64"
62115A69B29,Instrument cluster,"3,273.85"
62115B3EE98,INSTRUMENT CLUSTER,"2,655.16"
62115B4E397,INSTRUMENT CLUSTER,"3,273.85"
62115B61D43,INSTRUMENT CLUSTER,"3,273.85"
62115B75D85,INSTRUMENT CLUSTER,"2,655.16"
62115B7A278,INSTRUMENT CLUSTER,"2,724.20"
62115B7C924,INSTRUMENT CLUSTER,"3,358.96"
62115B8E881,INSTRUMENT CLUSTER,"3,358.96"
62115B9B677,INSTRUMENT CLUSTER,"3,358.91"
62117677036,INSTR. CLUST. NOT,"1,043.97"
62117713642,INSTRUMENT CLUSTER,"1,816.12"
62117921840,CIRCLIP,3.55
62117921973,Instrument cluster (mph),"1,906.95"
62118356970,GROMMET,6.41
62118393192,INSTRUMENT CLUSTER,"1,906.95"
62118567112,REPAIR KIT INSTRUMENT,577.66
62118567597,TRIM PANEL,175.04
62142306127,BULB (non returnable),5.59
62161459608,GASKET RING,24
62217670749,Rubber grommet,5.32
63117318327,CONTROL UNIT XENON,755.35
63125B53B03,RUBBER GROMMET,7.77
63125B5B781,COLLAR BUSH,14.5
63127107826,LED HEADLIGHT,"2,563.33"
63127674841,"BLIND RIVET NUT, FLAT ",26.12
63127694805,FLAT NUT,8.18
63127703969,"BULB SOCKET, PARKING ",14.55
63127727887,COLLAR BUSH,3.5
63128395624,LED HEADLIGHT,"3,275.37"
63128395642,LED HEADLIGHT PRO,"1,567.68"
63128523990,BULB XENON LIGHT,437.46
63128530117,REFLECTOR,367.94
63128543005,SET OF LED MODULES,761.18
63128554173,ACTIVE XENON,"2,977.61"
63128557220,LED HEADLIGHT,"2,563.33"
63128557261,CONTROL UNIT FOR LED,542.69
63128557263,CONTROL UNIT FOR LED,542.69
63129467591,LED HEADLIGHT,"3,275.37"
63131539653,"LED TURN SIGNAL, FRONT ",185
63131539654,"LED TURN SIGNAL, FRONT ",185
63131539689,LED TURN INDICATOR,110.82
63132305811,COVER LEFT,93.59
63132305812,COVER RIGHT,93.59
63132306293,LAMP LENS,30.73
63132306493,TURN INDICATOR,88.63
63132306494,TURN INDICATOR,88.63
63132306499,SCREW,5.47
63132306801,TURN INDICATOR,20.26
63135A6AD02,LED TURN SIGNAL FRONT,81
63137108377,SET TURN SIGNAL,201.23
63137655661,Oval head screw,4.64
63137667768,HOLDER FOR TURN,29.26
63137667771,HOUSING,41.19
63137667772,HOUSING,41.19
63137680699,FRONT LEFT TURN,73.16
63137684528,LAMP LENS WHITE/CLEAR,27.66
63137708048,LED TURN INDICATOR,55
63137723437,"TURN SIGNAL LAMP, ",88.63
63137723438,"TURN SIGNAL LAMP, ",88.63
63138534351,LAMP LENS,27.66
63138534352,TURN INDICATOR,88.63
63138534353,TURN INDICATOR,88.63
63138534354,TURN INDICATOR,88.63
63138534355,TURN INDICATOR,88.63
63138534358,"TURN SIGNAL LAMP, ",88.63
63138534359,"TURN SIGNAL LAMP, ",88.63
63138541626,"LED TURN SIGNAL, FRONT ",243.79
63138557188,LED TURN INDICATOR,110.82
63138557204,LED TURN INDICATOR,110.82
63138557271,LED TURN SIGNAL HAND,243.79
63139898705,"LED TURN SIGNAL, FRONT ",200
63139898706,LED TURN SIGNAL RIGHT,200
63145A647C1,REAR REFLECTOR RED,16.42
63147671349,"Reflector, red",16.42
63147727679,LICENCE PLATE ADAPTOR,17.91
63148406746,Rear reflector red touring,27.35
63148525513,REAR REFLECTOR,22.81
63148559148,REFLECTOR,25.07
63148564665,LICENCE PLATE ADAPTOR,17.5
63149443188,"REFLECTOR, RED, RIGHT",25.07
63149467625,REAR REFLECTOR,18.23
63177723678,SHIM,10.89
63178532147,LED AUXILIARY,281
63178559207,LED AUXILIARY,229
63179443350,ADDITIONAL HEADLIGHT,454
63179443351,ADDITIONAL HEADLIGHT,239
63179457322,LED AUXILIARY,229
63210301657,"KIT, LICENCE PLATE ",21.9
63212346438,"Reflector, red",20.46
63217160777,BULB (12V 55W H1),10.44
63217160779,BULB,12.06
63217160780,BULB (H7/55W),16.04
63217160789,BULB,6.18
63217160790,Longlife bulb,7.72
63217160791,BULB YELLOW,5.16
63217160793,BULB,5.94
63217160797,Longlife bulb,8.72
63217160805,BULB,4.74
63217160935,Longlife bulb,9.72
63217162953,Longlife bulb (H4),15.06
63217169203,BULB,7.19
63217668368,LENS,73.76
63217679213,REAR LIGHT,666.78
63218525575,BASE SUPPORT SYSTEM,29
63218525576,"LICENSE PLATE LAMP, ",61
63218525604,LED TAIL LAMP,384.68
63218528399,LED TAILLIGHT,299.19
63218541629,LED TAILLIGHT CLUSTER,681.73
63231539659,MULTIFUNCTIONAL,355.13
63231539660,MULTIFUNCTIONAL,355.13
63237707346,TURN INDICATOR,26.05
63237720563,"TURN SIGNAL LAMP, ",88.63
63237720564,"TURN SIGNAL LAMP, ",88.63
63237723439,ADAPTER FOR TURN,9.5
63237924982,MULTIFUNCTIONAL TURN,138
63238525529,MULTIFUNCTIONAL TURN,188.39
63238534360,"TURN SIGNAL LAMP, ",88.63
63238534361,"TURN SIGNAL LAMP, ",88.63
63238557203,LED TURN INDICATOR,110.82
63239898709,MULTIFUNCTIONAL,355.13
63239898710,MULTIFUNCTIONAL,355.13
63267193294,"LICENSE PLATE LAMP, ",25
64118247773,LOCK RING,3.19
64121378285,HOSE CLAMP,2.52
64221356171,EXPANDING RIVET,1.64
65121692832,CONTROL UNIT FOR,"1,556.32"
65137727881,LOUDSPEAKER LEFT,386.2
65137728051,"BRACKET FOR SPEAKER, ",34.88
65138564604,REAR RIGHT,290.8
65138564605,REAR LEFT,290.8
65217728901,ANTENNA,112.54
65217728902,ANTENNA CABLE,77.85
65755A69605,HAND-HELD,127.35
65755A74AF5,RDC SENSOR,154.73
65755A958C2,CONTROL UNIT DWA,530
65755B4DE45,CONTROL UNIT DWA,516
65755B563B5,CONTROL UNIT DWA,530
65755B71A78,CONTROL UNIT DWA,530
65759444635,REMOTE CONTROL,124.12
65901540646,KIT FOR GPS,487
65905B607D2,NAVIGATOR HOLDER,367
65905B81621,"SET, NAVIGATION ",487
65905B8EDC1,CONNECTEDRIDE MOUNT,242
65908524463,COVER,11.23
66125A94F18,RADIO-OPERATED KEY,517.93
66125A9BFB6,RADIO-OPERATED KEY,531.38
66125A9D565,"RADIO-OP. KEY, KEYLESS ",531.38
66125B5EB23,KEY FOB TRANSMITTER,531.38
66125B8B697,Radio-operated key Keyless,531.38
66126912985,Battery Key Fob CR2032,6.99
66127108667,KEYLESS RIDE REMOTE,496.39
66127108669,KEYLESS RIDE RADIO-OP.,506.19
66127108718,KEY FOB TRANSMITTER,531.38
66127914594,KEY FOB TRANSMITTER,531.38
66128531633,"ANTENNA, KEYLESS RIDE",103.91
66128549911,EMERGENCY CODE,106.26
66128829559,KEYLESS RIDE CONTROL,"1,023.84"
66129443381,"ANTENNA, KEYLESS RIDE",103.91
66129831884,REPAIR KIT KEY BIT,34.01
71111112893,DOUBLE OPEN-END,15.97
71112316019,HOOK WRENCH,17.93
71112324963,CAR TOOL,103.99
71112447552,Breakdown assistance kit,49
71115B3DD93,GRIP,3.9
71117663686,OPEN-ENDED WRENCH,8.08
71117691446,Opener oil cap,4.25
71117692574,SCREWDRIVER INSERT,8.31
71118394830,PLASTIC BAG F ON-,2.46
71118528533,ROTARY KNOB,7.04
71118551864,OPENER OIL CAP ALL,6.55
71227924038,INSTRUCTION NOTICE US,24.91
71227924039,"SIGN, SPEED",26.65
71227924040,"SIGN, SPEED (Not ",24.11
71602285541,"AWC F800GS/GSA, ",146
71602410791,SIDE STAND FOOT,60.95
71602410793,SIDE STAND FOOT K52,59.95
71602412380,ATACAMA SOFT TOP,285
71602450408,K1600GT/L and R1200RT,169.95
71605A4E497,ULTIMATE RIDERS KIT,375
71607654038,"SAFETY BAR, RIGHT (Not ",169
71607658937,"REAR VIEW MIRROR, ",153.5
71607680840,Fastening set,26
71607686761,"WINDSHIELD, HIGH",447
71607688877,Set backrest cushion Top,156
71607689674,VEHICLE COVER,166
71607693917,SET LUGGAGE CARRIER,227
71607696117,SAFETY SCREW FOR OIL,150
71607696300,"VARIO CASE, RIGHT",584
71607702951,"ENGINE GUARD, ",436.91
71607719744,SET CASE HOLDER,56.9
71608406750,SAFETY SCREW FOR OIL,70
71608526643,MOUNTING PARTS SET,34
72602240336,Motorrad Chain Lube 12 oz,11.26
72602410386,Water bottle,15
72602414069,BMW MOTORRAD,49
72602414070,BMW MOTORRAD,49
72602414071,BMW MOTORRAD,49
72602414072,BMW MOTORRAD,49
72602414073,BMW MOTORRAD,49
72602414074,BMW MOTORRAD,49
72602414075,BMW MOTORRAD,49
72602414076,BMW MOTORRAD,49
72602414077,BMW MOTORRAD,49
72602414078,BMW MOTORRAD,49
72602414080,BMW Motorrad Long Sleeve,70
72602414081,BMW Motorrad Long Sleeve,70
72602414082,BMW Motorrad Long Sleeve,70
72602473187,BMW MOTORRAD,35
72602473188,BMW MOTORRAD,35
72602473189,BMW MOTORRAD,35
72602473190,BMW MOTORRAD,35
72602473191,BMW MOTORRAD,35
72602473193,BMW MOTORRAD,35
72602473194,BMW MOTORRAD,35
72602473195,BMW MOTORRAD,35
72602473196,BMW MOTORRAD,35
72602473197,BMW MOTORRAD,35
72602473199,BMW Motorrad Vintage T-,35
72602473200,BMW Motorrad Vintage T-,35
72602473201,BMW Motorrad Vintage T-,35
72602473202,BMW Motorrad Vintage T-,35
72602473203,BMW Motorrad Vintage T-,35
72602473204,MOTORRAD VINTAGE T-,35
72602473205,MOTORRAD VINTAGE T-,35
72602473206,MOTORRAD VINTAGE T-,35
72602473207,MOTORRAD VINTAGE T-,35
72602473208,MOTORRAD VINTAGE T-,35
72605B819C6,MOTORSPORT BASICS,35
72605B819C7,MOTORSPORT BASICS,35
72605B819C8,MOTORSPORT BASICS,35
72605B819E2,MOTORSPORT BASICS,35
72605B81A28,BMW MOTORRAD M 1000,49
72605B81A29,BMW MOTORRAD M 1000,49
72605B81A31,BMW MOTORRAD M 1000,49
72605B81A33,BMW MOTORRAD M 1000,49
72605B81A40,MOTORSPORT BASICS,35
72605B81A41,MOTORSPORT BASICS,35
72605B81A42,MOTORSPORT BASICS,35
72605B81A43,MOTORSPORT BASICS,35
76115A80B03,JACKET GS NAMIB GTX,"1,199.00"
76115A80B37,PANTS GS NAMIB GTX,699
76115A80BD5,JACKET GS RALLYE GTX,685
76115A80BD6,JACKET GS RALLYE GTX,685
76115A80CB2,JACKET GS RALLYE AIR,599
76115A80CB3,JACKET GS RALLYE AIR,599
76115A80CB4,JACKET GS RALLYE AIR,599
76115A80CE5,PANTS GS RALLYE AIR,399
76115A80CE6,PANTS GS RALLYE AIR,399
76115A80CE7,PANTS GS RALLYE AIR,399
76115A80CE8,PANTS GS RALLYE AIR,245
76115B3D1B8,PANTS GS RALLYE GTX,849
76115B3D232,"TROUSERS, GS TATACOA, ",359
76115B3D460,JACKET GS RALLYE GTX,"1,099.00"
76115B3D461,JACKET GS RALLYE GTX,"1,099.00"
76115B3D462,JACKET GS RALLYE GTX,"1,099.00"
76115B3D4C0,"JACKET, GS TATACOA, ",569
76115B3D4C1,"JACKET, GS TATACOA, ",569
76115B3D551,"JACKET, PACE PRO, ","1,250.00"
76115B3D552,"JACKET, PACE PRO, ","1,250.00"
76115B3D553,"JACKET, PACE PRO, ","1,250.00"
76115B3D582,"JACKET, RESCHEN GTX, ",949
76115B5EDD6,JACKET GS RALLYE GTX,"1,099.00"
76115B5EE57,TROUSERS GS RALLYE,849
76115B5EF46,JACKET ARAVIS AIR MEN,649
76115B5EF47,JACKET ARAVIS AIR MEN,649
76115B5EF54,JACKET ARAVIS AIR MEN,649
76115B67771,"JACKET, PACE PRO, ","1,250.00"
76117913221,JACKET GS RALLYE GTX,999
76117913222,JACKET GS RALLYE GTX,999
76117913245,PANTS GS RALLYE GTX,799
76118395129,Trousers Rallye black blu 56,599
76118395273,Jacket Venting men's anth,244.79
76118395287,PANTS VENTING MEN'S,197.86
76118504396,JACKET GS RALLYE AIR,615.8
76118504397,JACKET GS RALLYE AIR,615.8
76118504398,JACKET GS RALLYE AIR,615.78
76118504399,JACKET GS RALLYE AIR,615.78
76118504425,PANTS GS RALLYE AIR,391.87
76118504464,JACKET GS RALLYE GTX,666.08
76118504466,JACKET GS RALLYE GTX,666.08
76118504467,JACKET GS RALLYE GTX,666.08
76118504490,PANTS GS RALLYE GTX,568.13
76118504491,PANTS GS RALLYE GTX,568.13
76118504493,PANTS GS RALLYE GTX,568.13
76118504518,JACKET GS RALLYE GTX,"1,108.42"
76118504520,JACKET GS RALLYE GTX,"1,108.42"
76121539820,"LEATHER JACKET, TWIN ",490
76121539823,"LEATHER JACKET, TWIN ",490
76125A809C4,JACKET SWARTBERG AIR,399
76125A809C5,JACKET SWARTBERG AIR,399
76125A809C6,JACKET SWARTBERG AIR,399
76125A809C7,JACKET SWARTBERG AIR,399
76125A809D2,JACKET SWARTBERG AIR,429
76125A809D3,JACKET SWARTBERG AIR,429
76125A809D4,JACKET SWARTBERG AIR,429
76125A80A01,JACKET SPANDAU MEN,459
76125A80E16,JACKET SIDEPOD AIR,399
76125A80E17,JACKET SIDEPOD AIR,399
76125A80E18,JACKET SIDEPOD AIR,399
76125A80E19,JACKET SIDEPOD AIR,399
76125A80E20,JACKET SIDEPOD AIR,399
76125A80E21,JACKET SIDEPOD AIR,399
76125A80E22,JACKET SIDEPOD AIR,399
76125A80E25,JACKET DOWNFORCE,599
76125A80E26,JACKET DOWNFORCE,599
76125A80E27,JACKET DOWNFORCE,599
76125A80E28,JACKET DOWNFORCE,599
76125A80E29,JACKET DOWNFORCE,599
76125A80E30,JACKET DOWNFORCE,599
76125A80E37,JACKET SINGAPORE MEN,259
76125A80E38,JACKET SINGAPORE MEN,259
76125A80E39,JACKET SINGAPORE MEN,259
76125A80E40,JACKET SINGAPORE MEN,259
76125A80E41,JACKET SINGAPORE MEN,259
76125A80E44,JACKET SCHWABING MEN,659
76125A80E56,PANTS GERLOS MEN,429
76125A80E57,PANTS GERLOS MEN,429
76125A80E58,PANTS GERLOS MEN,429
76125A80E59,PANTS GERLOS MEN,429
76125B3D2A7,"TROUSERS, STACHUS, ",259
76125B3D2B1,"TROUSERS, STACHUS, ",259
76125B3D2F3,"TROUSERS, STACHUS, ",259
76125B3D2F7,"TROUSERS, STACHUS, ",259
76125B3D336,"JACKET, BAVELLA, MEN'S, ",629
76125B3D337,"JACKET, BAVELLA, MEN'S, ",629
76125B3D338,"JACKET, BAVELLA, MEN'S, ",629
76125B3D4F3,"JACKET, NAPLES, BLUE",249
76125B3D500,"JACKET, NAPLES, ",249
76125B3D501,"JACKET, NAPLES, ",249
76125B3D502,"JACKET, NAPLES, ",249
76125B3D5B4,"JACKET, SCHWABING, ",559
76125B3D5D6,JACKET SIDEPOD AIR,359
76125B3D5D8,JACKET SIDEPOD AIR,359
76125B3D5D9,JACKET SIDEPOD AIR,359
76125B3D5E0,JACKET SIDEPOD AIR,359
76125B3D5E1,JACKET SIDEPOD AIR,359
76125B5EEC3,"JACKET, BAVELLA, MEN'S, ",595
76125B5EEC4,"JACKET, BAVELLA, MEN'S, ",595
76125B5EEC5,"JACKET, BAVELLA, MEN'S, ",595
76125B5EF01,PANTS GERLOS MEN'S,399
76125B5EF02,PANTS GERLOS MEN'S,399
76125B5EF03,PANTS GERLOS MEN'S,399
76125B5EF04,PANTS GERLOS MEN'S,399
76125B5EF16,PANTS GERLOS MEN,399
76125B5EF17,PANTS GERLOS MEN,399
76125B5EF18,PANTS GERLOS MEN,399
76125B5EF19,PANTS GERLOS MEN,399
76127913567,"JACKET SINGAPORE MEN, ",259
76127913568,"JACKET SINGAPORE MEN, ",259
76127913569,"JACKET SINGAPORE MEN, ",259
76127913570,"JACKET SINGAPORE MEN, ",259
76127913571,"JACKET SINGAPORE MEN, ",259
76127913579,JACKET SCHWABING 100,659
76127913581,JACKET SCHWABING 100,659
76127913582,JACKET SCHWABING 100,659
76127913583,JACKET SCHWABING 100,659
76127913584,JACKET SCHWABING 100,659
76127913668,"JACKET BAVELLA MEN, ",629
76127913669,"JACKET BAVELLA MEN, ",629
76127913670,"JACKET BAVELLA MEN, ",629
76127913671,"JACKET BAVELLA MEN, ",629
76127913672,"JACKET BAVELLA MEN, ",629
76127913673,"JACKET BAVELLA MEN, ",629
76127913674,"JACKET BAVELLA MEN, ",629
76127913675,"JACKET BAVELLA MEN, ",629
76127913711,JACKET,399
76127913712,JACKET,399
76127913713,JACKET,399
76127913714,JACKET,399
76128504875,JACKET SIDEPOD AIR,429
76128504876,JACKET SIDEPOD AIR,429
76128504881,JACKET DOWNFORCE,499
76128504883,JACKET DOWNFORCE,499
76128504897,JACKET SCHWABING,559
76128504898,JACKET SCHWABING,559
76128504899,JACKET SCHWABING,559
76128504900,JACKET SCHWABING,559
76128504930,PANTS GERLOS MEN'S,429
76128504931,PANTS GERLOS MEN'S,429
76128504932,PANTS GERLOS MEN'S,429
76128504933,PANTS GERLOS MEN'S,429
76129467089,PANTS CLIMAPROTECT,246.32
76129480040,"Jacket, RaceFlow, men's M",324.68
76129899255,PANTS 'RIDER' FOR MEN,207.63
76135A80C26,PANTS GS RALLYE GTX,515
76135A80C28,PANTS GS RALLYE GTX,515
76135A80CC8,JACKET GS RALLYE AIR,599
76135A80CC9,JACKET GS RALLYE AIR,599
76135A80CD0,JACKET GS RALLYE AIR,599
76135A80CD2,JACKET GS RALLYE AIR,599
76135A80D02,PANTS GS RALLYE AIR,245
76135A80D03,PANTS GS RALLYE AIR,245
76135A80D04,PANTS GS RALLYE AIR,245
76135B3D477,JACKET GS RALLYE GTX,"1,099.00"
76137913338,PANTS GS RALLYE AIR,399
76137913339,PANTS GS RALLYE AIR,399
76137913340,PANTS GS RALLYE AIR,399
76138395282,Jacket Venting ladies' an 42,254.71
76138504439,JACKET GS RALLYE AIR,415
76138504448,PANTS GS RALLYE AIR,296
76145A809B7,JACKET SWARTBERG AIR,429
76145A809B8,JACKET SWARTBERG AIR,429
76145A80E52,JACKET SCHWABING,659
76145A89740,JACKET SWARTBERG AIR,429
76145B5E935,JACKET GLANDON AIR,399
76145B5EEF3,JACKET BAVELLA,595
76145B5EEF4,JACKET BAVELLA,595
76145B5EEF5,JACKET BAVELLA,595
76145B5EF10,PANTS GERLOS WOMEN'S,399
76145B5EF11,PANTS GERLOS WOMEN'S,399
76145B5EF12,PANTS GERLOS WOMEN'S,399
76147913679,JACKET BAVELLA,629
76147913680,JACKET BAVELLA,629
76147913681,JACKET BAVELLA,629
76147913718,JACKET,350
76147913719,JACKET,350
76147913720,JACKET,350
76147913721,JACKET,175
76148504939,PANTS GERLOS WOMEN'S,429
76148504940,PANTS GERLOS WOMEN'S,429
76148504941,PANTS GERLOS WOMEN'S,429
76149899231,JACKET 'CLUB' IN,135
76211541056,"GLOVES, BOXERTORQUE, ",99
76211541057,"GLOVES, BOXERTORQUE, ",99
76211541058,"GLOVES, BOXERTORQUE, ",99
76211541059,"GLOVES, BOXERTORQUE, ",99
76211541350,"GLOVE, SUMMER, BLACK",100.75
76211541353,"GLOVE, SUMMER, BLACK",100.75
76211541359,"GLOVE, SUMMER, GRAY",139
76211541360,"GLOVE, SUMMER, GRAY",100.75
76211541361,"GLOVE, SUMMER, GRAY",100.75
76211541362,"GLOVE, SUMMER, GRAY",100.75
76211541382,GLOVE ''RALLYE'' IN,100.75
76215A80965,GLOVE ATLANTA GTX,119
76215A80966,GLOVE ATLANTA GTX,119
76215A80967,GLOVE ATLANTA GTX,119
76215A80968,GLOVE ATLANTA GTX,119
76215A80972,GLOVE PRO RACE BLACK,179
76215A80973,GLOVE PRO RACE BLACK,179
76215A80974,GLOVE PRO RACE BLACK,179
76215A80975,GLOVE PRO RACE BLACK,179
76215A80991,GLOVE GATOW BROWN,189
76215A80992,GLOVE GATOW BROWN,189
76215A80993,GLOVE GATOW BROWN,189
76215A80994,GLOVE GATOW BROWN,189
76215A809A2,GLOVE LEHEL,139
76215A809A3,GLOVE LEHEL,139
76215A809A4,GLOVE LEHEL,139
76215A809A5,GLOVE LEHEL,139
76215A809A6,GLOVE LEHEL,139
76215B3D042,"GLOVE, GS RALLYE, BLUE ",139
76215B3D043,"GLOVE, GS RALLYE, BLUE ",139
76215B3D044,"GLOVE, GS RALLYE, BLUE ",139
76215B3D045,"GLOVE, GS RALLYE, BLUE ",139
76215B3D049,"GLOVE, GS RALLYE, ",139
76215B3D050,"GLOVE, GS RALLYE, ",139
76215B3D051,"GLOVE, GS RALLYE, ",139
76215B3D052,"GLOVE, GS RALLYE, ",139
76215B3D056,"GLOVE, GS RALLYE, SAND ",139
76215B3D057,"GLOVE, GS RALLYE, SAND ",139
76215B3D058,"GLOVE, GS RALLYE, SAND ",139
76215B3D059,"GLOVE, GS RALLYE, SAND ",139
76215B3D063,"GLOVE, GS RALLYE GTX, ",189
76215B3D064,"GLOVE, GS RALLYE GTX, ",189
76215B3D065,"GLOVE, GS RALLYE GTX, ",189
76215B3D066,"GLOVE, GS RALLYE GTX, ",189
76215B3D086,"GLOVE, RESCHEN GTX, ",159
76215B3D087,"GLOVE, RESCHEN GTX, ",159
76215B3D088,"GLOVE, RESCHEN GTX, ",159
76215B3D0B0,"GLOVE, TENDA 2IN1 GTX, ",229
76215B3D0B1,"GLOVE, TENDA 2IN1 GTX, ",229
76215B3D0B2,"GLOVE, TENDA 2IN1 GTX, ",229
76215B5EC94,GLOVE GS RALLYE,139
76215B5EC95,GLOVE GS RALLYE,139
76215B5EC96,GLOVE GS RALLYE,139
76215B5EC97,GLOVE GS RALLYE,139
76215B5EE90,GLOVE ATLANTA,109
76215B5EE91,GLOVE ATLANTA,109
76215B5EE92,GLOVE ATLANTA,109
76215B5EE93,GLOVE ATLANTA,109
76215B69748,"GLOVE, PRO RACE ",179
76215B69749,"GLOVE, PRO RACE ",179
76215B69750,"GLOVE, PRO RACE ",179
76215B69751,"GLOVE, PRO RACE ",179
76217913924,"GLOVES GS RALLYE, ",119
76217913926,"GLOVES GS RALLYE, ",119
76217913937,"GLOVES ARAVIS AIR, ",119
76217913938,"GLOVES ARAVIS AIR, ",119
76217913939,"GLOVES ARAVIS AIR, ",119
76217913940,"GLOVES ARAVIS AIR, ",119
76217913941,"GLOVES ARAVIS AIR, ",119
76217913950,"GLOVES TENDA 2IN1 GTX, ",219
76217913951,"GLOVES TENDA 2IN1 GTX, ",219
76217913952,"GLOVES TENDA 2IN1 GTX, ",219
76217913963,GLOVE RESCHEN GTX,149
76217913964,GLOVE RESCHEN GTX,149
76217913965,GLOVE RESCHEN GTX,149
76217913973,GLOVES GS NAMIB 2IN1,249
76217913974,GLOVES GS NAMIB 2IN1,249
76217913975,GLOVES GS NAMIB 2IN1,249
76217913976,GLOVES GS NAMIB 2IN1,249
76217913980,"GLOVES GS RALLYE GTX, ",189
76217913981,"GLOVES GS RALLYE GTX, ",189
76217913982,"GLOVES GS RALLYE GTX, ",189
76218536370,GLOVES PRO RACE,159
76218536372,GLOVES PRO RACE,159
76218536389,GLOVES GS RALLYE,119
76218536390,GLOVES GS RALLYE,119
76218536392,GLOVES GS RALLYE,119
76218536393,GLOVES GS RALLYE,119
76218536394,GLOVES GS RALLYE,119
76218536398,GLOVES GS RALLYE,119
76218536399,GLOVES GS RALLYE,119
76218536400,GLOVES GS RALLYE,119
76218536410,GLOVES ATLANTA GTX,99
76221541334,"BOOTS, CRUISECOMFORT ",299
76221541335,"BOOTS, CRUISECOMFORT ",299
76221541336,"BOOTS, CRUISECOMFORT ",299
76221541337,"BOOTS, CRUISECOMFORT ",299
76221541338,"BOOTS, CRUISECOMFORT ",299
76221541339,"BOOTS, CRUISECOMFORT ",299
76221541340,"BOOTS, CRUISECOMFORT ",299
76221541341,"BOOTS, CRUISECOMFORT ",299
76221541369,STIEFEL GRAVEL EVO,101.4
76221541375,STIEFEL GRAVEL EVO 46,363.85
76225A808B7,SNEAKER SEOUL GTX,279
76225A808B8,SNEAKER SEOUL GTX,279
76225A808B9,SNEAKER SEOUL GTX,279
76225A808C0,SNEAKER SEOUL GTX,279
76225A808C1,SNEAKER SEOUL GTX,279
76225A808C2,SNEAKER SEOUL GTX,279
76225A808C3,SNEAKER SEOUL GTX,279
76225A808F5,SNEAKERS KNITLITE RED,279
76225A80913,SNEAKERS KNITLITE,289
76225A80914,SNEAKERS KNITLITE,289
76225A80915,SNEAKERS KNITLITE,289
76225A80916,SNEAKERS KNITLITE,289
76225A80917,SNEAKERS KNITLITE,289
76225A80931,SNEAKER GS KAWIR GTX,299
76225A80932,SNEAKER GS KAWIR GTX,210
76225A80934,SNEAKER GS KAWIR GTX,299.99
76225A80936,SNEAKER GS KAWIR GTX,210
76225A80943,SNEAKER GS KAWIR GTX,379
76225A80944,SNEAKER GS KAWIR GTX,379
76225A80945,SNEAKER GS KAWIR GTX,379
76225A80947,SNEAKER GS KAWIR GTX,379
76225A80949,SNEAKER GS KAWIR GTX,379
76225A80954,SNEAKER KNITRACE,289
76225A80957,SNEAKER KNITRACE,289
76225A80958,SNEAKER KNITRACE,289
76225A80959,SNEAKER KNITRACE,289
76225A80960,SNEAKER KNITRACE,289
76225B3D624,"SNEAKER, GS KAWIR GTX, ",379
76225B3D629,"SNEAKER, GS KAWIR GTX, ",379
76225B3D716,BOOTS GAVIA AIR BLACK,299
76225B3D717,BOOTS GAVIA AIR BLACK,299
76225B3D718,BOOTS GAVIA AIR BLACK,299
76225B3D719,BOOTS GAVIA AIR BLACK,299
76225B3D720,BOOTS GAVIA AIR BLACK,299
76225B3D721,BOOTS GAVIA AIR BLACK,299
76225B3D762,"BOOTS, PRO RACE GTX, ",349
76225B3D763,"BOOTS, PRO RACE GTX, ",349
76225B5E969,SNEAKER GINZA BLUE 42,289
76225B5E970,SNEAKER GINZA BLUE 43,289
76225B5E971,SNEAKER GINZA BLUE 44,289
76225B5E972,SNEAKER GINZA BLUE 45,289
76225B5E9A3,SNEAKER NITROUS,299
76225B5E9A4,SNEAKER NITROUS,299
76225B5E9A5,SNEAKER NITROUS,299
76225B5E9A6,SNEAKER NITROUS,299
76225B5E9C0,SNEAKER GS TAKYR GTX,369
76225B5E9C1,SNEAKER GS TAKYR GTX,369
76225B5E9C2,SNEAKER GS TAKYR GTX,369
76225B5E9C3,SNEAKER GS TAKYR GTX,369
76225B5E9E6,BOOTS SOULOR GTX,399
76225B5E9E7,BOOTS SOULOR GTX,399
76225B5E9E8,BOOTS SOULOR GTX,399
76225B5E9E9,BOOTS SOULOR GTX,399
76225B5EA21,BOOTS GS TABERNAS,525
76225B5EB79,"SNEAKER, SEOUL GTX, ",279
76225B5EB80,"SNEAKER, SEOUL GTX, ",279
76225B5EB81,"SNEAKER, SEOUL GTX, ",279
76225B5EB82,"SNEAKER, SEOUL GTX, ",279
76225B5EB85,"SNEAKER, SEOUL GTX, ",279
76225B5EBD2,BOOTS GOTTHARD GTX,399
76225B5EBD4,BOOTS GOTTHARD GTX,399
76225B5EC46,BOOTS M PRO RACE GTX,549
76225B713E3,BOOTS GS COMPETITION,499
76227913835,SNEAKER KNIT LITE,249
76227913837,SNEAKER KNIT LITE,249
76227913841,SNEAKER KNIT LITE,249
76227913842,SNEAKER KNIT LITE,249
76227913843,SNEAKER KNIT LITE,249
76227913844,SNEAKER KNIT LITE,249
76227913846,SNEAKER KNIT LITE,249
76227913854,SNEAKER KNIT LITE,150
76227913864,"SNEAKER SEOUL GTX, ",249
76227913865,"SNEAKER SEOUL GTX, ",249
76227913866,"SNEAKER SEOUL GTX, ",249
76227913867,"SNEAKER SEOUL GTX, ",249
76227913868,"SNEAKER SEOUL GTX, ",249
76227913869,"SNEAKER SEOUL GTX, ",249
76227913870,"SNEAKER SEOUL GTX, ",249
76227913871,"SNEAKER SEOUL GTX, ",249
76227913872,"SNEAKER SEOUL GTX, ",249
76227913881,"SNEAKER SEOUL GTX, ",289
76227913916,"BOOTS GOTTHARD GTX, ",449
76227913917,"BOOTS GOTTHARD GTX, ",449
76227913918,"BOOTS GOTTHARD GTX, ",359
76227922732,"BOOTS, VENTUREGRIP ",299
76227922733,"BOOTS, VENTUREGRIP ",299
76227922734,"BOOTS, VENTUREGRIP ",299
76227922741,"BOOTS, CRUISECOMFORT ",299
76227922749,SNEAKER KNITLITE,260.55
76227922752,SNEAKER KNITLITE,260.55
76227922753,SNEAKER KNITLITE,183
76227922754,SNEAKER KNITLITE,125
76227922755,SNEAKER KNITLITE,183
76227922756,SNEAKER KNITLITE,199
76228403951,SET OF ADJUSTABLE,5.54
76228523089,BOOTS PRO RACE GTX,299
76228523090,BOOTS PRO RACE GTX,299
76228523095,BOOTS SONORA GTX,299
76228523097,BOOTS SONORA GTX,299
76228523098,BOOTS SONORA GTX,299
76228523099,BOOTS SONORA GTX,299
76228523100,BOOTS SONORA GTX,299
76228524787,BOOTS SONORA GTX,299
76228524788,BOOTS SONORA GTX,299
76228524814,BOOTS SONORA GTX,299
76228526006,BOOTS PILLION AIR,191.11
76228526007,BOOTS PILLION AIR,191.11
76228526008,BOOTS PILLION AIR,167.27
76228526118,SNEAKERS KNIT RACE,249
76228526120,SNEAKERS KNIT RACE,249
76228526132,SNEAKER GS KAWIR GTX,279
76228528828,SNEAKER GS KAWIR GTX,279
76228528832,SNEAKER GS KAWIR GTX,279
76228567475,BOOTS ROCKSTER,258.9
76228829078,SNEAKERS KNIT RACE,289
76228829079,SNEAKERS KNIT RACE,289
76228829080,SNEAKERS KNIT RACE,289
76229898435,BOOTS FLOW 43,246.29
76229899189,SNEAKER DRY 40,229
76229899196,SNEAKER DRY 47,229
76229899197,SNEAKER DRY,217.49
76235A80EF6,SOFTSHELL JACKET GS,169
76235A80EF7,SOFTSHELL JACKET GS,169
76235A80EF8,SOFTSHELL JACKET GS,169
76235A80EF9,SOFTSHELL JACKET GS,169
76235A80F98,EASY TUBE GS RED ONE,29
76235A80F99,EASY TUBE GS KHAKI,29
76235A80FA0,EASY TUBE GS MIDNIGHT,29
76235A80FA1,EASY TUBE GS BLACK,29
76235B3E5A3,LONG-SLEEVED GS,75
76235B3E5A4,LONG-SLEEVED GS,75
76235B3E5A5,LONG-SLEEVED GS,75
76235B3E5A6,LONG-SLEEVED GS,75
76235B3E5B0,"LONGSLEEVE, RALLYE ",75
76235B3E5B1,"LONGSLEEVE, RALLYE ",75
76235B3E5B2,"LONGSLEEVE, RALLYE ",75
76235B3E5B3,"LONGSLEEVE, RALLYE ",75
76235B3E5B7,LONG-SLEEVE RALLYE,75
76235B3E5B8,LONG-SLEEVE RALLYE,75
76235B3E5B9,LONG-SLEEVE RALLYE,75
76235B3E5C0,LONG-SLEEVE RALLYE,75
76235B6D740,SOFTSHELL JACKET GS M,149
76235B6D741,SOFTSHELL JACKET GS M,149
76237924015,HAT RIDE UNISEX,16.95
76237924016,HAT RIDE UNISEX,16.95
76239445523,T-SHIRT TOUR UNISEX,25.12
76239445524,T-SHIRT TOUR UNISEX,39.06
76239445526,T-SHIRT TOUR UNISEX,35
76245A86E27,STOCKING FUNCTION,34
76245A86E28,STOCKING FUNCTION,34
76245A86E29,STOCKING FUNCTION,34
76255B3E571,Unisex  RainLock trousers M,119
76255B3E572,Unisex  RainLock trousers L,119
76255B3E573,Unisex  RainLock trousers,119
76255B3E574,Unisex  RainLock trousers,119
76255B3E587,"JACKET, RAINLOCK, NEON ",179
76255B3E588,"JACKET, RAINLOCK, NEON ",179
76255B3E589,"JACKET, RAINLOCK, NEON ",179
76255B3E590,"JACKET, RAINLOCK, NEON ",179
76255B3E595,"JACKET, RAINLOCK, ",179
76255B3E596,"JACKET, RAINLOCK, ",179
76255B3E597,"JACKET, RAINLOCK, ",179
76255B3E5D2,"OVERALL, PRORAIN, ",199
76255B3E5D3,"OVERALL, PRORAIN, ",199
76255B3E5D4,"OVERALL, PRORAIN, ",199
76255B3E5D5,"OVERALL, PRORAIN, ",199
76415A816A5,Protector knee NP3 Evo left,18.82
76415A816A6,Protector knee NP3 Evo right,18.82
76417109617,BLACK PROTECTOR,369
76417109618,BLACK PROTECTOR,369
76417109619,BLACK PROTECTOR,369
76417109668,SEAT BELT BACK,199
76417109669,SEAT BELT BACK,199
76417914635,PROTECTOR BACK FLEX,56.46
76417914636,PROTECTOR BACK FLEX,56.46
76417914637,PROTECTOR BACK FLEX,56.46
76418546889,Back protector,49
76418546890,Back protector,49
76419443267,"KNEE PROTECTOR, ",20.07
76419443268,"KNEE PROTECTOR, ",20.9
76427109638,VEST HIGHVIZ NEON,44
76429899299,VEST 'HIGHVIZ',43.65
76429899300,VEST 'HIGHVIZ',43.65
76507108501,CONNECTEDRIDE,699
76507108502,CONNECTEDRIDE,699
76515A50A99,KIT CONNECTEDRIDE,392.43
76515A832B0,KIT CONNECTEDRIDE,173.53
76615A811E1,T-SHIRT SPIRIT OF GS,45
76615A811E2,T-SHIRT SPIRIT OF GS,45
76615A811E3,T-SHIRT SPIRIT OF GS,45
76615A811E4,T-SHIRT SPIRIT OF GS,45
76615A811E5,T-SHIRT SPIRIT OF GS,45
76615A811E7,T-SHIRT SPIRIT OF GS,45
76615A811E8,T-SHIRT SPIRIT OF GS,45
76615A811E9,T-SHIRT SPIRIT OF GS,45
76615A811F1,T-SHIRT SPIRIT OF GS,45
76615A811F3,T-SHIRT SPIRIT OF GS,39
76615A811F4,T-SHIRT SPIRIT OF GS,39
76615A811F7,T-SHIRT SPIRIT OF GS,39
76615A811F8,T-SHIRT SPIRIT OF GS,39
76615A811F9,T-SHIRT SPIRIT OF GS,39
76615A81215,T-SHIRT SPIRIT OF GS,45
76615A81216,T-SHIRT SPIRIT OF GS,45
76615A81219,T-SHIRT SPIRIT OF GS,45
76615A81220,T-SHIRT SPIRIT OF GS,45
76615A81230,T-SHIRT MAKE LIFE A,45
76615A81231,T-SHIRT MAKE LIFE A,45
76615A81232,T-SHIRT MAKE LIFE A,45
76615A81233,T-SHIRT MAKE LIFE A,45
76615A81234,T-SHIRT MAKE LIFE A,45
76615A81242,T-SHIRT MAKE LIFE A,39
76615A81243,T-SHIRT MAKE LIFE A,39
76615A81244,T-SHIRT MAKE LIFE A,39
76615A81245,T-SHIRT MAKE LIFE A,39
76615A81246,T-SHIRT MAKE LIFE A,39
76615A81254,T-SHIRT MAKE LIFE A,27.5
76615A81255,T-SHIRT MAKE LIFE A,27.5
76615A81256,T-SHIRT MAKE LIFE A,27.5
76615A81257,T-SHIRT MAKE LIFE A,27.5
76615A81258,T-SHIRT MAKE LIFE A,27.5
76615A81260,T-SHIRT MAKE LIFE A,25
76615A81262,T-SHIRT MAKE LIFE A,25
76615A81264,T-SHIRT MAKE LIFE A,25
76615A81273,T-SHIRT MAKE LIFE A,45
76615A81274,T-SHIRT MAKE LIFE A,45
76615A81275,T-SHIRT MAKE LIFE A,45
76615A81276,T-SHIRT MAKE LIFE A,45
76615A81285,T-SHIRT MAKE LIFE A,39
76615A81286,T-SHIRT MAKE LIFE A,39
76615A81288,T-SHIRT MAKE LIFE A,39
76615A812A2,T-SHIRT M MOTORSPORT,45
76615A812A3,T-SHIRT M MOTORSPORT,45
76615A812A4,T-SHIRT M MOTORSPORT,45
76615A812A5,T-SHIRT M MOTORSPORT,45
76615A812A6,T-SHIRT M MOTORSPORT,45
76615A812B4,T-SHIRT M MOTORSPORT,45
76615A812B6,T-SHIRT M MOTORSPORT,45
76615A812B7,T-SHIRT M MOTORSPORT,45
76615A812B8,T-SHIRT M MOTORSPORT,45
76615A812C0,T-SHIRT M MOTORSPORT,45
76615A812C2,T-SHIRT M MOTORSPORT,45
76615A812C3,T-SHIRT M MOTORSPORT,45
76615A812C7,T-SHIRT MOTORSPORT,49
76615A812C8,T-SHIRT MOTORSPORT,49
76615A812C9,T-SHIRT MOTORSPORT,49
76615A812D0,T-SHIRT MOTORSPORT,49
76615A812D3,T-SHIRT MOTORSPORT,49
76615A812D4,T-SHIRT MOTORSPORT,49
76615A812D5,T-SHIRT MOTORSPORT,49
76615A812D6,T-SHIRT MOTORSPORT,49
76615A812D9,T-SHIRT MOTORSPORT,49
76615A812E0,T-SHIRT MOTORSPORT,49
76615A812E1,T-SHIRT MOTORSPORT,49
76615A812E2,T-SHIRT MOTORSPORT,49
76615A812E5,T-SHIRT MOTORSPORT,49
76615A812E6,T-SHIRT MOTORSPORT,49
76615A812E7,T-SHIRT MOTORSPORT,49
76615A812E8,T-SHIRT MOTORSPORT,49
76615A812F0,T-SHIRT RR MEN BLACK,45
76615A812F1,T-SHIRT RR MEN BLACK,45
76615A812F2,T-SHIRT RR MEN BLACK,45
76615A812F3,T-SHIRT RR MEN BLACK,45
76615A812F4,T-SHIRT RR MEN BLACK,45
76615A812F6,T-SHIRT RR MEN BLUE,39
76615A812F7,T-SHIRT RR MEN BLUE,39
76615A812F8,T-SHIRT RR MEN BLUE,39
76615A812F9,T-SHIRT RR MEN BLUE,39
76615A81300,T-SHIRT RR MEN BLUE,39
76615A81349,T-SHIRT RACE TEAM MEN,45
76615A81350,T-SHIRT RACE TEAM MEN,45
76615A81359,T-SHIRT RACE TEAM MEN,45
76615A81360,T-SHIRT RACE TEAM MEN,45
76615A81380,T-SHIRT MOTORSPORT,49
76615A81389,T-SHIRT MOTORSPORT,49
76615A81390,T-SHIRT MOTORSPORT,49
76615A81393,T-SHIRT MOTORSPORT,49
76615A81396,T-SHIRT MOTORSPORT,49
76615A81397,T-SHIRT MOTORSPORT,49
76615A81398,T-SHIRT MOTORSPORT,49
76615A81399,T-SHIRT MOTORSPORT,49
76615A813A1,T-SHIRT BERLIN BUILT,39
76615A813A2,T-SHIRT BERLIN BUILT,39
76615A813A5,T-SHIRT BERLIN BUILT,39
76615A813B9,T-SHIRT BOXER MEN,39
76615A813C1,T-SHIRT BOXER MEN,39
76615A813E4,T-SHIRT BMW MOTORRAD,39
76615A813E5,T-SHIRT BMW MOTORRAD,39
76615A813E6,T-SHIRT BMW MOTORRAD,39
76615A813E7,T-SHIRT BMW MOTORRAD,39
76615A813E9,T-SHIRT BMW MOTORRAD,39
76615A813F0,T-SHIRT BMW MOTORRAD,39
76615A813F1,T-SHIRT BMW MOTORRAD,39
76615A813F2,T-SHIRT BMW MOTORRAD,39
76615A813F3,T-SHIRT BMW MOTORRAD,39
76615A81419,POLO SHIRT GS MEN,35
76615A81420,POLO SHIRT GS MEN,35
76615A81427,POLO SHIRT GS MEN,35
76615A81429,POLO SHIRT GS MEN,35
76615A81437,POLO SHIRT,69
76615A81438,POLO SHIRT,69
76615A81439,POLO SHIRT,69
76615A81442,POLO SHIRT,69
76615A81443,POLO SHIRT,69
76615A81444,POLO SHIRT,69
76615A81445,POLO SHIRT,69
76615A81447,POLO SHIRT,69
76615A81455,POLO SHIRT BMW,35
76615A81456,POLO SHIRT BMW,35
76615A81457,POLO SHIRT BMW,35
76615A81458,POLO SHIRT BMW,35
76615A81481,LONG-SLEEVE,79
76615A81482,LONG-SLEEVE,79
76615A81483,LONG-SLEEVE,79
76615A81484,LONG-SLEEVE,79
76615A81487,LONG-SLEEVE,79
76615A81488,LONG-SLEEVE,79
76615A81489,LONG-SLEEVE,79
76615A81490,LONG-SLEEVE,79
76615A81534,ZIP HOODIE MAKE LIFE A,99
76615A81535,ZIP HOODIE MAKE LIFE A,99
76615A81536,ZIP HOODIE MAKE LIFE A,99
76615A81537,ZIP HOODIE MAKE LIFE A,99
76615A81538,ZIP HOODIE MAKE LIFE A,99
76615A81554,ZIP HOODIE MAKE LIFE A,99
76615A81555,ZIP HOODIE MAKE LIFE A,99
76615A81556,ZIP HOODIE MAKE LIFE A,99
76615A81557,ZIP HOODIE MAKE LIFE A,99
76615A81572,ZIP HOODIE,115
76615A81573,ZIP HOODIE,115
76615A81574,ZIP HOODIE,115
76615A81575,ZIP HOODIE,115
76615A81578,ZIP HOODIE,115
76615A81579,ZIP HOODIE,115
76615A81580,ZIP HOODIE,115
76615A81581,ZIP HOODIE,115
76615A815E6,SWEATSHIRT MLAR MEN,89
76615A815E7,SWEATSHIRT MLAR MEN,89
76615A815E8,SWEATSHIRT MLAR MEN,89
76615A815E9,SWEATSHIRT MLAR MEN,89
76615A81604,SOFTSHELL JACKET,169
76615A81605,SOFTSHELL JACKET,169
76615A81606,SOFTSHELL JACKET,169
76615A81607,SOFTSHELL JACKET,169
76615A81608,SOFTSHELL JACKET,169
76615A81611,SOFTSHELL JACKET,179
76615A81612,SOFTSHELL JACKET,179
76615A81613,SOFTSHELL JACKET,179
76615A81614,SOFTSHELL JACKET,179
76615A81615,SOFTSHELL JACKET,179
76615A81655,PANTS MOTORSPORT,99
76615A81686,SHORT-SLEEVED SHIRT,89
76615A81687,SHORT-SLEEVED SHIRT,89
76615A81692,TOP MOTORSPORT,49
76615A81693,TOP MOTORSPORT,49
76615A81694,TOP MOTORSPORT,49
76615A81695,TOP MOTORSPORT,49
76615A82555,CAP GS BLACK/GREEN,29
76615A82556,LANYARD GS ROPE,30
76615A82557,CAP MAKE LIFE A RIDE,29
76615A82558,CAP MAKE LIFE A RIDE,29
76615A82559,CAP BMW MOTORRAD,29
76615A82560,CAP BMW MOTORRAD,29
76615A82561,KEY CHAIN GS GREEN,15
76615A82564,CAP RR BLACK ONE SIZE,32
76615A82565,CAP MOTORSPORT GRAY,32
76615A82566,CAP MOTORSPORT,32
76615A82568,BEANIE MOTORSPORT,49
76615A82569,LANYARD MOTORSPORT,10
76615A82570,KEY CHAIN S 1000 RR,15
76615A82572,KEY CHAIN MLAR BLACK,15
76615A87067,LANYARD MAKE LIFE A,20
76615B3E302,RUGBY SHIRT BERLIN,85
76615B3E333,"SWEATSHIRT, MAKE LIFE ",99
76615B3E372,"T-SHIRT, BERLIN BUILT, ",45
76615B3E373,"T-SHIRT, BERLIN BUILT, ",45
76615B3E374,"T-SHIRT, BERLIN BUILT, ",45
76615B3E375,"T-SHIRT, BERLIN BUILT, ",45
76615B3E399,"T-SHIRT, R12 NINET, ",45
76615B3E3A0,"T-SHIRT, R12 NINET, ",45
76615B3E3B4,"T-SHIRT, GS ADVENTURE, ",45
76615B3E3B5,"T-SHIRT, GS ADVENTURE, ",45
76615B3E3B6,"T-SHIRT, GS ADVENTURE, ",45
76615B3E3B7,"T-SHIRT, GS ADVENTURE, ",45
76615B3E3C6,"T-SHIRT, GS ADVENTURE, ",45
76615B3E3C7,"T-SHIRT, GS ADVENTURE, ",45
76615B3E3C8,"T-SHIRT, GS ADVENTURE, ",45
76615B3E3C9,"T-SHIRT, GS ADVENTURE, ",45
76615B3E3D2,"T-SHIRT, BOXER, MEN'S, ",45
76615B3E3D3,"T-SHIRT, BOXER, MEN'S, ",45
76615B3E3D4,"T-SHIRT, BOXER, MEN'S, ",45
76615B3E3D5,"T-SHIRT, BOXER, MEN'S, ",45
76615B3E408,"T-SHIRT, RR, MEN'S, ",45
76615B3E409,"T-SHIRT, RR, MEN'S, ",45
76615B3E410,"T-SHIRT, RR, MEN'S, ",45
76615B3E411,"T-SHIRT, RR, MEN'S, ",45
76615B3E420,T-SHIRT SPIRIT OF GS,45
76615B3E421,T-SHIRT SPIRIT OF GS,45
76615B3E422,T-SHIRT SPIRIT OF GS,45
76615B3E423,T-SHIRT SPIRIT OF GS,45
76615B3E432,"T-SHIRT, 45 YEARS GS, ",45
76615B3E433,"T-SHIRT, 45 YEARS GS, ",45
76615B3E434,"T-SHIRT, 45 YEARS GS, ",45
76615B3E435,"T-SHIRT, 45 YEARS GS, ",45
76615B3E450,"T-SHIRT, MAKE LIFE A ",45
76615B3E451,"T-SHIRT, MAKE LIFE A ",45
76615B3E452,"T-SHIRT, MAKE LIFE A ",45
76615B3E453,"T-SHIRT, MAKE LIFE A ",45
76615B3E507,T-SHIRT BMW MOTORRAD,45
76615B3E508,T-SHIRT BMW MOTORRAD,45
76615B3E509,T-SHIRT BMW MOTORRAD,45
76615B3E510,T-SHIRT BMW MOTORRAD,45
76615B3E519,CAP BMW MOTORRAD,32
76615B3E520,"CAP, BMW MOTORRAD, ",32
76615B3E521,"CAP GS BLUE/WHITE, ONE ",32
76615B3E522,CAP MAKE LIFE A RIDE,32
76615B3E524,"CAP SPIRIT OF GS BEIGE, ",32
76615B673C7,KEYRING MAKE LIFE A,15
76615B673C9,LANYARD M,10
76615B673D1,BACKPACK MOTORSPORT,95
76615B673D2,CAP GS TROPHY OLIVE,32
76615B673D6,"CAP, BMW MOTORRAD, ",32
76615B673E2,CAP M MOTORSPORT,32
76615B673E4,CAP M MOTORSPORT,32
76615B673E6,CAP RR BLACK,32
76615B67427,T-SHIRT GS TROPHY 2026,45
76615B67428,T-SHIRT GS TROPHY 2026,45
76615B67429,T-SHIRT GS TROPHY 2026,45
76615B67430,T-SHIRT GS TROPHY 2026,45
76615B67439,T-SHIRT R 1300 GS M,45
76615B67440,T-SHIRT R 1300 GS M,45
76615B67441,T-SHIRT R 1300 GS M,45
76615B67442,T-SHIRT R 1300 GS M,45
76615B67470,T-SHIRT BMW MOTORRAD,45
76615B67471,T-SHIRT BMW MOTORRAD,45
76615B67472,T-SHIRT BMW MOTORRAD,45
76615B67473,T-SHIRT BMW MOTORRAD,45
76615B67554,T-SHIRT R 90 S 1976 M,45
76615B67566,T-SHIRT BERLIN BUILT,45
76615B675F0,T-SHIRT M LOGO,49
76615B675F1,T-SHIRT M LOGO,49
76615B675F2,T-SHIRT M LOGO,49
76615B675F3,T-SHIRT M LOGO,49
76615B675F6,T-SHIRT RACE TEAM,49
76615B675F7,T-SHIRT RACE TEAM,49
76615B675F8,T-SHIRT RACE TEAM,49
76615B675F9,T-SHIRT RACE TEAM,49
76615B67608,T-SHIRT RR M GREY M,49
76615B67609,T-SHIRT RR M GREY L,49
76615B67610,T-SHIRT RR M GREY XL,49
76615B67611,T-SHIRT RR M GREY 2XL,49
76615B67620,POLO SHIRT,69
76615B67621,POLO SHIRT,69
76615B67622,POLO SHIRT,69
76615B67633,SHORT-SLEEVED SHIRT,89
76615B67634,SHORT-SLEEVED SHIRT,89
76615B67635,SHORT-SLEEVED SHIRT,89
76615B67636,SHORT-SLEEVED SHIRT,89
76615B67638,ZIP-HOODIE,89
76615B67657,PANTS MOTORSPORT,69
76615B69728,T-SHIRT WSBK CHAMPION,65
76615B81B51,BMW Motorrad Basics,60
76615B81B52,BMW Motorrad Basics,60
76615B81B53,BMW Motorrad Basics,60
76615B81B54,BMW Motorrad Basics,60
76615B81B55,BMW Motorrad Basics,60
76615B81B58,BMW Motorrad Basics,60
76617109755,T-SHIRT BMW MOTORRAD,45
76617109757,T-SHIRT BMW MOTORRAD,45
76617109758,T-SHIRT BMW MOTORRAD,45
76617109792,"CAP BMW MOTORRAD, ",20
76617109793,"CAP BMW MOTORRAD, ",20
76617109935,CAP RR WHITE,25
76617109936,"CAP MOTORSPORT, ",35
76617912887,CAP GS OLIVE (NLA),35
76617912888,CAP GS CAMEL,35
76617923073,T-SHIRT R 18 CONCEPT,32.47
76617923074,T-SHIRT R 18 CONCEPT,32.47
76617923076,T-SHIRT R 18 CONCEPT,32.47
76617923077,T-SHIRT R 18 CONCEPT,32.47
76617923081,T-SHIRT R 1250 GS BIKE,32.47
76617923082,T-SHIRT R 1250 GS BIKE,32.47
76617923083,T-SHIRT R 1250 GS BIKE,32.47
76617923084,T-SHIRT R 1250 GS BIKE,20
76617923085,T-SHIRT R 1250 GS BIKE,32.47
76617923089,T-SHIRT R 1250 GS LOGO,32.47
76617923091,T-SHIRT R 1250 GS LOGO,32.47
76617923097,T-SHIRT S 1000 XR,32.47
76617923099,T-SHIRT S 1000 XR,32.47
76617923100,T-SHIRT S 1000 XR,32.47
76617923292,T-SHIRT BMW M,32.47
76617923293,T-SHIRT BMW M,32.47
76617923437,"REBEL KNIT CAP, UNISEX ",39
76618403787,"T-SHIRT, R1250GS ",32.47
76618403788,"T-SHIRT, R1250GS ",32.47
76618403790,"T-SHIRT, R1250GS ",32.47
76618403804,T-SHIRT R51 Medium,29
76618403806,T-SHIRT R51 XL,32.47
76618403812,T-shirt R100RT Medium,29
76618403815,T-shirt R100RT 2XL,29
76618403820,T-SHIRT R90 DAYTONA,29
76618536426,MAKE LIFE A RIDE MEN'S,35
76618536434,T-SHIRT MAKE LIFE A,35
76618536435,T-SHIRT MAKE LIFE A,35
76618536436,T-SHIRT MAKE LIFE A,35
76618536437,T-SHIRT MAKE LIFE A,35
76618536438,T-SHIRT MAKE LIFE A,35
76618536440,T-SHIRT MAKE LIFE A,35
76618536441,T-SHIRT MAKE LIFE A,35
76618536442,T-SHIRT MAKE LIFE A,35
76618536443,T-SHIRT MAKE LIFE A,35
76618536444,T-SHIRT MAKE LIFE A,35
76618536445,T-SHIRT MAKE LIFE A,35
76618536446,T-SHIRT MAKE LIFE A,35
76618536447,T-SHIRT MAKE LIFE A,35
76618536448,T-SHIRT MAKE LIFE A,35
76618536449,T-SHIRT MAKE LIFE A,35
76618536450,T-SHIRT MAKE LIFE A,35
76618536452,T-SHIRT MAKE LIFE A,44.04
76618536453,T-SHIRT MAKE LIFE A,26.61
76618536454,T-SHIRT MAKE LIFE A,44.02
76618536455,T-SHIRT MAKE LIFE A,26.61
76618536456,T-SHIRT MAKE LIFE A,26.61
76618536469,MAKE LIFE A RIDE,35
76618536477,T-SHIRT MAKE LIFE A,44.02
76618536478,T-SHIRT MAKE LIFE A,44.02
76618536479,T-SHIRT MAKE LIFE A,8.56
76618536481,T-SHIRT MAKE LIFE A,44.02
76618536483,T-SHIRT MAKE LIFE A,35
76618536484,T-SHIRT MAKE LIFE A,35
76618536485,T-SHIRT MAKE LIFE A,35
76618536486,T-SHIRT MAKE LIFE A,35
76618536487,T-SHIRT MAKE LIFE A,35
76618536501,T-SHIRT BMW WOMEN'S,27.5
76618536502,T-SHIRT BMW WOMEN'S,43.67
76618536503,T-SHIRT BMW WOMEN'S,43.67
76618536504,T-SHIRT BMW WOMEN'S,43.67
76618536505,T-SHIRT BMW WOMEN'S,43.67
76618536506,T-SHIRT BMW MEN'S,44.04
76618536510,T-SHIRT BMW MEN'S,44.02
76618536566,POLO SHIRT M SPORT,49
76618536571,POLO SHIRT M SPORT,49
76618536584,T-SHIRT M M SPORT,35
76618536585,T-SHIRT M M SPORT,35
76618536586,T-SHIRT M M SPORT,35
76618536587,T-SHIRT M M SPORT,35
76618536588,T-SHIRT M M SPORT,35
76618536596,T-SHIRT M M SPORT,35
76618536597,T-SHIRT M M SPORT,35
76618536598,T-SHIRT M M SPORT,35
76618536599,T-SHIRT M M SPORT,35
76618536600,T-SHIRT M M SPORT,35
76618536608,T-SHIRT RR MEN'S GRAY,44.02
76618536609,T-SHIRT RR MEN'S GRAY,44.02
76618536610,T-SHIRT RR MEN'S GRAY,44.02
76618536611,T-SHIRT RR MEN'S GRAY,44.02
76618536612,T-SHIRT RR MEN'S GRAY,44.02
76618536614,T-SHIRT RR MEN'S BLACK,44.04
76618536615,T-SHIRT RR MEN'S BLACK,44.02
76618536616,T-SHIRT RR MEN'S BLACK,44.02
76618536617,T-SHIRT RR MEN'S BLACK,44.02
76618536618,T-SHIRT RR MEN'S BLACK,44.02
76618536635,T-SHIRT GS LOGO,44.04
76618536636,T-SHIRT GS LOGO,44.04
76618536637,T-SHIRT GS LOGO,44.04
76618536686,LONG-SLEEVE M SPORT,49
76618536687,LONG-SLEEVE M SPORT,49
76618536688,LONG-SLEEVE M SPORT,49
76618536689,LONG-SLEEVE M SPORT,49
76618536690,LONG-SLEEVE M SPORT,49
76618536722,SHORT-SLEEVE M SPORT,59
76618536723,SHORT-SLEEVE M SPORT,59
76618536724,SHORT-SLEEVE M SPORT,59
76618536725,SHORT-SLEEVE M SPORT,59
76618536726,SHORT-SLEEVE M SPORT,59
76618542374,ZIP HOODIE MAKE LIFE A,99.65
76618542375,ZIP HOODIE MAKE LIFE A,99.65
76618542378,ZIP HOODIE MAKE LIFE A,66.63
76618542393,ZIP HOODIE MAKE LIFE A,64.77
76618542394,ZIP HOODIE MAKE LIFE A,99.65
76618542396,ZIP HOODIE MAKE LIFE A,64.78
76618542417,ZIP HOODIE M SPORT,79
76618542418,ZIP HOODIE M SPORT,79
76618542419,ZIP HOODIE M SPORT,79
76618542420,ZIP HOODIE M SPORT,79
76618542424,ZIP HOODIE M SPORT,60
76618542425,ZIP HOODIE M SPORT,60
76618542426,ZIP HOODIE M SPORT,79
76618542427,ZIP HOODIE M SPORT,60
76618542447,SOFTSHELL JACKET M,159
76618542448,SOFTSHELL JACKET M,159
76618542449,SOFTSHELL JACKET M,159
76618542450,SOFTSHELL JACKET M,159
76618542458,PANTS M SPORT MEN'S,59
76618542488,CAP MAKE LIFE A RIDE,25
76618542489,CAP MAKE LIFE A RIDE,32.73
76618545559,BEANIE NIGHT BLUE,39
76618546720,BEANIE TWIN STRIPES,11.75
76618546722,ENAMEL CUP TWIN,25
76618546725,ENAMEL CUP MAKE LIFE A,25
76618546728,CAP M SPORT WHITE,25
76618546730,BACKPACK M SPORT,89
76618546732,CAP XR,25.99
76618546733,KEYRING RR BLACK,19
76618546735,KEYRING GS LOGO,5
76618546736,BEANIE GS GREEN,11.23
76618546737,KEYRING GS BEIGE,5
76629446437,T-SHIRT 'MOTORSPORT',44.77
76629446438,T-SHIRT 'MOTORSPORT',44.77
76629446439,T-SHIRT 'MOTORSPORT',44.77
76629446448,SHORT-SLEEVE SHIRT,61.59
76629446449,SHORT-SLEEVE SHIRT,61.59
76629446454,LONG-SLEEVE SHIRT M,78.38
76629446455,LONG-SLEEVE SHIRT M,78.38
76629446456,LONG-SLEEVE SHIRT M,78.38
76629446457,LONG-SLEEVE SHIRT M,78.38
76629446476,HOODED JACKET,100.78
76629446494,BACKPACK,61.59
76757922834,BACKPACK BLACK,194
76757922835,BACKPACK BLACK,194
76757922836,HIP BAG BLACK,59
76817921654,JACKE RAINLOCK UNISEX,149
76817921656,JACKE RAINLOCK UNISEX,149
76817921657,JACKE RAINLOCK UNISEX,149
76817921662,PANTS RAINLOCK UNISEX,99
76817921663,PANTS RAINLOCK UNISEX,99
76817921664,PANTS RAINLOCK UNISEX,99
76817921665,PANTS RAINLOCK UNISEX,99
76817921666,PANTS RAINLOCK UNISEX,99
76817921667,PANTS RAINLOCK UNISEX,99
76817921670,OVERALL PRORAIN,189
76817921671,OVERALL PRORAIN,189
76817921672,OVERALL PRORAIN,189
76817921673,OVERALL PRORAIN,189
76817921674,OVERALL PRORAIN,189
76817921675,OVERALL PRORAIN,189
76817921676,OVERALL PRORAIN,189
76817921678,OVERALL PRORAIN,189
76817921679,OVERALL PRORAIN,189
76817921680,OVERALL PRORAIN,189
76817921681,OVERALL PRORAIN,189
76817921682,OVERALL PRORAIN,189
76817921683,OVERALL PRORAIN,189
76817923298,JACKET RAINLOCK,149
76817923299,JACKET RAINLOCK,149
76817923300,JACKET RAINLOCK,149
76817923301,JACKET RAINLOCK,149
76817923302,JACKET RAINLOCK,149
76817923303,JACKET RAINLOCK,149
76895A086A0,S1000RR T-SHIRT - BLACK,29
76895A086A3,S1000RR T-SHIRT - BLACK,29
76895A086A4,S1000RR T-SHIRT - BLACK,29
76895A09754,S1000RR T-SHIRT - WHITE,29
76895A09755,S1000RR T-SHIRT - WHITE,29
76898559195,MAKE LIFE A RIDE men's,28
76898559196,MAKE LIFE A RIDE men's,28
76898559197,MAKE LIFE A RIDE men's,28
76898559198,MAKE LIFE A RIDE men's,28
76898559202,MAKE LIFE A RIDE,28
76898559203,MAKE LIFE A RIDE,28
76898559204,MAKE LIFE A RIDE,29
76898559205,MAKE LIFE A RIDE,9.46
76898559206,MAKE LIFE A RIDE,9.46
76899446160,"ZIP HOODIE, ",60.14
76899446228,"T-SHIRT, BOXER, BLACK",50.8
76899446231,"T-SHIRT, BOXER, BLACK",50.8
76899446253,"T-SHIRT, BERGK?NIG, ",26.64
76899446254,"T-SHIRT, BERGK?NIG, ",26.64
76899446256,"T-SHIRT, BERGK?NIG, ",26.64
76899446257,"T-SHIRT, BERGK?NIG, ",26.64
77022414852,Travel set tire pressure,41
77025A5F058,MOTORCYCLE MAT M,259
77025B5B631,BATTERY CHARGER PLUS,228
77028551854,"ASSEMBLY STAND, ",363
77028551859,"ASSEMBLY STAND, ",363
77115A1B295,"SET SPORTS MUFFLER, ","1,200.00"
77115A62D08,SET DOUBLE SILENCER,"1,640.00"
77115A76274,SET OF SPORT,"1,320.00"
77115A791B9,SET OF SPORT,"1,570.00"
77115A82FC2,"KIT, DOUBLE SILENCER","1,560.00"
77118561527,MUFFLER CLAMP,3.8
77118563521,STUD BOLT,15.47
77119444949,END MUFFLER VANCE &,432.25
77119444951,END MUFFLER VANCE &,"1,660.00"
77119444955,END MUFFLER VANCE &,"1,660.00"
77119444957,END MUFFLER VANCE &,"1,660.00"
77119444958,END MUFFLER VANCE &,"1,660.00"
77122464006,"COVER, BELT, BLACK",315.33
77122464007,COVER PANEL BELT,315.33
77122469239,"SET, CYLINDER HEAD ",803
77122469269,SET COVER EXPANSION,160.46
77122469270,SET COVER EXPANSION,330
77122469280,"SET, TRIM STRIP, COVER, ",202
77122469284,"SET, CYLINDER HEAD ",803
77122469286,"SET, TRIM STRIP, ",325
77125A68EE3,SET OF OIL FILLER CAPS,68
77125A8E9A6,COVER BEVEL GEARS,122
77141755649,ENGINE PROTECTION,868
77142459289,Engine protection bar set,300
77142465251,"SET, VALVE COVER ",367
77142466426,Installation Kit Engine,50
77145A5A4C7,"Set, engine protection bar ",319
77145A5A555,ENGINE PROTECTION,271
77145A5A556,ENGINE PROTECTION,271
77145A5A561,ENGINE PROTECTION,301
77145A5A562,ENGINE PROTECTION,301
77145A6A0C3,\NGINE PROTECTION BAR,310
77145A6A0C4,ENGINE PROTECTION,310
77145A6E645,TRIM ENGINE,108
77145A6E646,TRIM ENGINE,108
77145A6FEA3,TRIM ENGINE,151.83
77145A6FEA4,TRIM ENGINE,151.83
77145A74317,SPACER,11.09
77145B3FDA7,LEFT ENGINE,296
77145B3FDA8,RIGHT ENGINE,296
77145B4D157,BUSH,4
77145B55459,ENGINE GUARD,490
77145B80789,"SET, ENGINE SAFETY ",296
77145B80790,"SET, ENGINE SAFETY ",296
77147109278,PROTECTION CYLINDER,378
77147924349,ENGINE PROTECTION,702
77148356852,RUNNING BOARD RIGHT,372.34
77148356941,LEFT ENGINE,258
77148356942,RIGHT ENGINE,258
77148394379,ENGINE PROTECTION,660
77148396723,COWL SCREW 'SPECIAL',35
77148406187,"SET, VALVE COVER ",367
77148522926,Set fastening parts engine,16.5
77148533745,"Set, valve cover guards ",300
77148534956,ISA SCREW,10.5
77148535326,ENGINE PROTECTION,545
77148548683,Bush,11.5
77148551164,WASHER,8.8
77149829089,ENGINE PROTECTION,271
77149829091,CYLINDER GUARD,774
77149829092,CYLINDER GUARD,774
77149829786,"SET, ENGINE CRASH ",287
77149830123,"ENGINE PROTECTOR SET, ",245
77149830124,"ENGINE PROTECTOR SET, ",184
77149830125,"ENGINE PROTECTOR SET, ",245
77158395839,ENABLING CODE,51
77218555597,REAR WHEEL,"2,750.00"
77222469256,"SET, CLAMPING BLOCK, ",70.46
77222469274,"SET, HANDLEBAR END ",70.46
77222469275,"SET, HANDLEBAR END ",98.64
77222469295,"SET, HANDLEBAR GRIP, ",79.85
77225A4E765,SATZ ERSATZTEILE,107
77227914450,"NOTICE, SPEED",26.65
77227923459,BRAKE HOSE,46.04
77227923533,CLUTCH LINE,77.44
77228354707,M CLUTCH LEVER,334
77228829994,HANDLEBAR END CAP IN,9.24
77229444396,HANDLEBARS BAGGER,94.42
77229457398,"HANDLEBARS, PRO",164.4
77229898516,"COVER, REAR AXLE",254
77231539587,CLUTCH LEVER GUARD,273
77231539588,HANDBRAKE LEVER,273
77231540403,ACTIVATION CODE,0.01
77232469271,"SET OF CAPS, FLUID ",84.83
77238404859,"M BRAKE LEVER, ",327
77238546512,ENABLING CODE,348.36
77239829427,CLUTCH LEVER GUARD,273
77251540027,SET OF MOUNTING,183
77252452958,Footrest adjustable left Black,191
77252452960,Footrest adjustable right,191
77252455704,Gearshift lever adjustabl,208
77252462959,"HP RIDER FOOTRESTS, ",456
77252469391,"SET, RIDER LEG REST, ",301.96
77255A73C87,"GEARSHIFT LEVER, ",285
77255A73E43,"SET, FOOTREST SYSTEM, ",778
77255A7F633,KIT MOUNT PASSENGER,455
77255A7F634,KIT MOUNT PASSENGER,455
77255B32E96,"SET, FOOTREST SYSTEM, ",778
77255B347D1,"KIT, MOUNT, PASSENGER ",148.23
77255B347E3,"KIT, MOUNT, PASSENGER ",88.94
77257108468,GEARSHIFT LEVER,368
77257108475,FOOTREST SYSTEM LEFT,778
77257108476,FOOTREST SYSTEM,778
77258387583,"SET OF FOOTBOARDS, ",159.14
77258387584,"SET OF FOOTBOARDS, ",159.14
77258394140,"Set of mounting parts, ti",101
77258404852,SET OF CHAIN,139
77258524692,"ARMREST, PASSENGER",724
77258528775,HP SHIFT ASSISTENT,954
77258528937,"COVER, ARMREST, ",379.7
77258528938,"COVER, ARMREST, ",379.7
77258529212,"SET, MOUNTING PARTS, ",60
77258529864,"SET, UPHOLSTERY, ",156
77258533661,"FOOTREST, WIDE, ",160
77259443012,Set of axle protectors,138
77259443163,CHAIN TENSIONER WITH,310
77259443164,SET ADAPTERS FOR,75
77259443165,SET OF ADAPTERS,75
77259445014,"SKID PAD, FOOTREST, ",10.72
77259457043,"SET, ASSEMBLY STAND ",75
77259457805,"SET, UPHOLSTERY, ",168
77302463860,BACK PADDING DAY,242
77302463861,BACK PADDING DAY,242
77302463862,BACK PADDING TOUR,242
77302463896,"RIDER'S SEAT BACKREST, ",116.91
77302463897,"RIDER'S SEAT BACKREST, ",366
77311542197,RACE COVER KIT,107
77312464421,TANK PAD,78
77312465258,SET SPRAY GUARD AND,160
77312473443,DECAL SET RR,143
77315A643F4,SPOILER,36
77315A7AA09,TANK PAD SELF-,94
77315A8F0C0,"SET, BOBBER",715.88
77315B34243,"Windshield, Daytona",273.35
77315B34B75,PROTECTING GRILLE,84
77315B65BB4,"CHAIN GUARD, M CARBON",358
77315B65BB5,"REAR-WHEEL COVER, ",465
77315B65BB7,"COVER, INTAKE ",443
77317105286,"SEAT PAD, PILLION ",221
77317107771,HOLDER HEADLIGHT,70
77317109014,STOOL COVER,338.36
77317109017,COVER FOR BUMP,314.08
77317914848,COCKPIT TRIM PANEL,619
77317914849,WINDSHIELD,273.35
77317914850,HOLDER FOR COCKPIT,204
77317914860,TOURING WINDSHIELD,507.67
77317914861,HOLDER TOURING,395
77318104263,RACE COVER KIT,106
77318105456,COVER PANEL FOR TANK,487
77318404052,M Race Cover Kit,107
77318404065,"INSIDE LINER, CARBON, ",299
77318404066,"INSIDE LINER, CARBON, ",299
77318404067,WHEEL COVER CARBON,465
77318404075,COVER INTAKE SILENCER,431
77318404077,CHAIN GUARD CARBON,388
77318404078,WHEEL COVER CARBON,431
77318414688,PROTECTIVE GRILLE FOR,79
77318520252,MOUNTING KIT STOOL,60
77322465274,SET OF HAND,211
77328396075,SET HAND GUARD LEFT,143
77328396076,SET HAND GUARD RIGHT,143
77328553967,SET OF HAND,264
77329829099,CLUTCH LEVER GUARD,209
77329829100,BRAKE LEVER,209
77331540608,"WINDSHIELD, HIGH",221.8
77331686589,"WINDSHIELD, TINTED",424.82
77331686592,"WINDSHIELD, HIGH",390.53
77331686594,"WINDSHIELD, HIGH, ",424.82
77337107668,WINDSHIELD COATED,341.25
77337724350,"WINDSHIELD, COMFORT",606.63
77338394700,"WINDSHIELD, HIGH",292.93
77338409969,"WINDSHIELD, HIGH",187.68
77338414749,"WIND DEFLECTOR, ",299
77338534283,"WINDSHIELD, HIGH",379.13
77338829291,COCKPIT FAIRING LEFT,50
77339443603,WINDSCHILD MASKIERT,220.31
77339443605,WINDSHIELD MASKED,203.85
77339443607,WINDSCHILD MASKIERT,74.96
77339444311,WINDSHIELD MASKED,220.31
77339444312,WINDSHIELD MASKED,176.13
77339444313,WIND DEFLECTOR,138.1
77339444314,"WIND DEFLECTOR, ",138.1
77342465314,"SOLO SEAT VINTAGE, ",220.76
77342469371,"SET, MOUNT, PASSENGER ",451
77342469400,"SET, SEAT, DAY RIDER, ","1,049.00"
77342469401,"SET, SEAT, DAY RIDER, ","1,049.00"
77342469404,"SET, SEAT, WEEKENDER, ","1,135.00"
77345A393F2,"SET, SEAT, VINTAGE ",251.29
77345A7F050,SINGLE SEAT,302.49
77347108242,"BENCH SEAT, COMFORT",452.1
77348393817,LOW-PROFILE BENCH,534.29
77348552145,PILLION SEAT 'EXCLUSIVE',336.28
77348552146,DRIVER'S SEAT,373.64
77348553994,DRIVER'S SEAT,373.64
77348553995,DRIVER'S SEAT,373.64
77352465703,"FUEL FILLER CAP, ",68.92
77402451360,ADAPTER FOR SIDE BAG,253
77402451375,SIDE BAG ATACAMA,"1,110.00"
77402451553,"SIDE BAG ""ATACAMA""",399
77402464350,LUGGAGE NET ALUMINUM,72
77402471303,SADDEL BAG LEFT,325
77402471304,SADDEL BAG RIGHT,325
77402471320,HOLDER SIDE BAG RIGHT,49.58
77402471321,HOLDER LEFT SIDE BAG,69.41
77405A0ECF0,HOLDER SIDE BAG RIGHT,176
77405A0ECF9,HOLDER LEFT SIDE BAG,176
77405A0ED09,SIDE BAG BLACK,328
77407721035,"VARIO CASE, LEFT",667
77407721037,Variotop case w/ Aluminum,826
77408569659,"Vario case, left black",667
77408569660,"Vario case, right black",667
77409899411,"Vario case, left w/ Aluminum ",680
77409899412,"Vario case, right w/ ",680
77411539575,TRIM COVER FOR CASE,138
77411539576,TRIM COVER FOR CASE,138
77411539577,TRIM COVER FOR CASE,138
77411539578,TRIM COVER FOR CASE,138
77411539579,TRIM COVER FOR CASE,144
77411539580,TRIM COVER FOR CASE,144
77411539693,"ALUMINUM CASE, LEFT",787
77411539694,"Aluminum case, right",787
77412455698,CASE CARRIER BLACK,410
77412455699,CASE CARRIER BLACK,410
77412455700,CROSS-MEMBER CASE,143
77412455701,Luggage rack black,569
77412459676,Aluminum case black left,787
77412459679,Aluminum case black right,787
77412464351,TRAVEL ORGANIZER BAG,91
77412467604,TOPCASE ORGANIZER,97.33
77412471464,"INTERIOR BAG F CASE, ",150
77412471465,"INTERIOR BAG F CASE, ",150
77412472173,ALUMINUM CASE BLACK,822
77412472175,Aluminum case black left,839
77412472176,Aluminum case black right,839
77414B0C3E1,"VARIO CASE 1300GS, ",785
77414B0C3E2,"VARIO CASE 1300GS, ",751
77415A6A431,"SOFT LUGGAGE, LEFT",591
77415A6A432,"SOFT LUGGAGE, RIGHT",591
77415A6ED24,INSIDE POCKET FOR,200
77415A6ED27,INSIDE POCKET FOR,200
77415A70777,CASE LEFT,866
77415A70778,CASE RIGHT,815
77415A707B7,TRIM COVER FOR CASE,206
77415A707B8,TRIM COVER FOR CASE,206
77415B30A79,INNER POCKET,200
77415B43D55,TRIM COVER FOR CASE,243
77415B43D56,TRIM COVER FOR CASE,243
77415B4FE73,"INTERIOR BAG F CASE, ",200
77415B4FE74,"INTERIOR BAG F CASE, ",200
77415B6A145,"Vario case, left 1300GS ",650
77415B6A146,"Vario case, right 1300GS ",650
77417105501,CASE 1300GSA ALUMINUM,949
77417105502,CASE 1300GSA ALUMINUM,949
77417921897,LEFT ENGINE,258
77417921898,RIGHT ENGINE,258
77418414371,TRIM CASE LID LEFT,75.72
77418414372,TRIM CASE LID RIGHT,75.72
77418414629,"Aluminum case, left",684
77418414630,"Aluminum case, right",684
77418520295,"INNER POCKET, TOURING ",213
77418520296,"INNER POCKET, TOURING ",213
77418520301,"INTERIOR POCKET, TOUR ",213
77418522927,LEFT ENGINE,212
77418522928,RIGHT ENGINE,212
77418523706,TOP CASE LOCK,166
77418536869,TOURING CASE LEFT,596
77418536870,TOURING CASE RIGHT,120
77418543197,"Inside pocket, aluminum c",194
77418543199,"Inside pocket, aluminum c",194
77418543993,SET MOUNTING PARTS,170
77418565033,Inner pocket case,194
77418567204,"VARIO CASE, RIGHT",667
77419444361,"VARIO CASE 1300GS, ",650
77419444362,"VARIO CASE 1300GS, ",650
77419444363,CASE 1300GSA ALUMINUM,949
77419444364,CASE 1300GSA ALUMINUM,949
77419832023,TOURING CASE LEFT,692
77419832024,TOURING CASE RIGHT,692
77419832025,TOURING CASE LEFT,680
77419832026,TOURING CASE RIGHT,680
77419832029,TOURING CASE LEFT,692
77419832030,TOURING CASE RIGHT,692
77419898413,TOURING CASE LEFT,610
77419898414,TOURING CASE RIGHT,610
77419899409,"VARIO CASE, LEFT BLACK",680
77419899410,"VARIO CASE, RIGHT ",680
77419899417,TOURING CASE LEFT,518
77419899418,TOURING CASE RIGHT,518
77422459693,SET FOOTREST BRACKET,440
77425A76438,BUSH,33
77425A76439,CROSS BRACE,149
77425A76441,LEFT CASE HOLDER,352
77425A76442,CASE HOLDER RIGHT,352
77425B3EAA1,CONVERSION KIT CASE,91
77425B3EAA2,CONVERSION KIT CASE,91
77425B66849,LEFT SUPPORT,109
77425B66850,RIGHT SUPPORT,109
77427108029,ALUMINUM CASE VOLUME,302
77427108030,ALUMINUM CASE VOLUME,348
77427108512,CROSS-MEMBER CASE,141
77427108513,CASE CARRIER LEFT,335
77427108514,CASE HOLDER RIGHT,335
77428829733,TRIM CASE LEFT,165
77428829734,TRIM CASE RIGHT,165
77431539595,Aluminum TopCase,889
77431540399,VARIOTOP CASE,826
77432455447,Aluminum topcase black,868
77432472170,ALUMINUM TOPCASE,942
77434B0E654,VARIOTOP CASE,790
77435A6ED29,INNER POCKET FOR,200
77435B30A80,INNER POCKET,200
77435B43D49,OUTER SHELL TOPCASE,440
77435B4FE75,INSIDE POCKET FOR,200
77435B51B35,VARIO TOPCASE,"1,050.00"
77435B55147,REPARATURSATZ,10.8
77435B75C16,"TOPCASE, ALUMINIUM",949
77435B75C17,"TOPCASE, BLACK",949
77437105503,TOPCASE BLACK,949
77437724352,Top Case,576
77437729451,"BACK PAD, TOPCASE",554.36
77438409433,"OUTER SHELL, TOPCASE ",250
77438543194,"Inside pocket, aluminum T",194
77438548308,"OUTER SHELL, TOPCASE ",143
77438549124,INSIDE POCKET FOR TOP,135
77438549130,"Inside pocket, Top Case 2",131
77438553921,TOURING TOPCASE,"1,740.00"
77438555738,TOURING TOPCASE,"1,710.00"
77438565872,TOURING TOPCASE,"1,740.00"
77438566126,Topcase Light with adapter,260
77438569672,Variotop case Black,826
77438829681,TOP CASE,660
77438829728,OUTER SHELL TOPCASE,258
77439443542,VARIO TOPCASE,790
77439443547,TOPCASE ALUMINUM,949
77439457027,"OUTER SHELL, TOPCASE ",238
77439457185,"OUTER SHELL, TOPCASE ",300
77439467682,CASE LID/TOPCASE LID,251
77439829378,TOP CASE 49L,658
77439829379,"TOP CASE, 30-LITRE",524
77441541704,KIT BACK PADDING,156
77441541705,BACK PADDING ALU CASE,156
77445A9D5E7,"KIT, TOPCASE CARRIER",857
77445B43D51,OUTER SHELL TOPCASE,250
77445B4EB67,SET LUGGAGE CARRIER,879
77448396356,LUGGAGE GRID,305
77448414337,"OUTER SHELL, TOPCASE ",250
77448523743,Kit for TopCase mount,229
77448546695,SET OF MOUNTS FOR TOP,45
77448546808,Set backrest cushion Top,156
77448549334,BACKREST FOR TOP,133
77448561434,"BACK PAD, TOPCASE",133
77448566817,LUGGAGE GRID,279
77449443938,SUPPORT POINT,97
77452449425,tank-top bag,287
77452463724,POCKET FOR REAR SEAT,267
77452465325,TANK-TOP BAG,446
77452465443,"Tank backpack, small",227
77452466676,tank-top bag,319
77452471305,TANK BAG SMALL,34.39
77455A0E751,TANK BAG BLACK,370
77455A0E752,TANK BAG BLACK,206
77455A31316,ATTACHMENT FOR TANK,47
77455A31319,ATTACHMENT FOR TANK,44
77455A31320,ATTACHMENT FOR TANK,44
77455A5CE48,CONNECTION TANK BAG,47
77455A831E0,TANK-TOP BAG,532
77458520297,TANK BAG K1600,320
77492463535,BAG WIND DEFLECTOR,85
77492464354,"BACKPACK, FOLDABLE",16.78
77495A0E757,REAR BAG BLACK,403
77495A0E758,REAR BAG BLACK,343
77495A503B8,SIDE BAG ADVENTURE,279
77495A503B9,REAR BAG ADVENTURE,403
77495A5CDD4,Holder side bag right,192
77495A5CDD6,HOLDER SIDE BAG RIGHT,176
77495A974A1,SADDLEBAG LEFT/RIGHT,519
77495A98561,CARRYING HANDLE AL,50
77495B304D4,STORAGE NET ALUMINUM,34
77495B30A76,BAG RADIATOR COWL,427
77495B3E251,"SPACER, LEFT/RIGHT",211
77495B5C6D7,BAG FRAME LEFT/RIGHT,223
77495B80894,DUFFLE BAG 40L,173
77495B80895,Duffle bag 60L,190
77498404528,Rep.kit f lock cylinder NON,45
77498534711,Inside pocket for Vario c,213
77498534712,Inner pocket for Vario To,213
77498536210,Inside pocket for Vario c,213
77498543224,Handle for alu case/alu T,65
77498544517,Rep.kit f lock cylinder,48
77498544517PROM,Rep.kit f lock cylinder,48
77498562634,Bag for luggage rack,194
77511542180,SET OF BRACKETS LED,159
77515A0B9E3,COVER PANEL HEADLAMP,127.91
77515A0B9E5,"COVER, HEADLIGHT, ",127.91
77517105970,SET OF HEADLIGHT,182
77517106082,Additional brake light,366
77517108971,SET OF ADDITIONAL,366
77518356947,SET MOUNTING PARTS,24
77518389189,Set of brackets LED auxil,130
77518406443,"BRACKET, ADDITIONAL ",68
77518406444,"BRACKET, ADDITIONAL ",68
77518520044,"SET, AUX. BRAKE LIGHTS, ",366
77519898698,COLLAR BUSH,10.42
77521542248,ConnectedRide Cradle,259
77522414855,DUAL USB CHARGER,75
77522462777,"Protective film, TFT disp",69
77525A19B30,"PROTECTIVE GLASS, TFT ",69
77525A29255,"PROTECTIVE GLASS, TFT ",79
77525A417F9,DUAL USB CHARGER,82
77525A84266,SET CONNECTEDRIDE,295
77525A881E8,KIT CONNECTEDRIDE,890
77525B3A806,"PROT GLASS, ",19.83
77525B44EA5,"PROTECTIVE GLASS, TFT ",84
77525B44EA6,"PROTECTIVE GLASS, TFT ",92
77525B54BA8,KIT CONNECTEDRIDE,890
77528355998,Set Navigator VI (US),949
77528504069,Navigator VI,899
77528544462,BATTERY,138
77535A86318,KIT ELECTRICAL SYSTEM,548
77535A86319,KIT ELECTRICAL SYSTEM,"1,160.00"
77538389483,SET ATTACHMENT,206
77538395840,ENABLING CODE,247.59
77538406686,THROTTLE GRIP,222
77539480108,ENABLING CODE,0.01
80142411034,BMW T-Shirt ladies,27
80142445941,BMW Motorsport T-shirt Me,46
80142445942,BMW Motorsport T-shirt Me,46
80142445943,BMW Motorsport T-shirt Me,35
80142450981,BMW M T-SHIRT MEN'S,35
80142450984,BMW M T-SHIRT MEN'S,35
80142466256,BMW M LOGO T-SHIRT,35
80142466257,BMW M LOGO T-SHIRT,35
80142864123,BMW T-SHIRT LOGO,46
80142864124,BMW T-SHIRT LOGO,46
80142864125,BMW T-SHIRT LOGO,46
80142864126,BMW T-SHIRT LOGO,46
80162208704,BMW ROUNDEL CAP -,16
80162445950,BMW MOTORSPORT CAP,46
80232446010,BMW Active water bottle f,25
81220142156,BMW Brake fluid,6.87
81312360886,ICOM NEXT D,364.59
81312468797,IMIB NEXT / ACAM USB,29.98
81315A78C62,IMIB NEXT MOTORRAD,"3,625.26"
81925A1BB87,DC2323 Transmission,"1,406.99"
82140428376,FUEL INJECTION AND,31.49
82141467704,BMW ANTIFREEZE 1 US,29.97
82142209769,BMW Antifreeze/Coolant - 1,10.31
82142327629,Motorrad Chain Cleaner 12,14.92
83105A8FE66,LUBRICANT SPRAY WAX,107.4
83105A98D70,Suspension strut oil - TYPE,26
83105B57B43,"TELESCOPIC FORK OIL, ",51.52
83105B58B15,TELESCOPIC FORKS OIL,52.85
83120422246,Scottoil Standard,11.92
83122296187,Brake Pad Paste - 5 ml,1.48
83192359101,Motorrad Functional Deter,9.71
83192449422,TELESCOPIC FORKS OIL,31.02
83192451316,BMW NON-CHLOR. BRAKE,7.58
83192460609,ADVANTEC PROTECT,14.5
83192460735,TELESCOPIC FORKS OIL,29
83192470714,TELESCOPIC FORKS OIL,72
83195A3ADA9,BMW Wheel Cleaner Gel,11.73
83195A547C4,ADHESIVE SET K6,71.13
83195A8F589,TELESCOPIC FORK OIL,89
83212365958,Motor oil ADVANTEC 5W-40,21.3
83212365959,MOTOR OIL ADVANTEC,21
83212365959L,Motor Oil ADVANTEC 5W-,19.95
83212365962,MOTOR OIL ADVANTEC,20
83212365962L,Motor Oil ADVANTEC 15W-,18.95
83212365963,Motor oil ADVANTEC 15W-,20.3
83212450004,Engine oil ADVANTEC Class,13.25
83222460128,HYPOID AXLE OIL G3,59.24
83238847417,KL?BERGREASE LFT 71-,45
83300401348,EXTENSION,201.67
83300401702,"EXTRACTION TOOL, ",220.07
83300401828,PLIERS,132.22
83300402330,SET OF TEST-PROBE,49.12
83300402336,"REPAIR PLUG, 3-PIN",29.31
83300402338,"Repair plug, 2-pin",42.32
83300402339,"REPAIR PLUG, 2-PIN",44.51
83300402344,"REPAIR PLUG, 2-PIN",32.64
83300409688,"TEST CABLE, PLUG, 12-",233.51
83300409690,"REPAIR PLUG, 4-PIN",54.46
83300413585,"REPAIR PLUG, 3-PIN",13.76
83300417792,SATZ FEDERSPANNER,539.98
83300435801,BRACE,150.46
83300490942,TEMPLATE,23
83300493401,ADAPTER LEAD,68
83302152837,TEST LEAD,310.86
83302152854,SET OF GAUGING,233.51
83302152864,REPAIR PLUG,128.44
83302327775,ENGINE MOUNT,656.73
83302327801,GUIDE,422.19
83302339994,EXTRACTOR,108.15
83302352991,ADAPTER LEAD,579
83302360179,ADAPTER,82.88
83302420082,ALIGNMENT PIN,25.02
83305A23452,SCHL?SSEL,110.92
83305A270A4,LOCKING DEVICE,37.95
83305A29049,CENTRING PIN,31.52
83305A460F3,ADAPTER LEAD,190
83305A76BE9,TEST CABLE,211.32
83305A76C03,TEST CABLE,76.69
83305A8A044,ENGINE BRACKET,443.65
83305A993B3,ALIGNMENT PIN,103.89
83305B301B2,GUIDE,219.86
83305B301B3,AUFNAHME,143.01
83305B301B4,BIT SOCKET,21.44
83305B301B5,VALVE ADJUSTMENT,141.44
83305B302A8,ZANGE,89.67
83305B302A9,ENGINE FIXTURE,512.13
83305B302B0,MONTAGEVORRICHTUNG,19.45
83305B302B1,DISASSEMBLY TOOL,175
83305B38E15,SCHLUPFH?LSE,22.36
83305B38E16,MONTAGEBUCHSE,110.92
83305B38E17,SPEZIALWERKZEUG,30.07
83305B38F15,ENGINE FIXTURE,402.8
83305B38F17,"ADAPTER, AUXILIARY ",105.07
83305B4C9C8,SPECIAL TOOLS,58.67
83305B4C9C9,BRACE,80.27
83305B4C9D0,IMPACT BUSH,106.33
83305B4D9B7,ADAPTER LEAD,303.55
83305B664B1,SET OF EXTRACTORS,353.16
83305B69221,"TOOL SET, CHASSIS","1,430.07"
83305B6FD35,GAUGE,59.82
83305BAC8B8,HOSE,26.13
84105B49553,CONTROL UNIT,"1,095.55"
Supplier Code: BM sub totals (3984 records),,
Supplier Code: BMTC,,
2417099BRM,"HARN-HANDLEBAR,LONG,",44.99
Supplier Code: BMTC sub totals (1 record),,
Supplier Code: BMW CF,,
76218536370 CF,GLOVES PRO RACE,159
Supplier Code: BMW CF sub totals (1 record),,
Supplier Code: BMWATL,,
76127913582W,JACKET SCHWABING 100,350
76218536394,GLOVES GS RALLYE,119
Supplier Code: BMWATL sub totals (2 records),,
Supplier Code: BMWJAX,,
75010481AJAX,NUT,5.21
76640172AJAX,STUD BOLT M8X30,3.42
Supplier Code: BMWJAX sub totals (2 records),,
Supplier Code: BMWMCGR,,
3956-000-125-000,KRIOS PRO CHEEK PADS,29.99
Supplier Code: BMWMCGR sub totals (1 record),,
Supplier Code: BOBS,,
Schroedie LED,Schroedie LED Turn Signals,249
Supplier Code: BOBS sub totals (1 record),,
Supplier Code: BPD,,
CI-2035,Aeromach�� Heel-Toe Shift,199.99
Supplier Code: BPD sub totals (1 record),,
Supplier Code: Brock's Performance,,
240851,Window Link Kit Adjustable,349
410158,Sprint Filter P14,83.98
903691,Mirror Block Off Plate Set,69.99
903873,Adjustable Carbon Fiber,139
962933,Billet Adjustable,239
Supplier Code: Brock's Performance sub totals (5 records),,
Supplier Code: CCC,,
ME-RK-18,BMW K1600GT/GTL,29.99
ME-RK-19,BMW K1600GTL R12RTW,29.99
ME-RK-36,BMW R1200GSW Vario,29.99
ME-RK-36X,BMW R1200GSW Vario,29.99
ME-RK-37,BMW R1200GSW Vario,24.99
ME-RK-38B,BMW R1200GSW Adventure,29.99
ME-RK-38S,BMW R1200GSW Adventure,29.99
ME-RK-39B,BMW R1200GSW Adventure,24.99
ME-RK-39S,BMW R1200GSW Adventure,24.99
ME-RK-40B,BMW R1200GS Adventure,14.99
ME-RK-40R,BMW R1200GS Adventure,14.99
ME-RK-41B,BMW R1200GS Adventure,14.99
ME-RK-41R,BMW R1200GS Adventure,14.99
ME-RK-42B,BMW R1200GSW Adventure,32.99
ME-RK-42R,BMW R1200GSLC 2014+,36.99
ME-RK-44B,BMW R1200GS Adventure,12.99
ME-RK-44R,BMW R1200GS Adventure,12.99
ME-RK-45B,"Trunk ""Chevrons"" BLACK ",12.99
ME-RK-50,Side Bag Reflective Tape Kit,31.99
ME-RK-52,Side Bag and Top Case,44.99
ME-RK-99B,Motorcycle Reflective Tape,19.99
ME-RK-99R,Motorcycle Reflective Tape,19.99
ME-RK-99S,Motorcycle Reflective Tape,19.99
Supplier Code: CCC sub totals (23 records),,
Supplier Code: CHIGEE,,
MFP0008,BMW Fixed Base - R1250RT,15
MFP0019,TIRE PRESSURE SENSOR,94
MFP0124,AIO 5 SCREEN,24
MFP0137,AIO-5 Play for BMW Smart,499
MFP0146,AIO 6 TEMPERED GLASS,24
MFP0148,Sun Shade for AIO-6 Series,24.99
MFP0170,AIO-6 LTE 4G Smart Riding,560
MFP0170-1,AIO-6 LTE 4G Smart Riding,560
MFP0171,AIO-6 Max Smart Riding,460
MFP0174,QUICK RELEASE BASE,125
MFP0175,QUICK RELEASE BASE,125
MFP0176,60fps HDR Cameras for,179
MFP0225,Mounting Bracket,69
Supplier Code: CHIGEE sub totals (13 records),,
Supplier Code: CHRC,,
PRO-DTC,Professional Digital Tire,755
Supplier Code: CHRC sub totals (1 record),,
Supplier Code: CIO,,
50149,"3/4"" CLAMP ACCESSORY ",39.99
Supplier Code: CIO sub totals (1 record),,
Supplier Code: CLW,,
BETSYK1600,Betsy Running Light,90
Billie Jr. Brake Light,Clearwater Billie Brake Light,129
D51,Darla - D51,704
D79,D79 R1200RTW W/WW,799
Darla slip-on cover,Pair of slip on Covers with,40
E51,E51 R1250GSAW W/WW,"1,034.00"
Supplier Code: CLW sub totals (6 records),,
Supplier Code: CSC,,
0209940500CSC,CWR-1 SHIELD DARK,74.99
Supplier Code: CSC sub totals (1 record),,
Supplier Code: DriveSystems,,
164600RX,Superlite RSX Series Black,69.95
164802RX,525 Pitch - New Superlite,67.95
R3531001,520 Chain Kit - Superlite,217.41
R3570001,BMW F 700 GS '11-18 Steel,184.99
R3585002,*525 Sprocket Kit - Superlite,262.6
R3590005,*525 Sprocket Kit - Superlite,339.46
R35A1012,*525 Sprocket Kit - Superlite,308.76
R35A1020-1,BMW S 1000XR '15-19 and,249.95
R35A1022-1,BMW S 1000R | 1000RR,236.95
R35A1023-1,BMW S 1000R | 1000RR,306.95
R35A1026,*525 Sprocket Kit - Superlite,408.5
R35A1032,*525 Sprocket Kit - Superlite,389.62
R35A1034,525 Sprocket Kit - Superlite,371.7
R35A1036,*525 Sprocket Kit - Superlite,429.68
Supplier Code: DriveSystems sub totals (14 records),,
Supplier Code: DU,,
36499020,THREADED INSERT,3.74
40029125,THRUST WASHER 15.5,3.3
66049800,OIL NET FILTER,89.41
76592205,THRUST WASHER 10.5,1.56
11723531AA,"ROD, BRAKE",17.14
12114441A,SPRING RING,5.04
12222731E,PISTON ASSY,382.95
13440031A,GASKET,10.4
13440191A,O-RING,5.37
15310072B,"BALANCER SET, HANDLE ",19.3
15310121A,COUNTERWEIGHT,40.3
15310131A,"BALANCER SET, HANDLE ",25.01
15310231A,"BALANCER SET, HANDLE ",25.11
15310271A,"BALANCER SET, HANDLE ",24.28
15310311BA,"BALANCER SET, HANDLE ",14.15
16014201A,REAR SPROCKET FLANGE,217.16
16016841AA,REAR SPROCKET FLANGE,223.63
16018142A,FLANGE,76.51
16023791B,FLANGE,"1,518.83"
16024181A,FLANGE,551.93
16024272A,FLANGE,"1,488.09"
16024363A,FUEL PUMP,"1,327.19"
17011831A,PRIMARY DRIVEN GEAR,434.7
18710021A,"VALVE, BREATHER",3.3
19020161A,CLUTCH DISC SET,422.22
19020181A,CLUTCH DISC SET,457.04
19020312A,CLUTCH DISC SET,563.67
19020361D,CLUTCH DISC SET,566.28
19020531A,CLUTCH DISC SET,572.18
19020591A,CLUTCH DISC SET,552.47
19020641A,CLUTCH DISC SET,235
19410511A,RING,25.06
19420592A,"DISK, CLUTCH PRESSURE",165.13
19540021A,RUBBER PAD,4.84
19540094B,PISTON ASSEMBLY,198.4
19611122A,MOZZO CENTRALE,"1,068.23"
19611171A,MOZZO POSTERIORE,699.21
19810731A,CLUTCH HOUSING,650.66
22032083A,"GASKET, ALUMINIUM ",1.66
24211341B7,GENERATOR COVER,552.94
24221551A5,GENERATOR COVER,710.71
24311541A7,CLUTCH PROTECTION,569.34
24311611B7,CLUTCH COVER 1716 -,"1,086.72"
24311611BH,CLUTCH COVER,"1,071.31"
24321531A,CLUTCH PROTECTION,444.92
24713642A,WATER PUMP COVER,418.91
24723655C,GEARBOX CONTROL,155.35
24723702G,COMPLETE WATER PUMP,470.14
247P4072A,COVER ASSEMBLY,37.18
24920511K,COMPLETE WATER PUMP,467.84
24920512L,WATER PUMP ASSY D.56,465.25
25210261B7,OIL PAN,485.55
25210261BH,OIL PAN,485.56
25210262AH,OIL PAN,396.39
26420211A,GENERATOR FERRITE,826.7
26420571D,GENERATOR,776.9
27040107A,STARTING MOTOR,885.7
27040193A,STARTING MOTOR,858.22
28040021A,INJECTOR,464.79
28642301C,ENGINE CONTROL UNIT,"2,467.99"
28642681C,ENGINE CONTROL UNIT,"2,517.27"
34221232AA,STEERING HEAD BASE,696.78
34221422AA,STEERING HEAD BASE,801.76
34221591AA,2102 D56 USA/CND STEER,801.76
34221601AA,STEERING HEAD BASE,801.76
342P0691AA,STEERING HEAD BASE,797.69
342P0972AB,STEERING HEAD BASE,690.19
34912611A,"SEAL SET, FRONT FORK",87.4
34913871A,BUSH,38.92
34920391A,FRONT FORK OVERHAUL,265.7
34920491A,"SEAL SET, FRONT FORK",95.21
34920571A,FRONT FORK OVERHAUL,192.88
34921041A,OVERHAUL KIT,251.7
34921051A,SEAL KIT,70.52
34921391A,OVERHAUL KIT,159.76
34921391B,OVERHAUL KIT--(R.H.,80.52
34921401A,SEAL KIT,62.63
34921771A,SEAL KIT,177.3
34921801A,SEAL KIT,167.68
34921951A,OVERHAUL KIT  (LEFT,152.1
34923371A,REVISION KIT X SHOWA,116.54
34923381A,LEFT FORK OIL SEALS,87.41
36010954AA,HANDLEBAR,257.95
36011182B,HANDLEBAR,245.26
36011441AB,"HOLDER, HANDLE LOWER",53.5
36012001BA,HANDLEBAR,167.18
36012091AA,HANDLEBAR,251.33
36015992AA,HANDLEBAR,171.41
36016561AA,HANDLEBAR,130.41
36016562AA,MANUBRIO SEZIONE,139.1
360P5851BA,HANDLEBAR TUBE R.H.,114.97
36140161A,HAND GRIP LH,36.47
36140451A,HAND GRIP LH,43.47
36420101A,STEERING DAMPER,483.64
36420132A,STEERING DAMPER,"1,067.57"
37019241C,REAR SWINGING ARM,"1,553.79"
37020551AA,REAR SWINGING ARM,"2,855.08"
38010144B,IGNITION COIL,187.63
38010145B,IGNITION COIL,273.6
39040111A,"BULB 12V, 55W",30.88
39040162A,BULB 12V-5W C5W,3.52
39040201A,"BULB 12V, 55W",45.97
39040211A,BULB,9.06
39740031B,STARTER RELAY,139.55
39740081B,STARTER RELAY,85.09
40610586A,DASHBOARD,"1,395.60"
40610881B,METER,"1,367.98"
40610882B,,"1,367.98"
40610883B,CRUSCOTTO MTS1200,"1,401.68"
40610884B,DASHBOARD MTS1200,"1,415.51"
40611151I,DASHBOARD (LCD) 1106,"1,454.25"
40611152I,DASHBOARD (LCD) 1106,"1,447.14"
40611153H,INSTRUMENT PANEL,"1,428.45"
40611153I,DASHBOARD (LCD) 1106,"1,447.14"
40611741D,INSTRUMENT PANEL,"1,845.12"
40611742D,INSTRUMENT PANEL,"1,845.11"
410158,HANDLEBAR,149.23
42520011A,FILTER,72.21
42520021A,"REPAIR KIT FILTER, FUEL ",74.84
42540041B,"FILTER, FUEL",56.62
42540151A,"FILTER, FUEL",46.44
42610091A,"FILTER, AIR",28.98
42610111A,"FILTER, AIR",39.71
42610131A,"FILTER, AIR",69.89
42610191A,"FILTER, AIR",35.93
42610201A,"FILTER, AIR",116.93
42610341B,"FILTER, AIR",66.22
42610451A,"FILTER, AIR",203.36
42610491A,"FILTER, AIR",68.94
42610672A,"FILTER, AIR",46.49
42610673A,PAPER AIR FILTER -,51.13
42610712A,"FILTER, AIR",73.92
42610713A,AIR FILTER 1706 -,55.25
42610751A,"FILTER, AIR",29.58
42610801A,"FILTER, AIR",39.4
42610861A,"FILTER, AIR",30
42620021A,LEFT AIR FILTER,42.55
42620031A,RIGHT AIR FILTER,42.55
42620161A,LEFT AIR FILTER,103.85
42620171A,RIGHT AIR FILTER,96.6
42620181A,LEFT AIR FILTER,121.49
42620191A,RIGHT AIR FILTER,121.49
43513681A,ITALIAN FLAG DECAL,34.65
43611961A,EMBLEM DUCATI,36.96
43814551A,"STICKER ""MARCHESINI"" ",38.35
43818461A,LEFT STICKER,24.64
43818931AS,EMBLEM DUCATI,14.37
43818941AS,DECAL 899 PANIGALE,23.97
43818951AS,ITA FLAG STICKER,16.78
43818961AS,ITA FLAG STICKER,16.78
43819291AA,EMBLEM DUCATI,28.76
43819301A,STICKER DUCATI,26.05
4381D861A,TRANSFER,27.86
4381G421A,ITALIAN FLAG DECAL,15.92
4381G781A,DECALCO SERBATOIO 4,11.94
4381G841A,DECALCO SERBATOIO 2,27.88
4381G851A,DECALCO SERBATOIO 1,23.89
4381H801A,TRANSFER,27.2
44440031C,SOGEFY R72/43 OIL,26.28
44440035A,"FILTER, OIL",22.71
44440038A,"FILTER, OIL",25.65
44440039A,"FILTER, OIL",25.65
44440291C,"FILTER, OIL",46.34
44440312B,"FILTER, OIL",35.3
44440421B,"FILTER, OIL",33.97
44440441A,"FILTER, OIL",40.71
44440461A,"FILTER, OIL",12
44610261A,CHAIN GUARD REAR,14.05
44711971B,CHAIN SLIDER,22.98
44712911A,SKATE,23.31
44713052A,CHAIN SLIDER,26.08
44713061A,CHAIN SLIDER,8.52
44713081A,CRUNA CATENA SX,6.78
44713091A,CRUNA CATENA DX,6.78
44713111A,CHAIN ??ROLLER,5.04
44910801A,"SPROCKET, CHAIN T16",60.68
44910841A,SPROCKET T15,49.23
44910981A,CHAIN SPROCKET Z16,90.66
44911051A,CHAIN SPROCKET T13,45.21
45120201A,"TENSIONER, TIMING BELT ",127.02
45120211A,TENSIONER TIMING BELT,77.16
45120291A,COMPLETE MOVABLE,158.41
45610461AA,GEAR CONTROL LEVER,50.81
45612031A,"PEDAL, GEAR CHANGE",135.39
45612092BA,GEARCHANGE LEVER,126.6
45613411AB,GEARCHANGE LEVER,135.86
45613533AA,GEARCHANGE LEVER,135.86
45620802AA,GEARCHANGE LEVER,144.23
45622021AB,"PEDAL, GEAR CHANGE",115.15
45622061DA,COMPLETE GEARBOX,121
45622581AB,"PEDAL, GEAR CHANGE",120.32
45623511AA,GEARCHANGE LEVER,125.42
45623672BA,GEARCHANGE CONTROL,165.1
45623722AA,ASSIEME LEVA CAMBIO,113.85
45623811AA,GEARCHANGE LEVER,129.02
456P2611AA,GEARCHANGE LEVER,119.44
45711421AA,BRAKE LEVER ASSEMBLY,113.85
45720521AA,BRAKE CONTROL LEVER,132.66
45720552AA,BRAKE LEVER ASSEMBLY,166.21
45721162AA,BRAKE LEVER ASSEMBLY,125.41
45721181AA,BRAKE LEVER ASSEMBLY,159.27
45721281BA,BRAKE LEVER ASSEMBLY,116.54
46014501A,HEEL GUARD R.H.,54.94
46014911A,MUDFLAP REAR,45.97
46016532A,THERMOREFLECTING,16.54
46016852A,LEFT BRACKET,28.42
46016862A,RIGHT BRACKET,28.42
46017071BA,CAP RH,246.4
46017131BA,SILENCER ENDCAP,182.13
4601B231A,CAP LH,9.35
4601B241A,CAP RH,9.35
4601C172A,HEAT GUARD UPPER,11.33
4601C201BC,HEAT GUARD BOTTOM,86.74
4601C281A,"GUARD, KNUCKLE, RH",21.94
4601C282A,"GUARD, KNUCKLE, RH",21.94
4601C291BA,"GUARD, KNUCKLE, LH",125.42
4601C292A,"GUARD, KNUCKLE, LH",21.94
4601C302A,"GUARD, KNUCKLE, RH",51.92
4601C312AA,"GUARD, KNUCKLE, LH",94.4
4601C601A,THERMOREFLECTING,9.44
4601E472A,COVER,57.96
4601E881A,COVER,401.25
4601E882A,COVER,489.54
4601F321A,COVER,35.68
4601F332A,COVER,36.57
4601G181A,CAP LH,14.49
4601G191A,CAP RH,14.49
4601H922A,"GUARD, KNUCKLE, RH",69.32
4601H932A,"GUARD, KNUCKLE, LH",69.32
4601L831A,COVER,14.64
4601L901A,HAND GUARD ARM,19.9
4601R193A,GRIGLIA PROTEZIONE,48.56
4601R231B,HEAT GUARD L.H.,58.27
4601R241B,HEAT GUARD R.H.,58.27
4601R301AA,"GUARD, KNUCKLE, RH",742.63
4601R541A,GUARD,19.04
4601R591C,"PROTECTION, HEAT",5.16
4601R831A,HEAT REFLECTIVE,26.66
46047721A,GUARD,22.6
46210021A,SPRING WASHER 8 MM,2.3
46320222A,O-RING,5.37
46410531B,RIGHT FOOTREST,118
46410541B,LEFT FOOTREST,118
46410591AA,RIGHT FOOTREST,34.11
46410601AA,LEFT FOOTREST,34.11
46410961AA,RIGHT FOOTREST,61.37
46411161AA,RIGHT FOOTREST,79.63
46411261BA,"FOOTREST, FRONT RH",34.96
46411271BA,"FOOTREST, FRONT LH",34.96
46411311AA,"FOOTREST, FRONT LH",62.1
46411321AA,"FOOTREST, FRONT RH",62.1
46510601A,REAR RIGHT FOOTREST,59.73
46510611A,REAR LEFT FOOT-REST,59.73
46510961A,REAR RIGHT FOOTREST,64.51
46510971A,REAR LEFT FOOT-REST,64.51
48013761AC,"FAIRING, LOWER LH ",653.48
48013761AW,"FAIRING, LOWER LH ",632.19
48013772AC,"FAIRING, LOWER RH ",653.48
48013772AW,"FAIRING, LOWER RH ",647.8
48015521AW,FAIRING UPPER LH WHITE,826.7
48015531AW,FAIRING UPPER RH,826.7
4801A671A,EXTRACTOR RH SIDE,74.98
4801A861AC,FAIRING UPPER RH,814.19
4801A901AD,ALA DESTRA,485.56
4801C491AB,RIGHT UPPER HALF-,951.69
4801C502AB,LEFT UPPER HALF-,951.69
4801C541AA,TANK COVER,388.2
4801C541AB,ARMY GREEN TANK,388.2
4801C581AA,RADIATOR COVER,89.58
4801C622A,ESTRATTORE,69.68
4801C791A,SX COVER,73.16
4801C892A,COVER,23.89
4801E421BA,ALA DESTRA,304.67
4801H311BA,LEFT LOWER HALF-,561.72
4801H321BA,RIGHT LOWER HALF-,561.72
4801H771AA,LEFT UPPER HALF-,534.51
4801H781AA,LEFT LOWER HALF-,313.34
4801K611BA,LEFT LOWER HALF-,589.81
4801K612BA,LOWER LEFT FAIRING -,589.81
4802D321BC,FUEL TANK COVER RH,295.15
4802D331BC,TANK COVER LH V21D,295.15
480PB121A,LOWER RH WING,125.42
480PB161AB,COVER PROIETTORE,328.48
480PB161AC,COVER PROIETTORE,328.48
480PC561AB,ASS PUNTALE SX ARMY,209.04
480PC871AB,"FAIRING, RH",696.77
48114251AC,COWLING WHITE,633.36
48130531A,COWLING UNPAINTED,495.07
481P1021AW,COMPLETE HEADLIGHT,"1,045.57"
481P4892AA,COWLING,624.82
48211901AW,COVER FRAME LH WHITE,425.53
48211911AW,"COVER-SIDE, RH, S.WHITE",425.53
48212654AA,"COVER, LOWER",47.03
48217261A,RH SUBFRAME CLOSING,11.66
48217271A,LH SUBFRAME CLOSING,11.66
48217851A,COVER,6.07
48222551A,HOLDER,35.68
482P2461AE,"COVER , FRAME LH",119.44
482P2461AF,"COVER , FRAME LH",119.44
482P7171AA,"COVER , FRAME RH",114.25
482P7181AA,"COVER , FRAME LH",114.25
48410682A,RIGHT AIR MANIFOLD,35.17
48410692A,LEFT AIR MANIFOLD,35.17
48412802A,"STAY, WATER COOLER",179.18
48610732A,"INSULATING PANEL, LEFT",107.8
48610742A,"INSULATING PANEL, ",107.8
48612731A,"DAMPER, SOUND ",1.43
48612771B,ACOUSTIC INSULATION,31.85
48613121A,"DAMPER, SOUND ",17.48
48613131A,"DAMPER, SOUND ",17.48
48613242A,SOUND ABSORBING,22.85
48710563A,WINDSHIELD,128.97
48711071A,WINDSHIELD,153.83
49210121A,REAR BRAKE DISC,222.03
49241551A,FRONT BRAKE DISC,424.71
49241991A,FRONT BRAKE DISC,151
49242002A,REAR BRAKE DISC,134.4
49242003A,REAR BRAKE DISC,139.1
49242251A,FRONT BRAKE DISC,175.09
49411911AA,REAR SPROCKET T41,243.22
49417171AA,CORONA Z49 - 520,159.97
49720012A,"VALVE, TUBELESS TIRE",22.38
49720031A,"VALVE, TUBELESS TIRE",13.32
49720071A,"VALVE, TUBELESS TIRE",24.76
49720071AC,"VALVE, TUBELESS TIRE",18.75
50121272AT,FRONT WHEEL RIM,"2,053.87"
50122681AB,FRONT WHEEL RIM,"2,437.49"
50223481A,REAR WHEEL RIM,782.46
50223482AA,ASS. CERCHIO POST,782.46
5101G101B,WIRING,32.12
5101G732A,RECHARGE WIRING,17.91
51640011AB,HORN,54.52
52310541A,REAR-VIEW MIRROR R.H.,124.71
52310721A,RIGHT MIRROR,129.39
52310741B,LEFT MIRROR,126.25
52310751B,RIGHT MIRROR,126.25
52320401B,REAR-VIEW MIRROR L.H.,306.55
52320431D,REAR-VIEW MIRROR R.H.,141.04
52320441A,REAR-VIEW MIRROR L.H.,144.23
52320761A,REAR-VIEW MIRROR L.H.,366.78
52320771A,REAR-VIEW MIRROR R.H.,366.78
523S0283B,REAR-VIEW MIRROR R.H.,305.07
523S0293B,REAR-VIEW MIRROR L.H.,305.07
523S0645A,REAR-VIEW MIRROR L.H.,350.84
523S0655A,REAR-VIEW MIRROR R.H.,350.84
523S0762A,REAR-VIEW MIRROR L.H.,366.78
523S0772A,REAR-VIEW MIRROR R.H.,366.78
52510432B,"LAMP, LICENSE PLATE",56.2
52910101A,"REFLEX REFLECTOR, ",9.06
53010251B,TURN INDICATOR FRONT,124.97
53010343A,FRONT TURN INDICATOR,133.22
53010352A,TURN INDICATOR L.H.,127.48
53010353A,FRONT TURN INDICATOR,133.22
53010392A,FLASHER LEFT,144.57
53010412B,TURN INDICATOR,79.63
53010464B,TURN INDICATOR,148.52
53910351A,"SWITCH, STAND",85.62
53920901A,"SWITCH, REAR BRAKE",66.43
53940034A,"SWITCH, REAR BRAKE",39.91
53940034C,INTERRUTTORE STOP,65.31
53940601A,"SWITCH, STAND",77.57
53940651A,MAGNETE,9.33
54040191A,VOLTAGE REGULATOR,221.14
54040301B,VOLTAGE REGULATOR,292.67
54040321A,VOLTAGE REGULATOR,196.97
54040331A,VOLTAGE REGULATOR,192.85
54140101A,RELAY,11.15
54811364A,OIL COOLER,199.08
54812531A,WATER COOLER,664.2
54812681B,WATER COOLER,864.3
55215371A,GEARBOX POSITION,98.09
5521A291E,QUICK SHIFT,455.68
55240201A,"SENSOR, TIMING & RPM",174.45
55241321C,"SENSOR, TIMING & RPM",101.08
55241571A,"SENSOR, PRESSURE",147.9
55241612C,GEARBOX POSITION,191.56
55242631A,ENGINE WATER,86.8
55243161B,"SENSOR, PRESSURE",60.24
55243731C,"SENSOR, PRESSURE",64.28
55243931A,MAGNETIC SUPPORT,98.34
55243942A,HIRSCHMANN GEAR,95.94
55243942B,GEARBOX POSITION,98.25
55244421A,GEARBOX POSITION,282.33
55244431B,GEARBOX POSITION,276.1
55320121A,SQUIRTER UNIT,209.57
55320122A,SQUIRTER UNIT,210.59
55611261AA,SIDE STAND,197.1
55611351BA,SIDE STAND,223.36
55620511A,"BRACKET, SIDE STAND",137.84
56110521B,PLATE,25.27
56110541A,PLATE,28.57
56113167AA,PLATE HOLDER,643.6
56113531A,NUMBER PLATE HOLDER,32.78
56113621A,NUMBER PLATE HOLDER,26.75
56411061BA,FRONT MUDGUARD,347.25
56416632AA,FRONT FENDER RED,307.63
56416632AK,FRONT MUDGUARD,289.78
56416871AC,FRONT MUDGUARD,352.26
56420941AN,"FRONT FENDER, BLACK",297.62
564P6831BB,FRONT MUDGUARD,466.14
56510582A,REAR MUDGUARD,47.11
56511392A,REAR MUDGUARD,33.45
56511562A,REAR MUDGUARD,51.61
57012147AA,HORIZONTAL EXHAUST,392.19
57316411C,2102 MUFFLER,"1,621.24"
57316862A,SILENCER,"1,100.00"
57316862B,SILENCER,"1,621.95"
57415032C,LEFT SILENCER,"1,123.45"
57415033C,LEFT SILENCER,"1,120.07"
57425033A,LH MUFFLER ASSY,"1,118.78"
57425034A,LEFT SILENCER,"1,118.78"
58540341A,"RESERVOIR, BRAKE ",61.49
58540351A,"SUB TANK, OIL",43.47
58611903A,TANK,"1,660.49"
58612291A,FUEL TANK,"1,652.15"
58612931AE,FUEL TANK,"3,225.07"
58612931AF,FUEL TANK,"3,384.35"
59017941A,PIPE,8.5
59024122A,COMPLETE PIPE SET,111.25
59210201D,FUEL LEVEL GAUGE,268.23
59210201E,FUEL LEVEL GAUGE,268.23
59210201F,FUEL LEVEL GAUGE,268.23
59210211B,FUEL LEVEL GAUGE,268.23
59210211C,FUEL LEVEL SENSOR,268.22
59210211D,FUEL LEVEL GAUGE,141.63
59210211E,FUEL LEVEL GAUGE,138.88
59210212B,FUEL LEVEL GAUGE,268.23
59210212C,FUEL LEVEL GAUGE,272.46
59210212F,FUEL LEVEL GAUGE,142.33
59210212G,FUEL LEVEL GAUGE,250.83
59210213G,FUEL LEVEL GAUGE,256.97
59210222F,FUEL LEVEL GAUGE 1602-,159.94
59311581A,BY-PASS VALVE,10.26
59340393A,"ELECTRIC MOTOR, ",508.34
59510911A,"PAD,SEAT",73.48
59517641AA,PILLION RIDER SEAT,294.9
59522543BA,SEAT,378.73
595P2622A,PILLION RIDER SEAT,283.22
595P6401AC,PILLION RIDER SEAT,274.73
595P6811BA,PILLION RIDER SEAT,292.66
59810201A,KEY WITH TRANSPONDER,114.32
59810273B,KEY WITH TRANSPONDER,239.86
59810341A,KEY WITH TRANSPONDER,156.04
59810361L,ACTIVE KEY WITH,291.33
59810371C,KEY WITHOUT,114.25
59810431A,KEY WITH TRANSPONDER,139.27
59821541C,PANNIER LOCKS KIT,80.84
59821961A,LOCK KIT,76.51
59822111D,LOCK SET 1409 USA - NO,680.85
59830511A,INSERT,33.64
59830521A,INSERT,33.54
59840161A,"KEY, BLANK ",51.37
59840181A,KEY BLANK,30.67
59840361A,KEY WITH TRANSPONDER,97.24
59840511A,INSERT,33.44
59840541A,KEY WITH TRANSPONDER,39.73
59840571B,KEY WITH TRANSPONDER,94.08
60008,TANK MONSTER NAKED,"2,226.64"
60N102558,SCREW TCEI M8X1.25X35,0.46
61041522A,RIGHT FRONT BRAKE,"1,082.71"
61140024A,REAR BRAKE CALIPER,209.86
61240081A,DUST PLUG,22.87
61240131A,PAD PINS OVERHAUL KIT,16.64
61240371A,"SPRING, PAD STOPPER",28.47
61240391A,DUST COVER,17.5
61240511A,SPARE PIN AND SPRING,25.37
61321161A,KIT REAR BRAKE PADS,174.11
61340041A,FRONT BRAKE PADS SET,56.02
61340042A,FRONT BRAKE PADS SET,74.77
61340081A,REAR BRAKE PADS SET,38.66
61340121A,PADS PAIR,111.5
61340201A,FRONT BRAKE PADS SET,75.11
61340201B,FRONT BRAKE PADS SET,73.44
61340211A,REAR BRAKE PADS SET,38.66
61340211B,FRONT BRAKE PADS SET,129.78
61340281A,REAR BRAKE PADS SET,51.9
61340301A,FRONT BRAKE PADS SET,166.14
61340311A,REAR BRAKE PADS SET,48.17
61340382A,REAR BRAKE PADS SET,47.34
61340411A,FRONT BRAKE PADS SET,120.74
61340541A,REAR BRAKE PADS SET,40.57
61340551A,SET OF PADS 750,29.15
61340611A,FRONT BRAKE PADS SET,83.85
61340721A,FRONT BRAKE PADS SET,52.17
61340731A,REAR BRAKE PADS SET,39.02
61340751A,FRONT BRAKE PADS SET,117.03
61340761A,REAR BRAKE PADS SET,51.1
61340791A,FRONT BRAKE PADS SET,166.14
61340871A,REAR BRAKE PADS SET,83.85
61340901A,PADS PAIR,140.6
61340931A,PADS PAIR,134.64
61340941A,REAR BRAKE PADS SET,126.3
61340951A,REAR BRAKE PADS SET,93.73
61340961A,PADS PAIR,135.67
61341021A,FRONT BRAKE PADS SET,111.5
61341101A,PADS PAIR,127.28
61341161A,REAR BRAKE PADS SET,118.85
61341221A,BRAKE PADS SET,48.19
61341261A,PADS ID450 XA8R153,98.6
61341271A,BRAKE PADS SET,161.8
61341341A,FRONT BRAKE PADS SET,161.26
61341461A,BRAKE PADS SET,159.84
61341611A,KIT REAR BRAKE PADS,203.13
61341651A,FRONT BRAKE PADS SET,185.73
61341661A,PADS PAIR,92.51
61341671A,BRAKE PADS SET,166.52
61341691A,PADS PAIR,70
61341711A,PADS PAIR,71
61341731A,FRONT BRAKE PADS SET,125.37
61341791A,BRAKE PADS SET,204.17
61341891A,REAR BRAKE PADS SET,109.25
61341911A,PADS PAIR,182.68
61342011A,REAR NUCAP PADS,62.63
61610021A,JOINT Y,7.43
61911881A,TUBO FRENO POMPA,98.06
61911891A,TUBO FRENO CENTR.,67.6
62440672A,FRONT BRAKE RADIAL,627.92
62440953B,FRONT BRAKE PUMP,398.99
62440972A,FRONT BRAKE PUMP,382.2
62441381B,FRONT BRAKE PUMP,434.09
62540191A,REAR BRAKE PUMP,96.6
62540341A,REAR BRAKE PUMP,104.5
62610021A,LEVER,74.91
62610031A,LEVER,70.83
62610121A,"LEVER, FRONT BRAKE",209.04
62610131A,CLUTCH LEVER,209.04
62640561A,"BOLT, LEVER",13.78
62640761A,"WINDOW, OIL LEVEL ",37.15
62640881A,"BRACKET, MASTER ",47.92
62641141A,"LEVER, FRONT BRAKE",428.7
62641351A,BRAKE CONTROL LEVER,481.79
62641371A,"LEVER, FRONT BRAKE",46.58
63040603B,CLUTCH MASTER,432.27
63140331A,"LEVER, FRONT BRAKE",174.45
63140341A,CLUTCH LEVER,174.45
63140591A,"LEVER, FRONT BRAKE",207.84
63140601A,"LEVER, FRONT BRAKE",189.11
63140631A,"LEVER, CLUTCH LIFTER",189.11
63140661A,CLUTCH LEVER,182.03
63140691A,"LEVER, FRONT BRAKE",198.58
63140721A,LEVA FRIZIONE PS 10/17.7,46.58
63210042A,CLUTCH CONTROL PIPE,24.49
63640011B,CLUTCH LEVER,48.68
65010212C,RIGHT SWITCH,202.77
65010281C,RIGHT SWITCH,156.78
65010312A,RIGHT SWITCH,205.04
65010341F,RIGHT SWITCH,301.04
65110211E,LEFT-HANDLEBAR,468.88
65110212D,LEFT SWITCH,459.11
65110391L,LEFT-HBS 1706 - TOP,542.2
65420343A,"GRIPS, PAIR",520.89
65440272A,THROTTLE CONTROL -,14.05
65620722B,CABLES UNIT,102.25
65620723B,CABLES UNIT,46.27
66020034E,THROTTLE CONTROL,369.49
66020102B,THROTTLE CONTROL,364.88
66040171A,THROTTLE CONTROL,232.36
66910011E,C RING,5.72
67040351A,SPARK PLUG DCPR8E,22.05
67040351B,SPARK PLUG,17.64
67040381A,SPARK PLUG NGK,56.56
67040451A,SPARK PLUG NGK MAR9A-,52.27
67040491A,SPARK PLUG KR9C-G,20.48
67040511A,SPARK PLUG,46.53
67040581B,SPARK PLUG,67.81
67040681A,SPARK PLUG,37
67090011A,SPARK PLUG,13.67
67090061A,SPARK PLUG 900 S.S/90,13.67
67090071A,SPARK PLUG CHAMPION,13.67
67090081A,SPARK PLUG CHAMPION,13.67
67090121A,SPARK PLUG,38
67090161B,SPARK PLUG CHAMPION,28.96
67090171A,SPARK PLUG,43.02
67090331A,SPARK PLUG S2R/05-620,13.67
67110282B,"CABLE, VERTICAL HEAD ",79.99
67110312B,SPARK PLUG WIRING,79.99
67110511C,SPARK PLUG WIRING,136.4
67110511F,SPARK PLUG WIRING,136.4
67210061A,ROD GUARD COVER,1.56
67620761A,FINAL DRIVE KIT,590.8
67620791A,FINAL DRIVE KIT,485.34
67620811A,FINAL DRIVE KIT,463.28
67620871A,FINAL DRIVE KIT,386.04
67620901A,FINAL DRIVE KIT,347.77
67620911A,FINAL DRIVE KIT,469.96
67620931A,FINAL DRIVE KIT,291.21
67620941A,FINAL DRIVE KIT,556.75
67621051A,FINAL DRIVE KIT,440.91
67621111A,FINAL DRIVE KIT,525.83
67621171A,FINAL DRIVE KIT,485.4
67621181A,FINAL DRIVE KIT,424.71
67621241A,FINAL DRIVE KIT,384.27
67621242A,FINAL DRIVE KIT,394.02
67621301A,FINAL DRIVE KIT,286.09
67621321A,FINAL DRIVE KIT,394.62
67621351A,FINAL DRIVE KIT,425.59
67621381A,FINAL DRIVE KIT,425.59
67621391A,FINAL DRIVE KIT PAN V2,462.57
67621401A,FINAL DRIVE KIT MULTI V4,425.59
67621421A,FINAL DRIVE KIT,454.6
67621431A,FINAL DRIVE KIT DIAVEL,368.02
67621441A,FINAL DRIVE KIT MULTI V4,592.09
67621451A,FINAL DRIVE KIT ?,305.29
67621461A,FINAL DRIVE KIT V4  25 -,358.19
67621471A,FINAL DRIVE KIT MULTI V2,286.56
67621481A,FINAL DRIVE KIT,268.64
67621491A,FINAL DRIVE KIT V2  25 -,259.69
67621541A,FINAL DRIVE KIT,295.26
67641032A,CHAIN REGINA 530 136,297.74
67641141A,CHAIN,27.89
67641282A,CHAIN 113+1,238.32
67641601A,CHAIN 113+1,222.46
67641671A,CHAIN 123+1,232.59
67641712A,CHAIN 109+1,174.11
67641801A,FINAL DRIVE KIT 698,305.29
67740151A,CHAIN LINK,27.27
67740201A,CHAIN LINK,15.88
68540011A,COTTER PIN,1.66
69610251A,SPRING RETAINER,9.33
69924583AW,WHITE FAIRING,591.02
69926951A,GASKET KIT,55.4
69927021A,LEFT MIRROR,138.11
69928471BZ,TECMATE CHARGER PB-,189.99
69928911A,SUB TANK CUPS FRONT,174.31
69929011AZ,TECMATE CHARGER LITIO,122.1
69929291A,PRESSURE SENSOR KIT,94.27
69929311A,PRESSURE SENSOR KIT,160.69
6992A041A,KIT HANDLEBAR TUBE LH,102.82
6992A061A,KIT HANDLEBAR TUBE RH,102.82
6992A201A,SWINGARM ROLLER,135
6992A211A,BEARING KIT,95
6992A241A,OVERHAUL KIT,55
6992A251A,OVERHAUL KIT,45
6992A261A,V21J PLASTIC KIT,331.2
6992A271A,FINAL DRIVE KIT,190
70010491A,DAMPER,2.3
70010591A,WHEEL RUNNER BUSH,25.06
70010611A,VIBRATION DAMPER,20.44
70011141A,VIBRATION DAMPER,21.17
70011161A,DAMPER FOOTREST,24.81
70011381B,VIBRATION DAMPER,5.52
70090552A,"ABSORBER, HUB SHOCK",39.9
70140111B,"BEARING, NEEDLE",10.55
70140471A,"CLUTCH, ONE WAY",106.2
70140951A,"BEARING, NEEDLE",9.43
70240901A,REAR WHEEL SHAFT BALL,40.86
70241232A,"BEARING, STEERING NTN ",75.49
70242491A,BEARING,48.11
70250151A,"BEARING, NEEDLE",78.37
70250621A,BEARING,26.14
70250801A,NEEDLE CAGE,16.69
70310931AA,"THREAD, STEERING HEAD ",64.65
70350022A,RING NUT M17X1,26.98
70350062A,ELASTIC-STOP RING NUT,11.76
706108120,SCREW M8X20,1.66
71011071A,BUSH,20.44
71011451A,BUSH,20.44
71110901A,BUSH,17.92
71111301A,"SPINDLE, TAPER",16.22
71112791A,BUSH,14.76
71114122AA,SPACER,3.52
71210341A,BUSH,5.52
71311973A,LEFT SPACER,13.81
71313641A,SPACER,9.33
71314703A,SPACER,14.31
71314901A,GASKET TH.02,1.51
71316331AA,SPACER,5.52
71316431AA,FINAL SPROKET SLEEVE,28.07
71316441AA,LEFT SPACER,14.42
71316451AA,SPACER SPROCKET,18.43
71319181A,SPACER,17.87
71319201A,GASKET 0.5 MM,1.04
71319951A,"SPACER, ENGINE ",34.58
71319951B,CHAIN PINION SPACER,31.66
71319951C,CHAIN PINION SPACER,40.56
71319982AA,SPACER,5.52
7131A371AA,SPACER,15.31
7131A923A,"SPACER, FLASHER LIGHT",10.63
7131B281AA,SPACER,3.63
71410751A,SPACER,9.33
71411071AA,LEFT SPACER,36.97
71411421AA,RIGHT SPACER,14.29
71413901AA,OUTSIDE SPACER,19.13
71610031A,SPACER,4.84
71611071A,SPACER,5.52
71611491A,SPACER,7.43
71611521AB,SPACER,3.3
71614081A,SPACER 5X6.6X1.5,1.15
71614141A,SPACER 6.25X10X5.75,1.71
71614241A,SPACER 6.2X8X16,3.3
71614961AA,SPACER,7.43
71615211AA,SPACER,3.63
71615691AA,SPACER,1.66
71850163C,SCREW,1.66
72010513C,SCREW,3.52
72050159EA,SCREW,2.3
72050173CA,SCREW,1.91
72050513CA,SCREW M8X20 10.9,3.58
73210331B,EXHAUST VALVE ENGINE,38.56
73210451D,FLEXIBLE CABLE,63.14
73210453B,FLEXIBLE CABLE,56.73
735001542,CIRCLIP 15 DIN 471,1.56
735002054,SPRING RING,1.66
73710051A,TIMING DRIVE TOOTHED,94.79
73710081A,TIMING DRIVE TOOTHED,94.79
73710091B,CINGHIA Z=95 - GD161,133.48
73710101B,CINGHIA Z=93 - GD161,133.48
73710211A,BELT,28.46
73740121B,Z89 TIMING BELT GD360 -,172.16
73740124A,TIMING DRIVE TOOTHED,152.06
73740125A,CINGHIA Z.89,151.51
73740171B,Z95 TIMING BELT L21,133.48
73740211A,TIMING DRIVE TOOTHED,125.21
73740241B,TIMING DRIVE TOOTHED,94.79
73740242A,TIMING DRIVE TOOTHED,80.9
73740251A,TIMING DRIVE TOOTHED,98.57
73740251B,TIMING DRIVE TOOTHED,112.2
73740252A,TIMING DRIVE TOOTHED,98.57
73740281A,TIMING DRIVE TOOTHED,86.44
73740321A,TIMING DRIVE TOOTHED,108.59
73740321B,Z93 TIMING BELT GD360 -,114.13
73740322A,TIMING DRIVE TOOTHED,104.57
73740341B,TIMING DRIVE TOOTHED,94.79
73740342A,TIMING DRIVE TOOTHED,78.49
73840062A,CHAIN,80.9
74110121A,"CLAMP, RUBBER 62MM",3.52
74140381A,CLAMP,0.23
74140431A,CLAMP,0.92
74140631A,CLAMP,3.52
74142151A,CLAMP,4.84
74142512A,CLAMP,44.49
74142941A,CLAMP,1.66
74142951A,CLAMP,1.71
74750011AB,"NUT, LEFT THREAD M6",1.56
74750031A,NUT 6MM,1.66
74750051B,NUT,1.66
74750071A,NUT,1.66
74750101A,NUT 6MM,5.37
74810241A,NUT,2.3
74810361A,NUT,4.84
74810401A,"NUT, FLANGE",1.56
74810651A,NUT,17.35
74840241AB,NUT,1.66
74840331A,NUT M8,1.66
74840371AB,NUT M10X1.25X10,3.14
74841011AA,"NUT, FLANGE",3.52
74941118B,NUT 6MM,1.56
74941128B,NUT M8,1.92
74941458C,NUT M10X1.25,3.52
74950011B,"NUT, SPRING",0.09
75010481A,NUT,5.37
75011391A,NUT,50.82
75012072AA,NUT,51.69
75012601A,SPACER,4.73
75810481A,"CLAMP, WIRE",12.12
75811611A,HOSE GUIDE,5.52
75812072A,FAIRLEAD,3.52
75812281C,HOSE GUIDE ABS,4.79
75812781A,FAIRLEAD,1.66
75840611A,FAIRLEAD,3.52
75840621A,RUBBER PAD,3.3
75840801A,CLAMP,5.37
75840951A,CLAMP,5.37
75910081A,RETAINER 35MM,3.52
75910091A,RETAINER 40MM,3.52
75910222A,CLIP,6.24
76410011A,DAMPER,3.52
76410112A,COVER PEDAL,10.39
76410241A,VIBRATION DAMPER PAD,2.76
76410291A,RUBBER PAD,4.84
76410901A,RUBBER PAD,1.66
76411301A,RUBBER PAD,3.52
76411322A,RUBBER PAD,5.37
76411331A,RUBBER PAD,2.68
76411451A,COVER PEDAL,5.37
76411541A,RUBBER PAD,3.52
76411671A,RUBBER PAD,1.66
76412121A,VIBRATION DAMPER PAD,2.12
76412151A,RUBBER PAD,2.37
76510021A,FOOT PEG RUBBER,10.09
76510031A,FOOT PEG RUBBER,10.09
76510171A,RUBBER PAD,2.36
76510271A,FOOT PEG RUBBER,7.43
76510281A,COVER PEDAL,9.96
76510351A,"COVER, FOOTREST",13.58
76510361A,"COVER, FOOTREST",13.6
76640172A,STUD BOLT M8X30,3.63
76640181A,STUD BOLT M8X16,11.27
77110401A,SCREW TCEIF M6X18,3.52
77110401B,SCREW,1.92
77110411A,SCREW TCEIF M8X20,2.14
77110481A,SCREW TCEI M10X25,3.52
77113691A,SCREW TCEIF M6X12,3.52
77113741A,SCREW TCEIF M8X25,3.95
77113953C,SCREW,1.66
77116648B,SCREW M6X14,1.66
77140723C,SCREW TCEIF M6X35 10.9,2.47
77150728B,SCREW TCEI M6X35,1.66
77150743B,SCREW,3.52
77150758B,SCREW,1.66
77150763B,SCREW TCEI M6X55,5.37
77150768B,SCREW TCEI M6X55,3.52
77150788B,SCREW TCEI M6X65,0.97
77151238B,SCREW TCEI M8X20,1.56
7715124BFA,CHHS SCREW M8X22 10.9,3.52
77151288B,SCREW,1.37
77151308BF,SCREW,5.45
77156443B,SCREW,1.66
77156648BA,SCREW M6X14 STSTR008,1.61
77156658B,SCREW TCEIF M6X16,3.52
77156673C,SCREW,3.52
77156683B,SCREW,1.69
77156694B,SCREW,1.66
77156698B,SCREW TCEIF M6X25,3.52
77156728B,SCREW TCEIF M6X35,3.52
77157238B,SCREW TCEIF M8X20,3.52
77157248B,SCREW TCEIF M8X22,3.52
77157248C,SCREW TCEIF M8X22,14.63
77157248CA,SCREW,1.66
77157268B,SCREW,7.22
77157273B,SCREW,3.52
77157278B,SCREW TCEIF M8X30,3.52
77157283B,SCREW TCEIF M8X35 8.8,2
77157288B,SCREW TCEIF M8X35,3.52
77159338B,SCREW TCEIF M10X1.,7.22
77159388B,SCREW TCEIF M10X50X1.,9.06
77159414B,SCREW,9.06
77210051A,SCREW,4.6
77210631A,SCREW TEF M6X20,1.71
77210841B,SCREW,5.52
77210841BA,SCREW,3.63
77210841C,SCREW,3.91
77210842A,SCREW TCEI M5X8.5,5.52
77210852C,SCREW,4.16
77210853B,SCREW,3.84
77210861B,SCREW TBEI M5X18,3.63
77211021A,SCREW TBEIF M6X10,1.07
77211091C,SCREW,9.33
77211201A,SCREW,18.08
77211251A,"SCREW, SPECIAL",7.43
77211281AB,SCREW,7.39
77214411AA,SCREW,5.52
77214411BA,SCREW TCEIF,1.71
77240263C,SCREW,2.3
77240273C,SCREW,1.56
77240403CA,SCREW M6X12,3.63
77240408C,SCREW,0.7
77240418C,SCREW,0.79
77240423C,SCREW,3.63
77244168B,SCREW,3.63
77244173B,SCREW,1.71
77244183B,SCREW,9.33
77244198B,SCREW,1.71
77244213B,SCREW,1.71
77244303B,SCREW M6X10,1.71
77244348B,SCREW,5.52
77244353BA,SCREW,9.33
77250341C,SCREW,1.71
77250718B,SCREW TEF M5X10,1.71
77251593B,SCREW,3.63
7725328BZH,SCREW,1.56
77350393B,SCREW TCEIR M5X12,0.8
77350393BF,SCREW,0.74
77350413B,SCREW TCEIR M5X16,0.42
77350678B,SCREW,1.66
77354898B,SCREW TCEIR M6X30,1.66
77355203C,SCREW,1.66
77440101A,"SCREW, TAPPING 3.5X10",1.66
77440131A,"SCREW, TAPPING 5X25 ",1.13
77510071AB,"SCREW, SPECIAL",4.62
77510631A,SCREW TBEI M5X8,3.18
77653072A,SCREW,2.3
77910201A,FILLER,18.82
77910821AC,"BOLT, BRAKE HOSE",13.92
77912061AB,SCREW,3.52
77912981A,"SCREW, SPECIAL",3.52
77913971A,"BOLT, BRAKE HOSE",16.35
77913991A,SCREW M8X20,3.52
77914181AA,"SCREW, SPECIAL",5.37
77914881A,SCREW,2.27
77915432B,SCREW,14.1
77916143A,"SCREW, SPECIAL",11.35
77916601A,"SCREW, SPECIAL",7.22
77917241AC,SCREW,3.52
77918261AA,SCREW,4.84
77918291AA,"SCREW, SPECIAL",5.37
77919121AA,SCREW,5.37
7791A842AA,"SCREW, SPECIAL",9.11
7791B851BA,"SCREW, SPECIAL",14.15
7791C591AA,"SCREW, SPECIAL",12.53
7791D912AA,SCREW,1.61
7791D913AA,SCREW,3.3
7791D914AA,SCREW,5.19
7791E241A,"SCREW, SPECIAL",12.54
7791E351AA,"SCREW, SPECIAL",3.5
77941992A,SCREW,1.56
77942002A,SCREW,3.3
77950071A,SCREW M4X8,1.56
78140011A,"BOLT, BRAKE HOSE",3.52
78710091A,GASKET,1.66
78810542A,ENGINE STARTER,3.17
78810931A,GASKET CYLINDER HEAD,15.97
78810941A,"SEAL, SPARK PLUG HOLE",7.22
78811041A,"GASKET, COOLING ",1.52
78811102C,VALVE COVER GASKET,23.18
78811111C,GASKET,4.19
78811131A,VALVE COVER GASKET,3.52
78811151A,GASKET,5.37
78811191B,GASKET,5.03
78811201A,GASKET,2.13
78811211A,GASKET,7.39
78811331B,VALVE COVER GASKET,12.85
78811341B,GASKET,3.52
78811602B,GASKET,16.74
78811612A,GASKET,2.43
78811622B,GASKET,16.74
78811641C,GASKET,4.84
78811791A,GASKET,5.37
78811911A,GASKET,3.63
79010151A,"GASKET, EXHAUST PIPE",4.84
79010211A,"GASKET, EXHAUST PIPE",5.37
79010231B,"GASKET, EXHAUST PIPE",15.16
79010261A,"GASKET, EXHAUST PIPE",3.66
79120601A,GASKETS SET,277.07
79120602A,GASKETS SET,297.05
79710221A,CLUTCH SPRING,14.42
79910241A,SPRING,1.54
79910241B,SPRING,1.71
79911661B,SPRING. FOOTREST,3.3
79912961A,RETURN SPRING,5.52
79913071A,SPRING,1.56
79914991A,SPRING. FOOTREST,3.3
79915061A,"SPRING, SHIFT RETURN",7.43
79917291A,SPRING FUEL TANK HOSE,2.3
7991D201A,SPRING WASHER,22.6
79925771B,COMPLETE SPRING,9.33
79925941A,COMPLETE SPRING,19.55
800068490,CAP BRAKE FLUID TANK,28.94
80018071A,SLEEVE,26.61
80018072A,SLEEVE,26.52
80A077346,SCREW,1.05
81414582A,HOLDER,10.72
81416361A,SHAPED UNION,3.63
81440971A,FUEL UNION,7.37
81910693AA,FRONT WHEEL SPINDLE,226.02
81920982AA,RUSS TIGER REAR,220.29
819P0982AA,REAR WHEEL SPINDLE,"1,256.74"
819Z0021A,REAR WHEEL SPINDLE,"1,207.47"
819Z0021B,REAR WHEEL SPINDLE,"1,207.47"
819Z0031A,ASS.PERNO RUOTA POST.,75.84
82110511AB,FOOTREST PIN,14.05
82110512AA,FOOTREST PIN,2.12
82110681B,FOOTREST PIN,9.33
82110901B,FOOTREST PIN,2.62
82111701B,PIN PEDAL,9.06
82111701CA,PIN PEDAL,9.33
82112731A,PIN,13.3
82115101AA,FOOTREST PIN,5.37
82115212AA,FOOTREST PIN,0.18
82116011AA,FOOTBOARD PIN D=8,13.27
82119351AA,FOOTREST PIN,13.11
82412822AB,R.H. FOOT PEG HOLDER,267.5
82413202BB,FRONT R.H. PLATE,159.8
82413241AB,REAR R.H. PLATE,211.77
82413251AB,REAR L.H. PLATE,211.77
82413922BB,REAR R.H. PLATE,199.09
82414051AA,FRONT L.H. PLATE,240.4
82414531AA,REAR L.H. PLATE,142.82
82424511CA,L.H. FOOT PEG HOLDER,247.55
82710961A,RIGHT PLATE,11.51
82710971A,LEFT PLATE,11.51
82711611B,PLATE,1.41
82717873BA,"BRACKET, TANK",42.86
82718591AA,PLATE,10.04
82919224AA,BRACKET,13.9
8291C362A,SEAT SUPPORT,9.33
8291I393AA,"BRACKET, HEADLIGHT",321.37
83014041B,"BRACE, RADIATOR",39.11
83016641A,GUIDE,5.52
8301A721AA,"BRACKET, FUEL TANK",13.38
8301L111A,"BRACKET, SEAT",11.51
8301N011A,BRACKET - FRONT RH,77.69
8301P201A,BATTERY FIXING,12.9
8301P971A,TIRE CLIP,26.08
83210841A,PIN,9.96
84010012A,"ADJUSTER, OPENING ",9.85
84010022A,"ADJUSTER, OPENING ",9.85
84010032A,"ADJUSTER, OPENING ",9.85
84010042A,"ADJUSTER, OPENING ",9.85
84010052A,"ADJUSTER, OPENING ",9.85
84010062A,"ADJUSTER, OPENING ",9.85
84010072A,"ADJUSTER, OPENING ",9.85
84010082A,"ADJUSTER, OPENING ",9.85
84010092A,"ADJUSTER, OPENING ",9.85
84010102A,"ADJUSTER, OPENING ",9.85
84010112A,"ADJUSTER, OPENING ",9.85
84010122A,"ADJUSTER, OPENING ",9.85
84010132A,"ADJUSTER, OPENING ",9.85
84010142A,"ADJUSTER, OPENING ",9.85
84010152A,"ADJUSTER, OPENING ",9.85
84010162A,"ADJUSTER, OPENING ",9.85
84010172A,"ADJUSTER, OPENING ",9.85
84010182A,"ADJUSTER, OPENING ",9.85
84010192A,"ADJUSTER, OPENING ",9.85
84010202A,"ADJUSTER, OPENING ",9.85
84010212A,"ADJUSTER, OPENING ",9.85
84010222A,"ADJUSTER, OPENING ",9.85
84010232A,"ADJUSTER, OPENING ",9.85
84010242A,"ADJUSTER, OPENING ",9.85
84010252A,"ADJUSTER, OPENING ",9.85
84010262A,"ADJUSTER, OPENING ",9.85
84010272A,"ADJUSTER, OPENING ",9.85
84010282A,"ADJUSTER, OPENING ",9.85
84010292A,"ADJUSTER, OPENING ",9.85
84010302A,"ADJUSTER, OPENING ",9.85
84010312A,"ADJUSTER, OPENING ",9.85
84010322A,"ADJUSTER, OPENING ",9.85
84010332A,"ADJUSTER, OPENING ",9.85
84010342A,"ADJUSTER, OPENING ",9.85
84010412B,"ADJUSTER, CLOSING ",21.06
84010422B,"ADJUSTER, CLOSING ",21.06
84010432B,"ADJUSTER, CLOSING ",21.06
84010442B,"ADJUSTER, CLOSING ",21.06
84010452B,"ADJUSTER, CLOSING ",21.06
84010462B,"ADJUSTER, CLOSING ",21.06
84010472B,"ADJUSTER, CLOSING ",21.06
84010482B,"ADJUSTER, CLOSING ",21.06
84010492B,"ADJUSTER, CLOSING ",21.06
84010502B,"ADJUSTER, CLOSING ",21.06
84010512B,"ADJUSTER, CLOSING ",21.06
84010522B,"ADJUSTER, CLOSING ",21.06
84010532B,"ADJUSTER, CLOSING ",21.06
84010542B,"ADJUSTER, CLOSING ",21.06
84010552B,"ADJUSTER, CLOSING ",21.06
84010562B,"ADJUSTER, CLOSING ",21.06
84010572B,"ADJUSTER, CLOSING ",21.06
84010582B,"ADJUSTER, CLOSING ",21.06
84010592B,"ADJUSTER, CLOSING ",21.06
84010602B,"ADJUSTER, CLOSING ",21.06
84010612B,"ADJUSTER, CLOSING ",21.06
84010622B,"ADJUSTER, CLOSING ",21.06
84010632B,"ADJUSTER, CLOSING ",21.06
84010642B,"ADJUSTER, CLOSING ",21.06
84010652B,"ADJUSTER, CLOSING ",21.06
84010662B,"ADJUSTER, CLOSING ",21.06
84010672B,"ADJUSTER, CLOSING ",21.06
84010682B,"ADJUSTER, CLOSING ",21.06
84010692B,"ADJUSTER, CLOSING ",21.06
84010702B,"ADJUSTER, CLOSING ",21.06
84010712B,"ADJUSTER, CLOSING ",21.06
84010722A,"ADJUSTER, OPENING ",9.85
84010722B,"ADJUSTER, CLOSING ",21.06
84010732B,"ADJUSTER, CLOSING ",21.06
84010742B,"ADJUSTER, CLOSING ",21.06
84010752B,"ADJUSTER, CLOSING ",21.06
84010762B,"ADJUSTER, CLOSING ",21.06
84010772B,"ADJUSTER, CLOSING ",21.06
84010782B,"ADJUSTER, CLOSING ",21.06
84010792B,"ADJUSTER, CLOSING ",21.06
84010802B,"ADJUSTER, CLOSING ",21.06
84010812B,"ADJUSTER, CLOSING ",21.06
84010822B,"ADJUSTER, CLOSING ",21.06
84010832B,"ADJUSTER, CLOSING ",21.06
84010842B,"ADJUSTER, CLOSING ",21.06
84010852B,"ADJUSTER, CLOSING ",21.06
84010862B,"ADJUSTER, CLOSING ",21.06
84010872B,"ADJUSTER, CLOSING ",21.06
84011082A,"ADJUSTER, OPENING ",9.85
84011092A,"ADJUSTER, OPENING ",9.85
84011102A,"ADJUSTER, OPENING ",9.85
84011112A,"ADJUSTER, OPENING ",9.85
84011122A,"ADJUSTER, OPENING ",9.85
84011132A,"ADJUSTER, OPENING ",9.85
84011142A,"ADJUSTER, OPENING ",9.85
84011901AA,"ADJUSTER, CLOSING ",35.45
84011901AB,"ADJUSTER, CLOSING ",35.45
84011901AC,"ADJUSTER, CLOSING ",35.45
84011901AD,"ADJUSTER, CLOSING ",35.45
84011901AE,"ADJUSTER, CLOSING ",35.45
84011901AF,"ADJUSTER, CLOSING ",35.45
84011901AG,"ADJUSTER, CLOSING ",35.45
84011901AH,"ADJUSTER, CLOSING ",35.45
84011901AI,CLOSE ROCKER ARM,35.45
84011901AJ,CLOSE ROCKER ARM,35.45
84011901AK,CLOSE ROCKER ARM,35.45
84011901AL,CLOSE ROCKER ARM,35.45
84011901AM,CLOSE ROCKER ARM,35.45
84011901AN,CLOSE ROCKER ARM,35.45
84011901AO,CLOSE ROCKER ARM,35.45
84011901AP,CLOSE ROCKER ARM,35.45
84011901AQ,CLOSE ROCKER ARM,35.45
84011901AR,CLOSE ROCKER ARM,35.45
84011961AA,REGISTRO BILANCIERE,79.09
84011961AB,REGISTRO BILANCIERE,79.09
84011961AC,REGISTRO BILANCIERE,79.09
84011961AD,REGISTRO BILANCIERE,79.09
84011961AE,REGISTRO BILANCIERE,79.09
84011961AF,REGISTRO BILANCIERE,79.09
84011961AG,"ADJUSTER, OPENING ",79.09
84011961AH,"ADJUSTER, OPENING ",79.09
84011961AJ,"ADJUSTER, OPENING ",79.09
84011961AK,"ADJUSTER, OPENING ",79.09
84011961AL,"ADJUSTER, OPENING ",79.09
84011961AM,"ADJUSTER, OPENING ",79.09
84011961AN,"ADJUSTER, OPENING ",79.09
84011961AP,"ADJUSTER, OPENING ",79.09
84011961AQ,"ADJUSTER, OPENING ",79.09
84011961AR,"ADJUSTER, OPENING ",79.09
84011961AS,"ADJUSTER, OPENING ",79.09
84011961AT,"ADJUSTER, OPENING ",79.09
84011961AU,"ADJUSTER, OPENING ",79.09
84011961AV,"ADJUSTER, OPENING ",79.09
84011961AW,"ADJUSTER, OPENING ",79.09
84011971BA,CLOSE ROCKER ARM,35.88
84011971BB,CLOSE ROCKER ARM,35.88
84011971BC,CLOSE ROCKER ARM,36.6
84011971BD,CLOSE ROCKER ARM,35.88
84011971BE,CLOSE ROCKER ARM,35.88
84011971BF,CLOSE ROCKER ARM,35.88
84011971BG,CLOSE ROCKER ARM,35.88
84011971BH,CLOSE ROCKER ARM,35.88
84011971BJ,CLOSE ROCKER ARM,35.88
84011971BK,CLOSE ROCKER ARM,35.88
84011971BL,CLOSE ROCKER ARM,35.88
84011971BM,CLOSE ROCKER ARM,35.88
84011971BN,CLOSE ROCKER ARM,35.88
84011971BP,CLOSE ROCKER ARM,35.88
84011971BQ,CLOSE ROCKER ARM,35.88
84011971BR,CLOSE ROCKER ARM,35.88
84011971BS,CLOSE ROCKER ARM,35.88
84011971BT,CLOSE ROCKER ARM,35.88
84011971BU,CLOSE ROCKER ARM,35.88
84011971BV,CLOSE ROCKER ARM,35.88
84012001BD,"ADJUSTER, CLOSING ",16.14
84012001BE,"ADJUSTER, CLOSING ",16.14
84012001BF,"ADJUSTER, CLOSING ",16.14
84012001BG,"ADJUSTER, CLOSING ",16.14
84012001BH,"ADJUSTER, CLOSING ",16.14
84012001BI,"ADJUSTER, CLOSING ",16.14
84012001BJ,"ADJUSTER, CLOSING ",16.14
84012001BK,"ADJUSTER, CLOSING ",16.14
84012001BL,"ADJUSTER, CLOSING ",16.14
84012001BM,"ADJUSTER, CLOSING ",16.14
84012001BN,"ADJUSTER, CLOSING ",16.14
84012001BO,"ADJUSTER, CLOSING ",16.14
84012001BP,"ADJUSTER, CLOSING ",16.14
84012001BQ,"ADJUSTER, CLOSING ",16.14
84012001BR,"ADJUSTER, CLOSING ",16.14
84012001BS,"ADJUSTER, CLOSING ",16.14
84012001BT,"ADJUSTER, CLOSING ",16.14
84012001BU,"ADJUSTER, CLOSING ",16.14
84012001BV,"ADJUSTER, CLOSING ",16.14
84012001BW,"ADJUSTER, CLOSING ",16.14
84012001BZ,"ADJUSTER, CLOSING ",16.14
84012011AA,"ADJUSTER, OPENING ",17.93
84012011AB,"ADJUSTER, OPENING ",17.93
84012011AC,"ADJUSTER, OPENING ",17.93
84012011AD,"ADJUSTER, OPENING ",17.93
84012011AE,"ADJUSTER, OPENING ",17.93
84012011AF,"ADJUSTER, OPENING ",17.93
84012011AG,"ADJUSTER, OPENING ",17.93
84012011AH,"ADJUSTER, OPENING ",17.93
84012011AI,"ADJUSTER, OPENING ",17.93
84012011AJ,"ADJUSTER, OPENING ",17.93
84012011AK,"ADJUSTER, OPENING ",17.93
84012011AL,"ADJUSTER, OPENING ",17.93
84012011AM,"ADJUSTER, OPENING ",17.93
84012011AN,"ADJUSTER, OPENING ",17.93
84012011AO,"ADJUSTER, OPENING ",17.93
84012011AP,"ADJUSTER, OPENING ",17.93
84012011AQ,"ADJUSTER, OPENING ",17.93
84110011B,RETAINER,9.06
84510061A,VALVE COLLET PAIR,35.45
84510111A,VALVE COLLET,0.59
84740021A,BALL,0.36
84850011A,"BALL JOINT, LEFT",21.69
85010141A,RUBBER PAD,5.37
85010151A,QUICK FASTENING,3.52
85040381A,QUICK FASTENING,3.51
85040471A,QUICK FASTENING M5,0.95
85040521A,CLIP,0.23
85040551A,QUICK FASTENING,2.14
85040671A,CLAMP TUCKER,1.34
85040821A,THREADED INSERT,2.09
85041041A,"RIVET, MALE",0.95
85041051A,"RIVET, FEMALE",0.69
85041091A,"WASHER, SPRING",1.66
85041121A,BUSH,5.37
85041951AA,QUICK FASTENING,1.66
85042242A,DUAL LOCK,2.3
85044431A,RUBBER PAD,3.52
85044631A,CLIP,3.3
85044691A,QUICK FASTENING,3.52
85110041A,"WASHER, LOCK",1.88
85210241A,"WASHER, NYLON 4X8X0.5",0.21
85210491B,WASHER 10.5X28X1.5,9.01
85210532A,WASHER 8.2X20X1,1.66
85210651B,WASHER 10.2X31X1.5,4.84
85210651C,WASHER 10.2X31X1.5,11
85210721B,WASHER,1.66
85211031AB,WASHER,5.37
85211201A,ALUMINIUM GASKET,3.52
85211511A,WASHER,2.3
85211561A,SPRING WASHER 8.1,1.66
85211571A,WASHER 12.2X25X1.5,1.22
85211721A,WASHER 6X14.2X1.3,1.56
85211951A,GASKET 10.5X17X2,1.66
85212181A,"WASHER, NYLON 9X14X1",1.66
85212211A,WASHER 48.5X65X0.5,3.52
85212271A,WASHER,1.66
85212461A,"WASHER, BRASS 6X13X2 ",0.74
85212781B,WASHER,0.6
85212901A,WASHER,10.22
85212971A,COPPER GASKET,0.4
85213111AA,WASHER,1.66
85213661AA,WASHER,3.52
85213751AA,WASHER,0.59
85240171A,WASHER,2.3
85250051A,GASKET 32X38X1.5,1.66
85250231A,GASKET,0.23
85250241A,WASHER 10X14X1,1.66
85250261A,"GASKET, ALUMINIUM ",1.66
85250261B,GASKET,1.66
85250311A,WASHER,2.3
85250311AB,WASHER,1.66
85250401A,WASHER 10.5X18X1.6,1.66
85250421A,COPPER GASKET 12.2,1.66
85250541A,WASHER,1.66
85251141A,WASHER,3.52
85251161A,WASHER CU ��10X14X1,1.67
85310021A,SPRING WASHER 8 MM,1.56
85550001B,SPRING WASHER,1.66
85611401A,WASHER,1.66
85640121A,WASHER,1.66
85640151A,ROUND QUICK LOCK,0.41
86010201A,PARALLEL PIN KEY HF,2.3
86010281A,PIN,4.6
86020011A,SET PIN HF 1504,11.15
86050131A,PIN,1.26
86250071A,SPRING PIN ISO 8750 -,2.3
86610611A,RUBBER PAD,3.52
86612781A,RUBBER PAD,3.52
86614461A,ADHESIVE PAD,1.71
86614471A,ADHESIVE PAD,1.71
86640111A,"GASKET, CAP",2.32
87210151A,"BALANCER SET, HANDLE ",3.52
87210281A,"BALANCER SET, HANDLE ",1.66
87210941A,RIGHT PAD,7.22
87210951A,LEFT PAD,7.22
87211511A,PLUG,11.94
8721H291B,RIGHT CAP,5.34
8721H301B,LEFT CAP,5.34
87240121A,"CAP, RUBBER",2.3
87611472A,"HOSE, BLOW-BY",13.62
87710371A,HOSE,5.03
87711111A,"HOSE, OIL",3.63
87711131A,PIPE,1.71
88450021A,SPRING RING,0.86
88450031A,CIRCLIP E-TYPE,1.66
88450341B,SPRING RING,1.56
88450441A,CIRCLIP,1.66
88450661A,SNAP RING,1.66
88610281A,O-RING,19.45
88610951A,O-RING 32.99X2.62,4.1
88610961A,O-RING,13.82
88640331A,O-RING 17.96X2.62,2.45
88640341A,O-RING 37.77X2.62,5.37
88640351A,O-RING,0
88640641A,O-RING 2.5X6,3.52
88640851A,O-RING,0.4
88641161A,O-RING,1.66
88641181A,O-RING,0.91
88641201A,O-RING,9.06
88641321A,O-RING 11.11X1.78,0.84
88641331A,O-RING,1.66
88641381A,O-RING 63.13X2.62,9.06
88641581A,O-RING,3.52
88641731A,O-RING 1.78X4.76,1.66
88641791A,O-RING,1.22
88641981A,O-RING,0.6
88642061A,O-RING,0.6
88642131A,O-RING,2.7
88642621A,O-RING,0.87
88643371A,O-RING,1.56
88650431A,GASKET,79.38
88650481A,O-RING 88.27X5.34,66.17
88650511A,O-RING 12.39X3.53,5.37
88650561A,O-RING,5.37
88650741A,O-RING,1.67
88650761A,O-RING,3.52
88650891A,O-RING,7.22
887133211,SPANNER FOR,136.85
887133633,SPARK PLUG WRENCH,89.36
887138836,T.D.C. CONTROL GAUGE,78.9
887138853,WRENCH FLYWHEEL NUT,350.82
887138854,IGNITION FLYWHEEL,206.38
887138872,SPECIAL NUT,38.85
8871A381A,CLUTCH SIDE BEARING,66.65
8871A391A,FLYWHEEL SIDE,49.98
8871A401A,PROTEC.FLANGE THE,26.66
8871A421A,CRANKSHAFT LOCKING,106.63
8871A431A,CAMSHAFT TIMING TOOL,125.67
8871A441A,PIN PULLER,380.83
8871A451A,TOOL FIXING OIL PUMP,49.98
8871A461A,CIRCLIP INSERTION TOOL,811.17
8871A471A,FLYWHEEL NUT,259.91
8871A481A,BRACKETS FOR ENGINE,856.87
8871A611A,T-CYLINDER LINER,782.61
8871A761A,VALVE DISASSEMBLY,299.91
8871A771A,PISTON ASSEMBLY TOOL,85.68
8871B151A,TOOL CHEST-MODULE F,875.49
8871B161A,THERMOFORMED TOOL,239.6
8871B521A,SHIMMING WASHER,20.73
8871B531A,IGNITION FLYWHEEL,64.34
8871B541A,EXTRACTOR FOR,64.34
8871B551A,HEAD MOUNTING BASE,325.16
8871B561A,ENGINE SUPPORT TOOL,652.05
8871B571A,"TOOL, HALF CONE ",151.28
8871B581A,TOOL TO REMOVE THE,64.34
8871B591A,WRENCH FOR,194.75
8871B601A,REACTION TOOL FOR,81.72
8871B611A,REACTION TOOL FOR,173.88
8871B621A,SEAL RING DRIVING TOOL,46.95
8871B631A,SEAL RING DRIVING TOOL,46.95
8871B641A,TOOL TO HOLD,43.47
8871B651A,"SCREW, SPECIAL",29.56
8871B661A,PRIMARY DRIVE GEAR,173.88
8871B671A,TOOL TO FIT PISTON,133.89
8871B681A,FORK CAP,38.25
8871B691A,"TOOL, OIL SEAL ",104.33
8871B711A,COMPRESSION VALVE,69.55
8871B721A,GEARBOX SELECTOR,29.56
8871B731A,GEARBOX SELECTOR,29.56
8871B741A,GEARBOX SHAFT,34.78
8871B751A,DRIFT FOR SELECTOR,34.78
8871B761A,DRIFT FOR SELECTOR,34.78
8871B771A,BEARING DRIFT,43.47
8871B781A,BEARING DRIFT,43.47
8871B791A,DRIFT HANDLE,46.95
8871B801A,BEARING EXTRACTOR,151.28
8871B811A,BUSTA PROTEZIONE,36.87
8871B821A,STEERING NUT,43.47
8871B831A,TOOL TO ROTATE THE,130.41
8871B841A,KIT TERMOFORMATI -,193.52
8871B961A,CENTER STAND SPRING,147.45
8871C631A,UV TORCH,40.56
8871E151A,ATTREZZO REAZIONE,184.31
8871E161A,PERNO RIFERIMENTO,47.42
8871E171A,ATTREZZO REAZIONE,184.31
8871E191A,TAMPONE PER,44.74
8871E221A,ATTR.MONTAGGIO,105.13
8871E271A,CHIAVE REG. GIOCO,223.68
8871E351A,TAMPONE TENUTA,87.24
8871E361A,250MX THERMOFORMED,151.21
887651298,SPACER FOR CHECKING,268.75
89320062A,"PLUG, OIL DRAIN",18.59
89320121A,PLUG ASSY,11.37
89340051A,CLUTCH BRAKE PUMP,15
89340251A,COVER MASTER,30
89410201A,"STRAINER, OIL",32.2
89410241A,OIL NET FILTER,36.68
89420091A,"STRAINER, OIL",66.96
89420121F,OIL NET FILTER,43.86
89420261A,MESH FILTER ASSEMBLY,17.39
89520072A,"CAP SET, FUEL TANK",362.31
8A0069056,SCREW TE M8X1.25X45,1.22
90130013B,LIQUIDO ENI ANTIFREEZE,24.88
90240271A,GREASE,29.49
91371191D,OWNER'S MANUAL,46.56
91717399B,TRASP. MAINTENANCE,44.23
91717400B,TRASP. MAINTENANCE,50.1
93010041B,SEAL RING,9.4
93041501A,SEAL RING,12.12
93041621B,SEAL RING,12.2
93042181A,SEAL RING,29.76
93042691A,SEAL RING,6.77
93042891A,SEAL RING,5.37
93050072A,SEAL RING,11.95
93310671A,HOSE,3.63
93310831A,HOSE,9.33
935Z0311A,HOSE,25.43
935Z0591A,TUBO REDEX UHT SG,11.98
93640011AC,ENGINE CONTROL UNIT,"2,209.53"
942470014,DUCATI LIQUID GASKET,27.54
942470036,FLUID SEALANT BLACK,48.74
96080241AA,PROTEZIONE FILTRO ARIA,24.84
96080251AA,VENTOLE RADIATORE,196.65
96180511AA,CLUTCH FLUID RESERV.,122.09
96180511AB,CLUTCH FLUID RESERV.,138.98
96180521A,SET PROTEZIONE LEVA,424.15
96180561AA,CLUTCH FLUID RESERV.,79.58
96180561AB,CLUTCH FLUID RESERV.,89.97
96180571AA,BRAKE FLUID RESERV.,79.58
96180571AB,BRAKE FLUID RESERV.,89.97
96180581AA,BRAKE FLUID RESERV.,122.09
96180581AB,BRAKE FLUID RESERV.,138.98
96180591A,SET ADATTATORI SERB.,49.8
96180671A,M-FIT BRAKE LEVER,54.24
96180761AA,BLACK L RIZOMA RADIAL,255.09
96180761BA,BLACK L RIZOMA RADIAL,282.77
96180771AA,BLACK L RIZOMA RADIAL,282.77
96180781AA,BLACK C RIZOMA RADIAL,282.77
96211111A,LEFT PROTECTION PLATE,9.33
96211222A,COVER PEDAL,11.15
96280172AA,KIT ARRETRAMENTO,163.01
96280173AA,KIT ARRETRAMENTO,163.01
96280331AA,SET PARAMANI APERTI,56.93
96280452A,SET OF RACING EXHAUST,"1,142.11"
96280611AA,PAIR OF PROGRIP 717,53.78
96280671AA,SET PARAMANI TOURING,216.95
96280801AA,1803 LOWERING,326.2
96280811AA,DUCATI HANDGRIP SET,57.96
96280831AA,1706 LOWERING,326.2
96280911AA,V20E LOWERING,319.92
96280932AA,LOWERED SUSPENSION,487.31
96281021AA,LOWERED SUSPENSION,361.59
96281151AA,MANUBRIO V21J,217.35
96281201AA,MANOPOLA GAS G089,19.67
96281211AA,TUBO COMANDO GAS,19.67
96281231AA,MOLLA AMMO 48N/MM,181.13
96281261AA,MANOPOLA GAS G165,28.98
96282091AA,PASSENGER FOOTPEG,199.53
96282211AA,LAUNCH DEVICE V21J,133.52
96282231AA,SET PEDANE,199.53
96282232AA,SET PEDANE,199.53
96282241AA,SET PEDANE MOTARD,429.65
96380251AD,SET CERCHI FORGIATI,"2,771.21"
96380252AD,SET CERCHI FORGIATI,"2,771.21"
96380253AD,SET CERCHI FORGIATI,"2,771.21"
96380281AA,SET CERCHI A RAGGI,"1,852.65"
96413121A,VERTICAL MANIFOLD 1309,419.87
96413612AA,HEAT GUARD,161.86
96414241AC,ANELLO IN ALLUMINIO,35.32
96480511AA,SILENZIATORE SLIP-ON,"1,024.65"
96480512AA,SILENZIATORE SLIP-ON,"1,024.65"
96480513AA,SILENZIATORE SLIP-ON,"1,024.65"
96480521AA,SILENZIATORE SLIP-ON,"1,852.65"
96480522AA,SILENZIATORE SLIP-ON,"1,852.65"
96480523AA,SILENZIATORE SLIP-ON,"1,852.65"
96481221A,SLIP-ON RACING,"2,215.52"
96481387C,COMPLETE RACING,"6,953.53"
96481401A,BLACK SLIP-ON RACING,"1,477.12"
96481402A,BLACK SLIP-ON RACING,"1,605.26"
96481562A,EU+USA TYPE-APPROVED,"2,091.00"
96481581A,RACING COMPLETE,"3,726.93"
96481722AA,COMPL. RACING,"7,464.01"
96481723AA,COMPL. RACING,"7,464.01"
96481732AA,RACING EXHAUST ASS.,"4,531.39"
96481833AA,TYPE-APPROVED,"2,290.03"
96481834AA,TYPE-APPROVED,"2,290.03"
96481835AA,TYPE-APPROVED,"2,290.03"
96481844AA,COMPLETE SYSTEM SET,"3,353.08"
96481845AA,1803 COMPLETE SYSTEM,"3,353.08"
96482001A,RACING EXHAUST,"9,271.36"
96482001B,RACING EXHAUST,"7,417.10"
96482041BA,TYPE-APPROVED,"2,272.40"
96482052AA,RACING SYSTEM KIT 1900,"3,476.76"
96482081A,RACING COMPL.,"5,006.55"
96482081B,GRUPPO SCARICO,"5,006.55"
96482101A,RACING SILENCER SET,"4,635.69"
96482171BA,KIT SCARICO RACING,"6,806.21"
96482172AA,RACING EXHAUST SET,"7,185.31"
96482172BA,KIT SCARICO RACING,"6,806.21"
96482291AA,1706 RACING EXAUST,"4,172.12"
96482291BA,KIT SCARICO RACING,"4,172.12"
96482292AA,KIT SCARICO RACING,"4,172.12"
96482292BA,RACING EXHAUST SET,"4,172.12"
96482293BA,KIT SCARICO RACING,"4,172.12"
96482311AA,KIT SCARICO RACING DP2,"3,278.90"
96482341AA,SILENZIATORI RACING,"5,542.43"
96482351AA,SCARICO COMPLETO,"9,422.12"
96482351BA,RACING COMPLETE,"9,422.12"
96482351BB,SCARICO COMPLETO,"9,422.12"
96482351BC,SCARICO COMPLETO,"9,422.12"
96482352BA,SCARICO COMPLETO,"9,422.12"
96482352BB,SCARICO COMPLETO,"9,422.12"
96482352BC,SCARICO COMPLETO,"9,422.12"
96482371BA,KIT SILENZIATORI,"2,240.03"
96482461BA,KIT SCARICO COMPLETO,"3,325.46"
96482491AA,USA TYPE-APPROVED,"6,872.61"
96482581AA,PARACALORE SCARICO,108.68
96482671A,SET VASO RECUPERO,82.81
96482741AA,SET SCARICO RACING,"2,898.00"
96485911AA,SET SCARICO RACING,"3,213.00"
96580131A,DUCATI QUICK SHIFT,371.34
96580163B,DUCATI QUICK SHIFT,371.34
96580301AA,DQS SET V21D,378.77
96580302AA,SET DQS V21D,378.77
96581211A,TURN BY TURN,90.45
96581221AA,SET DUCATI QUICK SHIFT,373.12
96581222AA,DUCATI QUICK SHIFT,373.12
96581261AA,CRUISE CONTROL V21A,365.8
96581271AA,CRUISE CONTROL 2102,365.8
96581321AA,MODULO WI- FI V21J,196.65
96581322AA,MODULO WI- FI V21J,196.65
96581323AA,MODULO WI- FI V21J,196.65
96680574A,SET OF HEATED GRIPS M-,449.74
96680671B,TIRE PRESSURE SENSOR,255.68
96680672A,TIRE PRESSURE SENSOR,255.68
96680701B,SET OF HEATED GRIPS,449.86
96680712B,BLUETOOTH MODULE SET,447.22
96680921A,TIRE PRESSURE SENSOR,255.68
96680921B,TIRE PRESSURE SENSOR,255.68
96680961AA,GROOVE3MM DYNAMIC,128.17
96680961BA,PAIR OF DYNAMIC LED,141.37
96680971BA,PAIR OF DYNAMIC LED,157.97
96681101AA,USB 1706 ADAPTER,42.19
96681145AA,1706 BLUETOOTH,337.48
96681146AA,1706 BLUETOOTH,337.48
96681147AA,1706 BLUETOOTH,337.48
96681148AA,1706 BLUETOOTH,337.48
96681149AA,1706 BLUETOOTH,337.48
96681221AA,Pair of front integrated,179.58
96681293AA,SUPPORTO NAVIGATORE,391.15
96681321AA,COPPIA SENSORI,511.37
96681341AA,SET OF TYRE PRESSURE,511.37
96681461AA,CONTROL UNIT+TYRE,543.15
96681671AA,SET MONTAGGIO,66.51
96681681AA,SET MONTAGGIO,66.51
96681731AA,"CABLAGGIO PER RCU, BT, ",110.85
96681791AA,SET MONTAGGIO,38.8
96681821AA,SET PORTA USB-A V22Q,81.51
96780262C,TANK POCKET BAG,216.24
96780263C,POCKET TANK BAG,216.24
96780291B,TANK BAG 1008,292.45
96780311B,REAR SOFT BAG KIT,262.69
96780351A,TANK BAG KIT - DVL,374.64
96780371A,TANKLOCK FLANGE KIT M,31.04
96780461A,UNIVERSAL SEALED ROLL,163.1
96780491AA,KIT SCHIENALINO,412.97
96780521A,SET OF INTERNAL BAGS,236.66
96780551A,SET TOP CASE SCR,617.46
96780612B,REAR LUGGAGE RACK,271.59
96780655A,MS1200 SIDE PANNIERS,"1,196.98"
96780661A,SIDE PANNIERS COVER,216.24
96780771B,TANK BAG XDVL,328.43
96780811A,LINER SET FOR,234.26
96780821A,LINER FOR ALUMINIUM,116.46
96780881A,TOP CASE BAG,81.14
96781061B,REAR SOFT BAG XDVL /,307.07
96781071A,SET OF ALUMINIUM SIDE,"2,622.53"
96781141B,SET OF SIDE PANNIERS,"1,703.97"
96781271A,HANDLEBAR BAG,118.58
96781421A,SET OF SIDE PANNIERS,"1,559.19"
96781531CA,TOP CASE 1706 SET - NO,819.6
96781541AA,RED TOP CASE COVER,168.72
96781541AC,TOP CASE COVER -,168.72
96781551BA,1706 SIDE BAGS SET - NO,"1,012.04"
96781561AA,1706 SIDE BAGS COVERS,210.92
96781561AH,SIDE PANNIER COVER,210.92
96781561AT,SIDE PANNIER COVER,210.92
96781621AA,LUGGAGE CARRIER,66.54
96781631AA,1706 INTERNAL BAGS FOR,180.79
96781641AA,1706 TOPCASE INTERNAL,117.55
96781651AA,HANDLEBAR BAG 1706,72.09
96781661BA,1706 CARRIER PLATE,192.84
96781772AA,SET PIASTRA TOPCASE,272.35
96781821AA,CUSHION FOR ALUMINIUM,175.29
96781851BB,SET PROTEZIONI,811.25
96781881AA,SET TELAIETTO,509.92
96781882AA,TOP CASE/PLATE,509.92
96782131AA,SET BORSE SEMIRIGIDE,"1,732.59"
96782132AA,SET OF SEMI-RIGID SIDE,"1,732.59"
96782133AA,SET OF SEMI-RIGID SIDE,"1,732.59"
96782151AA,SET SUPPORTO TOP,474.87
96782161AA,SET SUPPORTI BORSE,360.71
96782162AA,SOFT SIDE BAG SUPPORT,282.66
96782211AA,BORSA DA SERBATOIO,382.45
96782222AA,BLACK ENGINE SIDE,811.25
96782261AA,REAR BAG 1705,327.89
96782352AA,SET BORSE LATERALI,"1,145.01"
96782361AA,SET PIASTRA TOP CASE,272.35
96782362AA,SET PIASTRA TOP CASE,272.35
96782371AA,SET TOP CASE V21E - NO,547.7
96782391AA,SET PIASTRA,104.09
96782451AA,SET TOPCASE ALLUMINIO,927
96782491AA,SET STAFFE PER BORSE,133.01
96782511AA,SET STAFFE PER BORSE,133.01
967893AAA,UNIVERSAL DUCATI,124.62
96792210B,BORSA TOP CASE,106.99
96792610B,ALUMINIUM REAR,303.4
96880531AA,RH ASPHERICAL MIRROR,204.27
96880541AA,LH ASPHERICAL MIRROR,204.27
96880553A,MIRROR ADAPTER SET,53.22
96880722A,COMFORT SEAT 1509,422.15
96880921AC,LOW HEATED RIDER SEAT,361.59
96880931AA,HEATED RAISED RIDER,361.59
96880961BA,LOWERED RIDER SEAT,192.84
96880991AA,LOWERED SEAT 1703,422.78
96881062AA,RIDER LOWERED SEAT,357.06
96881121CA,SELLA BASSA PILOTA,357.06
96881191AA,SET MIRROR BAR END,185.43
96881201AA,SET MIRROR BAR END,57.96
96881201BA,SET MIRROR BAR END,57.96
96881241AA,PASSENGER PREMIUM,312.92
96881381AA,SELLA PILOTA ALTA V22O,467.3
96881421AA,SELLA PASSEGGERO E,80.47
96881451BA,SELLA BASSA V21D,378.05
96881491BA,SELLA RACING V21D,260.05
96881581AA,STD PASSENGER SEAT,80.47
96881601AA,SELLA PILOTA SPORT,332.55
96881611AA,SELLA PILOTA BASSA,332.55
96881621AA,SELLA RACING V21J,227.7
96882231AA,SELLA BASSA V23L,262.5
96882241AA,SELLA RACING V23L,315
96912171AB,UPPER RH WING,577.33
96912181AA,LOWER RH WING,639.74
96929399C,TANK MONSTER NAKED,"1,929.70"
96981251AA,COVER,277.22
96981521AA,LOWER COMPARTMENT,785.76
96981661AA,DRY CLUTCH COVER,373.12
96981931AA,LOWER COMPARTMENT,831.37
97010091AA,NOTTOLINO CAVALLETTO,49.67
97080091A,DUCATI RED STAND BASE,14.49
97080111A,Ducati Single Sided Rear,360.32
97080121AA,DUCATI BLACK STAND,14.49
97080131AA,FRONT GARAGE STAND,283.25
97080141AA,REAR GARAGE DOUBLE-,333.3
97080181AA,REAR GARAGE STAND,360.26
97080201AA,FRONT BOX STAND,288.2
97080212AA,V21F CENTRAL STAND KIT,299.29
97080221AA,CAVALLETTO DA GARAGE,155.25
97111241AA,DEFLECTOR RH,19.9
97111251AA,DEFLECTOR LH,19.9
97180131A,TOURING WINDSCREEN,400.01
97180481B,TOURING 1406,398.07
97180631A,WINDSHIELD,227.36
97180641A,1409-OVERSIZED SMOKE-,227.36
97180654AA,SET OF RED RACING,390.64
97180741A,WINDSCREEN SET 1309,315.04
97180831AB,TINTED OVERSIZED,252.03
97180902AA,SBK V2 WHITE SINGLE-,494.17
97180961AC,LUG KIT- GRAY 1803,301.32
97181071AA,SET CARENE INFERIORI,173.85
97181081AA,SET PARABREZZA,266.55
97181121AA,SET PLEXY TOURING 1705,359.27
97181151AA,PLEXY TOURING KIT V20B,429.65
97181291AA,SUMP GUARD SET,135.68
97181321AA,SET CARENE PER,221.7
97181391AA,SET CARENE PER,83.14
97181401AA,SET CODA BIPOSTO,161.63
97181411AA,SET PARABREZZA,199.53
97181411AB,SET PARABREZZA,199.53
97181491AA,SET PARABREZZA,380.36
97181511AA,PARACOPPA IN PLASTICA,133.52
97181541AA,COVER RETI RADIATORI,46.58
97181561AA,KIT PLASTICHE - ROSSO,207
97181581AA,SET FIANCHETTI CODONE,161.63
97181781AB,SET FIANC. CODONE,161.63
97280001AA,CATENA PERFORMANCE,113.85
97280021AA,CORONA PERFORMANCE,77.63
97280031AA,PIGNONE PERFORMANCE,25.88
97280041AA,CORONA PERFORMANCE,77.63
97280051AA,CORONA PERFORMANCE,77.63
97380041A,MIRROR HOLE COVER KIT,188.13
97380171AA,TAPPO CARICO OLIO V21J,36.23
97380351A,RADIATOR PROTECTION,170.52
97380362A,CNC CLUTCH COVER,281.02
97380561A,OIL COOLER PROTECTION,143.21
97380681A,STAND BASE WIDEN.,86.38
97380861AA,SET BAR ENDS,91.79
97380861AB,SET OF HANDLEB.END.,91.79
97380871AB,OIL FILLER CAP,70.71
97380941A,OIL COOLER PROTECTION,116.8
97380972A,BRAKE/CLUTCH,51.43
97381172AA,BRAKE/CLUTCH,56.78
97381952AA,SET PARACOPPA 1900,579.46
97382021AA,FRONT SWING. ARM,231.78
97382051AA,OIL RADIATOR,135.68
97382081BA,SET PARACOPPA V20B,180.9
97382151AA,REAR WHEEL SLIDER,298.86
97382251AA,SET COVER RIMOZIONE,81.51
97382261AA,SET PROTEZIONE,205
97480041A,CARBON TANK ADHESIVE,81.41
97480091A,TANK ADHESIVE,81.14
97480141A,CARB.TANK ADHESIVE,112.45
97480151A,CARB.TANK ADHESIVE,112.45
97480161A,CARB.TANK ADHESIVE,96.4
97480171A,BLACK ADHESIVE TANK,57.83
97480201A,BLACK ADHESIVE TANK,98.91
97480211AB,TANK BLACK GRIP PADS,111.2
97480291AA,1706 TANK ADHESIVE,97.86
97480301AA,CENTRAL ADHESIVE,54.24
97480311AA,TANK ANTI-SLIP SIDE,106.91
97480321AA,BLACK PAN TANK GRIP,106.91
97480351AA,TANK ADHESIVE,98.51
97480371AA,TANK ADHESIVE,60.96
97480401AA,PROTEZIONE ADESIVA,50.99
97580171AA,TAPPETINO DA GARAGE,265.16
97580311AA,TAPPETO DA GARAGE,238.05
97612131AA,SPACER,12.12
97680062AA,DIMA FORATURA,21.21
97780051AB,TANK CAP,289.2
97780051BB,"CAP SET, FUEL TANK",283.54
97780052BB,TANK CAP,283.54
97780081AA,BLACK RACING,283.54
97780181AA,TAPPO SERBATOIO ALU,81.77
979000298,OFF ROAD DIAGNOSIS,730.3
979000305,DDS SYSTEM 3.0 (TEXA,"3,964.74"
979000306,DDS X (TEXA,774.12
97980711A,DUCATI CORSE BRAKE,19.29
97980721A,DUCATI CORSE CLUTCH,19.29
97981203AB,OFF-ROAD PACK DESERT,"1,796.33"
97981282AB,PACK ENDURO ARG 1904,"1,680.44"
97981283AB,PACK ENDURO ARG 1904,"1,680.44"
97981284AB,PACK ENDURO ARG 1904,"1,680.44"
97981322AA,PACK TOURING DVL 1705,"2,294.66"
97981491AA,PACK PADDOK V21A,822.27
981011410,PROTECTOR G2 WAVE2,69.95
981025003,TECH SOCKS COMFORT,12.95
981027003,BACK PROTECTOR,74.95
981036822,HELMET DARK RIDER V2,399.95
981036823,HELMET DARK RIDER V2,399.95
981036824,HELMET DARK RIDER V2,399.95
981036825,HELMET DARK RIDER V2,399.95
981036826,HELMET DARK RIDER V2,399.95
981036827,HELMET DARK RIDER V2,399.95
981040452,MOLDED BACKPACK B1,219.95
981040453,ALL USES BACKPACK B2,89.95
981041842,BOOTS THEME 42,219.95
981041843,BOOTS THEME 43,219.95
981041844,BOOTS THEME 44,219.95
981041845,BOOTS THEME 45,219.95
981041846,BOOTS THEME 46,219.95
981042073,GLOVES SPEED EVO C1,219
981042074,GLOVES SPEED EVO C1,219
981042075,GLOVES SPEED EVO C1,219
981042076,GLOVES SPEED EVO C1,219
981042077,GLOVES SPEED EVO C1,219
981042083,GLOVES SPEED EVO C1,219
981042084,GLOVES SPEED EVO C1,219
981042085,GLOVES SPEED EVO C1,219
981042086,GLOVES SPEED EVO C1,219
981042087,GLOVES SPEED EVO C1,219
981042093,GLOVES SPEED AIR C1,139
981042094,GLOVES SPEED AIR C1,139
981042095,GLOVES SPEED AIR C1,139
981042096,GLOVES SPEED AIR C1,139
981042097,GLOVES SPEED AIR C1,139
981042103,GLOVES SPEED AIR C1,139
981042104,GLOVES SPEED AIR C1,139
981042105,GLOVES SPEED AIR C1,139
981042106,GLOVES SPEED AIR C1,139
981042107,GLOVES SPEED AIR C1,139
981042113,GLOVES COMPANY C1,119
981042114,GLOVES COMPANY C1,119
981042115,GLOVES COMPANY C1,119
981042116,GLOVES COMPANY C1,119
981042117,GLOVES COMPANY C1,119
981042123,GLOVES COMPANY C1,119
981042124,GLOVES COMPANY C1,119
981042125,GLOVES COMPANY C1,119
981042126,GLOVES COMPANY C1,119
981042127,GLOVES COMPANY C1,119
981044442,BOOTS SPEED EVO C1,299
981044443,BOOTS SPEED EVO C1,299
981044444,BOOTS SPEED EVO C1,299
981044445,BOOTS SPEED EVO C1,299
981044446,BOOTS SPEED EVO C1,299
981044874,GLOVES DUCATI 77 C1 M,99
981047073,HELMET DUCATI SPEED,799
981047074,HELMET DUCATI SPEED,799
981047075,HELMET DUCATI SPEED,799
981047076,HELMET DUCATI SPEED,799
981047077,HELMET DUCATI SPEED,799
981070550,JACKET COMPANY C3,429
981070552,JACKET COMPANY C3,429
981070554,JACKET COMPANY C3,429
981070556,JACKET COMPANY C3,429
981070750,JACKETFIGHTER C1 50,599
981070752,JACKET FIGHTER C1 52,599
981070754,JACKET FIGHTER C1 54,599
981070756,JACKET FIGHTER C1 56,599
981070758,JACKET FIGHTER C1 58,599
981070760,JACKET FIGHTER C1 60,599
981070812,HELMET DUCATI PEAK V5,419.95
981070813,HELMET DUCATI PEAK V5,419.95
981070814,HELMET DUCATI PEAK V5,419.95
981070815,HELMET DUCATI PEAK V5,419.95
981070816,HELMET DUCATI PEAK V5,419.95
981070817,HELMET DUCATI PEAK V5,419.95
981071000,ALL USES BACKPACK B3,159.95
981071001,DUFFLE D1 REDLINE,184.95
981071126,LEG BAG REDLINE P2,64.95
981071133,BACK PROTECTOR COMP.,129.95
981071206,RAIN JACKET AQUA HV XL,149
981071226,RAIN TROUSERS AQUA XL,84.8
981071333,FABRIC JACKET SPEED,259
981071334,FABRIC JACKET SPEED,259
981071335,FABRIC JACKET SPEED,259
981071336,FABRIC JACKET SPEED,259
981071337,FABRIC JACKET SPEED,259
981071338,FABRIC JACKET SPEED,259
981071344,GLOVES CITY C3 M,99.95
981071346,GLOVES CITY C3 XL,129
981071363,GLOVES SUMMER C3 S,89.95
981071364,GLOVES SUMMER C3 M,89.95
981071365,GLOVES SUMMER C3 L,89.95
981071366,GLOVES SUMMER C3 XL,89.95
981071367,GLOVES SUMMER C3 XXL,89.95
981071942,BOOTS D.C. CITY C2 42,199.95
981071943,BOOTS D.C. CITY C2 43,199.95
981071944,BOOTS D.C. CITY C2 44,199.95
981071945,BOOTS D.C. CITY C2 45,199.95
981071946,BOOTS D.C. CITY C2 46,199.95
981072453,D.C. MTB CYCLING,99
981072454,D.C. MTB CYCLING,99
981072455,D.C. MTB CYCLING,99
981072456,D.C. MTB CYCLING,99
981072457,D.C. MTB CYCLING,99
981072463,D.C. MTB CYCLING,89
981072464,D.C. MTB CYCLING,89
981072465,D.C. MTB CYCLING,89
981072466,D.C. MTB CYCLING,89
981072467,D.C. MTB CYCLING,89
981072473,FABRIC JACKET FLOW,349
981072474,FABRIC JACKET FLOW,349
981072475,FABRIC JACKET FLOW,439
981072476,FABRIC JACKET FLOW,349
981072477,FABRIC JACKET FLOW,349
981072852,JACKET SPEED EVO C2 52,719.95
981072854,JACKET SPEED EVO C2 54,719.95
981072856,JACKET SPEED EVO C2 56,719.95
981072950,JACKET SPEED EVO C2,719.95
981072952,JACKET SPEED EVO C2,719.95
981072954,JACKET SPEED EVO C2,719.95
981072956,JACKET SPEED EVO C2,719.95
981072958,JACKET SPEED EVO C2,719.95
981073550,FABRIC JACKET D.C.,389
981073552,FABRIC JACKET D.C.,389
981073554,FABRIC JACKET D.C.,389
981073556,FABRIC JACKET D.C.,389
981073703,T-SHIRT COOL DOWN 2,74.95
981073705,T-SHIRT COOL DOWN 2,74.95
981073707,T-SHIRT COOL DOWN 2,74.95
981074454,LEATH. JACKET DC C6,819
981074752,FIGHTER JACKET DC C2,699.95
981075352,FABRIC JACKET  STRADA,"1,199.95"
981075354,FABRIC JACKET STRADA,"1,199.95"
981075742,BOOTS DOWNTOWN C2 42,239.95
981076043,BOOTS THEME C2 43,269.95
981076044,BOOTS THEME C2 44,269.95
981076045,BOOTS THEME C2 45,269.95
981077029,BAGPACK REDLINE B4,169.95
981077104,GLOVES SPORT C4,169
981077105,GLOVES SPORT C4,169
981077106,GLOVES SPORT C4,169
981077124,GLOVES COMPANY C2,119.95
981077125,GLOVES COMPANY C2,119.95
981077126,GLOVES COMPANY C2,119.95
981077174,GLOVES COMPANY C2,119.95
981077175,GLOVES COMPANY C2,119.95
981077176,GLOVES COMPANY C2,119.95
981085004,D.C. MTB V2 CYCLING,119.95
981085005,D.C. MTB V2 CYCLING,119.95
981085006,D.C. MTB V2 CYCLING,119.95
981085014,D.C. MTB V2 CYCLING,104.95
981085015,D.C. MTB V2 CYCLING,104.95
981085016,D.C. MTB V2 CYCLING,104.95
981085114,JACKET FLOW C5 MAN M,399.95
981085115,JACKET FLOW C5 MAN L,399.95
981085116,JACKET FLOW C5 MAN XL,399.95
981085117,JACKET FLOW C5 MAN,399.95
981086090,BOOTS EXPLORER T7 9,499.95
981086100,BOOTS EXPLORER T7 10,499.95
981086110,BOOTS EXPLORER T7 11,499.95
981088188,JACKET EXPLORER MAN,869.95
981088195,JACKET EXPLORER MAN,869.95
981088255,HELMET DUCATI JARGON,449.95
981088264,FABRIC JACKET SPEED,289.95
981088265,FABRIC JACKET SPEED,289.95
981088266,FABRIC JACKET SPEED,289.95
981088267,FABRIC JACKET SPEED,289.95
981088294,HELMET DUCATI LOGO,439.95
981088295,HELMET DUCATI LOGO,439.95
981088296,HELMET DUCATI LOGO,439.95
981088334,HELMET DUCATI LOGO A.,439.95
981088335,HELMET DUCATI LOGO A.,439.95
981088336,HELMET DUCATI LOGO A.,439.95
981088373,HELMET DUCATI LOGO,439.95
981088374,HELMET DUCATI LOGO,439.95
981088375,HELMET DUCATI LOGO,439.95
981088376,HELMET DUCATI LOGO,439.95
981088404,RIDING SWEATSHIRT,329.95
981088405,RIDING SWEATSHIRT,329.95
981088406,RIDING SWEATSHIRT,329.95
981088407,RIDING SWEATSHIRT,329.95
981089050,JACKET SPEED EVO C3,729.95
981089052,JACKET SPEED EVO C3,729.95
981089054,JACKET SPEED EVO C3,729.95
981090254,FABRIC JACKET CORSE,489.95
981090256,FABRIC JACKET CORSE,489.95
981090258,FABRIC JACKET CORSE,489.95
981090342,BOOTS DC CITY C3 GTX,319.95
981090343,BOOTS DC CITY C3 GTX,319.95
981090344,BOOTS DC CITY C3 GTX,319.95
981090345,BOOTS DC CITY C3 GTX,319.95
981090942,BOOTS COMPANY C4 2.0,319.95
981090943,BOOTS COMPANY C4 2.0,319.95
981090944,BOOTS COMPANY C4 2.0,319.95
981090945,BOOTS COMPANY C4 2.0,319.95
981091014,HELMET DUCATI LOGO,489.95
981091015,HELMET DUCATI LOGO,489.95
981091016,HELMET DUCATI LOGO,489.95
981091091,BAGPACK REDLINE B5,149.95
981091105,JACKET TOUR SUMMER,599.95
981091213,VISOR 3D TRACK-1,28.39
981091214,VISOR 3D TRACK-1,55.8
981091220,SPOILER TRACK-1 M (X,26.5
981091221,SPOILER TRACK-1 L (X,26.5
981091222,SPOILER TRACK-1 M (X,26.5
981091223,SPOILER TRACK-1 L (X,26.5
981091252,GOGGLES EXPLORER V3,149.95
981091289,BACKPACK REDLINE B6,79.95
981091290,BACKPACK REDLINE B7,69.95
981091291,BACKPACK REDLINE B8,189.95
981091432,TROUSERS MX DUCATI,219.95
981091434,TROUSERS MX DUCATI,219.95
981091436,TROUSERS MX DUCATI,219.95
981092015,HELMET DUCATI LOGO,439.95
981092144,HELMET DUCATI DESMO,819.95
981092145,HELMET DUCATI DESMO,819.95
981092146,HELMET DUCATI DESMO,819.95
981092264,GLOVES MX DUCATI,64.95
981092265,GLOVES MX DUCATI,64.95
981092266,GLOVES MX DUCATI,64.95
981092375,AQUA RAIN JACKET V2,164.95
981092385,AQUA RAIN JACKET V2,164.95
981092393,AQUA RAIN TROUSERS V2,94.95
981092395,AQUA RAIN TROUSERS V2,94.95
981092404,SUMMER GLOVES C4,129.95
981092405,SUMMER GLOVES C4,129.95
981092406,SUMMER GLOVES C4,129.95
981092414,SUMMER GLOVES C4,129.95
981092415,SUMMER GLOVES C4,129.95
981092416,SUMMER GLOVES C4,129.95
981092504,GLOVES COMPANY C2 2.0,119.95
981092505,GLOVES COMPANY C2 2.0,119.95
981092506,GLOVES COMPANY C2 2.0,119.95
981092514,GLOVES COMPANY C2 2.0,119.95
981092515,GLOVES COMPANY C2 2.0,119.95
981092516,GLOVES COMPANY C2 2.0,119.95
981092524,FABRIC JACKET SPEED,289.95
981092525,FABRIC JACKET SPEED,289.95
981092526,FABRIC JACKET SPEED,289.95
981092527,FABRIC JACKET SPEED,289.95
981092528,FABRIC JACKET SPEED,289.95
981092564,GLOVES CITY C4,154.95
981092565,GLOVES CITY C4,154.95
981092566,GLOVES CITY C4,154.95
981092604,JACKET DUCATI OVERLAY,239.95
981092605,JACKET DUCATI OVERLAY,239.95
981092606,JACKET DUCATI OVERLAY,239.95
981092607,JACKET DUCATI OVERLAY,239.95
981092614,JACKET FLOW C5 2.0 MAN,399.95
981092615,JACKET FLOW C5 2.0 MAN,399.95
981092616,JACKET FLOW C5 2.0 MAN,399.95
981092617,JACKET FLOW C5 2.0 MAN,399.95
981092635,JACKET EXPLORER 2.0,869.95
981092648,JACKET EXPLORER 2.0,869.95
981092754,JACKET D. CORSE C7,899.95
981092854,JACKET D. CORSE C7,899.95
981092954,JACKET D. CORSE C7,899.95
981093054,JACKET D. CORSE C7,899.95
981094652,LEATH.JACKET GP TEAM,"1,049.95"
981095054,FABRIC JACKET CORSE,489.95
981095056,FABRIC JACKET CORSE,489.95
981095058,FABRIC JACKET CORSE,489.95
981095703,MX JERSEY DUCATI,84.95
981095704,MX JERSEY DUCATI,84.95
981095705,MX JERSEY DUCATI,84.95
981095706,MX JERSEY DUCATI,84.95
981095707,MX JERSEY DUCATI,84.95
981095715,JACKET TOUR SUMMER,599.95
987672021,PASS HOLDER DUCATI,7.49
987675305,BIKE MODEL DIAVEL 1:18,8.99
987691017,DUCATI METAL SIGN,24.95
987691506,BIKE MODEL,9.95
987694008,DUCATI MUG,12.95
987694009,DUCATI CORSE MUG,12.95
987694012A,DC WAVE KEYCHAIN,7.49
987694125,SERVICE T-SHIRT L,39
987694126,SERVICE T-SHIRT XL,39
987694127,SERVICE T-SHIRT XXL,39
987694141,PASS HOLDER DUCATI,8.45
987695023,DC 17 GRAPHIC RED T-,34.95
987695024,DC 17 GRAPHIC RED T-,34.95
987695025,DC 17 GRAPHIC RED T-,34.95
987695026,DC 17 GRAPHIC RED T-,34.95
987695027,DC 17 GRAPHIC RED T-,34.95
987695036,DC 17 GRAPHIC BLACK T-,39.95
987696512,DUCATI CORSE,19.95
987697930,DIE CAST MODEL,8.99
987698040A,DUCATI CORSE SHIELD,7.95
987698041A,DUCATI SHIELD,7.95
987699491,DUCATI CORSE WALL,99.95
987700020,CAP DC DIAMOND NEW,34.95
987700021,CAP SCARLETT TRUCKER,34.95
987700022,CAP CORD 920 NEW ERA,29.95
987700263,REFLEX ATTITUDE POLO-,59.95
987700264,REFLEX ATTITUDE POLO-,59.95
987700265,REFLEX ATTITUDE POLO-,59.95
987700266,REFLEX ATTITUDE POLO-,59.95
987700267,REFLEX ATTITUDE POLO-,59.95
987700610,SPORT CAP,29
987700614,DC FREETIME BACKPACK,64.9
987700618,PARKING METAL SIGN,34.95
987700657,OCEAN SCR T-SHIRT XXL,39
987700658,OCEAN SCR T-SHIRT,29
987700664,CAMOU SCR T-SHIRT M,29
987700666,CAMOU SCR T-SHIRT XL,29
987700667,CAMOU SCR T-SHIRT XXL,29
987700701,DIE CAST MODEL V4,12.95
987700758,DC LOGOS STICKER,8.45
987700759,DUCATI LOGOS STICKER,8.45
987700773,CAP NE CORSE SPORT,34.95
987700823,DC TRACK 21 BLACK,59.95
987700824,DC TRACK 21 BLACK,59.95
987700825,DC TRACK 21 BLACK,59.95
987700826,DC TRACK 21 BLACK,59.95
987700827,DC TRACK 21 BLACK,59.95
987700853,T-SHIRT DC TRACK 21,49.95
987700854,T-SHIRT DC TRACK 21,49.95
987700855,T-SHIRT DC TRACK 21,49.95
987700856,T-SHIRT DC TRACK 21,49.95
987700857,T-SHIRT DC TRACK 21,49.95
987700916,T-SHIRT V4 EYES RED XL,34.95
987700917,T-SHIRT V4 EYES RED XXL,34.95
987700934,T-SHIRT HEARTBEAT RED,29.95
987700935,T-SHIRT HEARTBEAT RED,29.95
987700937,T-SHIRT HEARTBEAT RED,29.95
987700973,T-SHIRT DUCATIANA 2.0,29.95
987700974,T-SHIRT DUCATIANA 2.0,33.95
987700975,T-SHIRT DUCATIANA 2.0,33.95
987700976,T-SHIRT DUCATIANA 2.0,33.95
987700977,T-SHIRT DUCATIANA 2.0,29.95
987700983,T-SHIRT DUCATIANA 2.0,29.95
987700984,T-SHIRT DUCATIANA 2.0,33.95
987700985,T-SHIRT DUCATIANA 2.0,33.95
987700986,T-SHIRT DUCATIANA 2.0,39.95
987700987,T-SHIRT DUCATIANA 2.0,33.95
987700993,T-SHIRT DUCATIANA 2.0,29.95
987700994,T-SHIRT DUCATIANA 2.0,39.95
987700995,T-SHIRT DUCATIANA 2.0,39.95
987700996,T-SHIRT DUCATIANA 2.0,29.95
987700997,T-SHIRT DUCATIANA 2.0,33.95
987701003,T-SHIRT DUCATIANA 2.0,29.95
987701004,T-SHIRT DUCATIANA 2.0,33.95
987701005,T-SHIRT DUCATIANA 2.0,33.95
987701006,T-SHIRT DUCATIANA 2.0,33.95
987701007,T-SHIRT DUCATIANA 2.0,39.95
987701033,T-SHIRT DUCATIANA '80,33.95
987701034,T-SHIRT DUCATIANA '80,33.95
987701035,T-SHIRT DUCATIANA '80,33.95
987701036,T-SHIRT DUCATIANA '80,33.95
987701037,T-SHIRT DUCATIANA '80,29.95
987701043,T-SHIRT DUCATIANA '80,29.95
987701044,T-SHIRT DUCATIANA '80,33.95
987701045,T-SHIRT DUCATIANA '80,39.95
987701046,T-SHIRT DUCATIANA '80,33.95
987701645,FLIP-FLOP DC RACE 45-46,29.95
987701660,RACING SPIRIT CAP,29.95
987701661,DC TRACK CAP,29.95
987701666,T-SHIRT HEARTBEAT,29.95
987701667,T-SHIRT HEARTBEAT,29.95
987701751,COMPANY 2.0 RED CAP,26.95
987701752,COMPANY 2.0 BLACK CAP,26.95
987701860,REPLICA GP 20 CAP,39.95
987701883,T-SHIRT 80S RED S,29.95
987701884,T-SHIRT 80S RED M,39.95
987701885,T-SHIRT 80S RED L,39.95
987701886,T-SHIRT 80S RED XL,39.95
987701887,T-SHIRT 80S RED XXL,29.95
987701912,T-SHIRT DUCATIANA 2.0,33.95
987701913,T-SHIRT DUCATIANA 2.0,33.95
987701914,T-SHIRT DUCATIANA 2.0,33.95
987701915,T-SHIRT DUCATIANA 2.0,33.95
987701916,T-SHIRT DUCATIANA 2.0,33.95
987701922,T-SHIRT DUCATIANA 2.0,39.95
987701923,T-SHIRT DUCATIANA 2.0,33.95
987701924,T-SHIRT DUCATIANA 2.0,33.95
987701925,T-SHIRT DUCATIANA 2.0,33.95
987701926,T-SHIRT DUCATIANA 2.0,33.95
987702820,DIE CAST MODEL,12.95
987702821,DIE CAST MODEL SUPER,12.95
987702822,LEGO PANIGALE V4R,79.99
987703376,DC THRILL RAIN JACKET,94.95
987703473,T-SHIRT REFLEX,49.95
987703474,T-SHIRT REFLEX,49.95
987703475,T-SHIRT REFLEX,49.95
987703477,T-SHIRT REFLEX,49.95
987703503,T-SHIRT PANIGALE V4S S,34.95
987703513,T-SHIRT STREETFIGHTER,34.95
987703515,T-SHIRT STREETFIGHTER,34.95
987703516,T-SHIRT STREETFIGHTER,34.95
987703517,T-SHIRT STREETFIGHTER,34.95
987703537,T-SHIRT MONSTER XXL,34.95
987703952,CAP NE CORSE TOTAL,37.95
987703954,BEANIE CORSE TOTAL,45.95
987703958,DUCATI SHIELD,5.95
987703959,DUCATI LOGO KEYCHAIN,5.95
987704426,T-SHIRT SERVICE 2.0 XL,33.95
987704443,DC SHIELD KEYCHAIN,5.95
987704445,DC LOGO KEYCHAIN,5.95
987704446,DC HELMET KEYCHAIN,5.95
987704463,T-SHIRT MULTISTRADA V4,34.95
987704464,T-SHIRT MULTISTRADA V4,34.95
987704465,T-SHIRT MULTISTRADA V4,44.94
987704466,T-SHIRT MULTISTRADA V4,44.94
987704601,CAP NE DC STRECH SNAL,47.9
987704602,CAP NE DC COLOUR,34.95
987704603,CAP NE DC REPREVE,34.95
987704604,BEANIE DC SKULL SS22,34.95
987704607,DC PANIGALE V4S,5.95
987705207,DIE CAST MODEL,12.95
987705509,DC SPORT SLING,54.95
987705672,T-SHIRT DC SKETCH 2.0,33.95
987705673,T-SHIRT DC SKETCH 2.0,33.95
987705674,T-SHIRT DC SKETCH 2.0,33.95
987705675,T-SHIRT DC SKETCH 2.0,33.95
987705676,T-SHIRT DC SKETCH 2.0,33.95
987705711,DC LINE THERMOS,43.95
987705983,MOTOGP 21 TEAM WORLD,34.95
987706323,T-SHIRT PANIGALE MEN S,49.95
987706324,T-SHIRT PANIGALE MEN S,49.95
987706325,T-SHIRT PANIGALE MEN S,49.95
987706326,T-SHIRT PANIGALE MEN S,49.95
987706327,T-SHIRT PANIGALE MEN S,49.95
987707574,SCR MEN���S IBRID,104.95
987707790,DC LENOVO KEYCHAIN,5.95
987707874,T-SHIRT DC TONAL 2.0 M,49.95
987707875,T-SHIRT DC TONAL 2.0 L,49.95
987707876,T-SHIRT DC TONAL 2.0 XL,49.95
987707984,T-SHIRT DC FITNESS  M,54.95
987707985,T-SHIRT DC FITNESS  L,54.95
987707986,T-SHIRT DC FITNESS  XL,54.95
987709160,DIE CAST MODEL,8.99
987709331,DUCATI SHIELD SIGN,37.95
987709332,DC SHIELD METAL SIGN,37.95
987709497,DUCATI PARKING,8.45
987709498,DC RACING MAGNET,8.45
987709544,EXPLORER HALF-ZIP,159.95
987710734,DC SPEED FLEECE,159.95
987710924,SWEATSHIRT HERITAGE,144.95
987710954,JARGON  SWEATSHIRT M,129.95
987710964,T-SHIRT JARGON  M,54.95
987710965,T-SHIRT JARGON   L,54.95
987710966,T-SHIRT JARGON  XL,54.95
987711023,T-SHIRT PANIGALE 7G,43.95
987711024,T-SHIRT PANIGALE 7G,43.95
987711025,T-SHIRT PANIGALE 7G,43.95
987711026,T-SHIRT PANIGALE 7G,43.95
987711027,T-SHIRT PANIGALE 7G,43.95
987711054,T-SHIRT SPORT RED MEN���,54.95
987711055,T-SHIRT SPORT RED MEN���,54.95
987711056,T-SHIRT SPORT RED MEN���,54.95
987711064,T-SHIRT SPORT BLACK,54.95
987711065,T-SHIRT SPORT BLACK,54.95
987711066,T-SHIRT SPORT BLACK,54.95
987711300,NE DUCATI FLAG CAP,39
987712044,DUCATIANA GRAY,104.95
987712063,T-SHIRT DUCATIANA 2.0,33.95
987712064,T-SHIRT DUCATIANA 2.0,33.95
987712065,T-SHIRT DUCATIANA 2.0,33.95
987712066,T-SHIRT DUCATIANA 2.0,33.95
987712067,T-SHIRT DUCATIANA 2.0,33.95
987712196,DC LOGO BLACK,5.95
987712203,UMBRELLA DUCATI,33.95
987712310,UMBRELLA DUCATI,33.95
987712350,DIE CAST MODEL,8.99
987712380,WORLD CHAMPIONS 2023,5.95
987712884,REFLEX 3.0 SWEATSHIRT,144.95
987712894,REFLEX 3.0 SWEATSHIRT,144.95
987712950,CAP NE DC CLASSIC RED,48.95
987713154,REPLICA GP25 POLO-,129.95
987713155,REPLICA GP25 POLO-,129.95
987713156,REPLICA GP25 POLO-,129.95
987713164,REPLICA GP25 T-SHIRT M,94.95
987713165,REPLICA GP25 T-SHIRT L,94.95
987713166,REPLICA GP25 T-SHIRT XL,94.95
987713193,REPLICA GP25,169.95
987713230,MY25 ACCESSORIES,76.2
987713271,DC LIVERY  BACKPACK,69.95
987713272,DC LIVERY SLING,64.95
987713273,DC LIVERY  BACKPACK -,26.95
987713514,T-SHIRT MONSTER,52.95
987713515,T-SHIRT MONSTER,52.95
987713516,T-SHIRT MONSTER,52.95
987800014,T-SHIRT DUAL PECCO,64.95
987800015,T-SHIRT DUAL PECCO,64.95
987800016,T-SHIRT DUAL PECCO,64.95
987800200,CAP DUAL PECCO SS25,43.95
987800414,T-SHIRT REPLICA SBK,94.95
987800415,T-SHIRT REPLICA SBK,94.95
987800416,T-SHIRT REPLICA SBK,94.95
987800430,REPLICA SBK SS25 CAP,52.95
987800504,SWEATSHIRT W/HOOD,144.95
987800800,NE GP REPLICA 25 CAP,52.95
987800810,GP REPLICA 25 MM93 CAP,52.95
987800820,GP REPLICA 25 PB63 CAP,52.95
987800830,GP REPLICA MUG-25,52.95
987800840,GP REPLICA MIS-25,52.95
987800970,CAP DUAL MM93 '25,43.95
987800974,T-SHIRT DUAL MM93 '25 M,64.95
987800975,T-SHIRT DUAL MM93 '25 L,64.95
987800976,T-SHIRT DUAL MM93 '25,64.95
987801504,T-SHIRT D CRUISER  M,43.95
987801505,T-SHIRT D CRUISER   L,43.95
987801506,T-SHIRT D CRUISER  XL,43.95
987801900,D-PIQUARDO ROLL,389.95
987801901,D-PIQUARDO ROLL,389.95
987801924,T-SHIRT DC MONSTER,43.95
987801925,T-SHIRT DC MONSTER,43.95
987801926,T-SHIRT DC MONSTER,43.95
987801927,T-SHIRT DC MONSTER,43.95
987801930,DC MONSTER ENERGY,43.95
987803000,DIE CAST MODEL,12.95
987803020,MASTER APPAREL 2026,78
987804544,T-SHIRT DC FITNESS 2.0,51.95
987804545,T-SHIRT DC FITNESS 2.0  L,51.95
987804546,T-SHIRT DC FITNESS 2.0,51.95
987804634,MM93 SPW25 T-SHIRT M,49.95
987804635,MM93 SPW25 T-SHIRT L,49.95
987804636,MM93 SPW25 T-SHIRT XL,49.95
987804637,MM93 SPW25 T-SHIRT XXL,49.95
987804934,CAP NEX DUCATI CORSE,29.95
987805024,T-SHIRT TROY LEE M,74.95
987805025,T-SHIRT TROY LEE L,74.95
987805026,T-SHIRT TROY LEE XL,74.95
987805090,MY26 ACCESSORIES,76.2
987805091,MY26 ACCESSORIES,24.1
987805092,D-PIQUADRO 100-BLACK,349.95
987805093,D-PIQUADRO 100-,349.95
987805094,D-PIQUADRO LOCK RED,319.95
987805095,D-PIQUADRO LOCK BLACK,319.95
987805096,D-PIQUADRO LOCK BLACK,189.95
987805360,MASTER APPAREL 2027,68
987806204,T-SHIRT MOTOGP,49.95
987806205,T-SHIRT MOTOGP,49.95
987806206,T-SHIRT MOTOGP,49.95
988953066,NECKSTAMP CORPORATE,5.95
Supplier Code: DU sub totals (2241 records),,
Supplier Code: DYNA,,
DPP-AL-1243,Dynaplug Pro Aluminum Kit,59.99
Supplier Code: DYNA sub totals (1 record),,
Supplier Code: EME,,
BMCylinder157,Rear Brake Master Cylinder,187.81
BMW-ALT4907R,Remanufactured Alternator,199.99
BMW-STR2,Starter - BMW Oilhead;,129
BMW-STRK040R,Remanufactured Starter -,179
CarbKit902,Bing 40mm CV Carburetor,54.06
FP-576EDL,52mm Fuel Pump - BMW K,129
OF-541OC306,Oil Filter - BMW R Hexhead,12.99
OF-779OC619,"Oil Filter - BMW R Hexhead, ",13.99
OF-,Oil Filter Wrench - FITS 541,9.99
OF-,Oil Filter Wrench - FITS 779,9.99
Supplier Code: EME sub totals (10 records),,
Supplier Code: EPC,,
5031-002-160-000,ADVENTURE GTX SHORT,179.99
Supplier Code: EPC sub totals (1 record),,
Supplier Code: ESX,,
STEBM208,LIGHTECH - FRAME,230
Supplier Code: ESX sub totals (1 record),,
Supplier Code: EX,,
24BMWF22-2XL,Follow No One Headlight T-,31.99
24BMWF22-3XL,Follow No One Headlight T-,32.99
24BMWF22-L,Follow No One Headlight T-,29.99
24BMWF22-M,Follow No One Headlight T-,29.99
24BMWF22-S,Follow No One Headlight T-,29.99
24BMWF22-XL,Follow No One Headlight T-,29.99
29M-DRK-A2XL-GS,TFT DISPLAY GS BLACK,29.99
29M-DRK-A2XL-RR,TFT DISPLAY RR BLACK,29.99
29M-DRK-AM-RR,TFT DISPLAY RR BLACK,0
29M-DRK-AS-GS,TFT DISPLAY GS BLACK,29.99
29M-DRK-AS-RR,TFT DISPLAY RR BLACK,29.99
29M-DRK-AXL-RR,TFT DISPLAY RR BLACK X-,29.99
3001CVC-3XL,Florida R1300GS- Hi-Vis -3,33.99
3001CVC-L,Florida R1300GS- Hi-Vis -L,30.99
3001CVC-M,Florida R1300GS- Hi-Vis -M,30.99
3001CVC-S,Florida R1300GS- Hi-Vis -S,30.99
3001CVC-XL,Florida R1300GS- Hi-Vis -XL,30.99
3001CVC-XXL,Florida R1300GS- Hi-Vis -,31.99
M1045-BIKE_2XL,Bike Black 2XL,32.99
M1045-BIKE_3XL,Bike Black 3XL,33.99
M1045-BIKE_L BL,Bike Black L,30.99
M1045-BIKE_M BL,Bike Black M,30.99
M1045-BIKE_S BL,Bike Black S,30.99
M1045-BIKE_XL BL,Bike Black XL,30.99
M1045-BMW-,BMW MOTORRAD PALM,25.99
M1045-BMW-,BMW MOTORRAD PALM,25.99
M1045-BMW-,BMW MOTORRAD PALM,25.99
M1045-BMW-,BMW MOTORRAD PALM,25.99
M1045-BMW-,BMW MOTORRAD PALM,25.99
M1045-BMW-,BMW MOTORRAD PALM,25.99
M1045-DA_L CH,Define Adventure Charcoal,27.99
M1045-DA_M BL,Define Adventure Black,27.99
M1045-DA_M CH,Define Adventure Charcoal,27.99
M1045-DA_XL BL,Define Adventure Black XL,27.99
M1045-DA_XL CH,Define Adventure Charcoal,27.99
M1045-,Engine Black 2XL,29.99
M1045-,Engine Charcoal 2XL,29.99
M1045-ENGINE_L,Engine Charcoal Large,27.99
M1045-ENGINE_M,Engine Black Medium,27.99
M1045-ENGINE_XL,Engine Black XL,27.99
M1045-FNO_2XL,Follow No One Black 2XL,31.99
M1045-FNO_2XL,Follow No One White 2XL,31.99
M1045-FNO_3XL,Follow No One Black 3XL,32.99
M1045-FNO_3XL,Follow No One White 3XL,32.99
M1045-FNO_L BL,Follow No One Black L,28.99
M1045-FNO_L WH,Follow No One White L,28.99
M1045-FNO_M BL,Follow No One Black M,28.99
M1045-FNO_M WH,Follow No One White M,28.99
M1045-FNO_S BL,Follow No One Black S,28.99
M1045-FNO_S WH,Follow No One White S,28.99
M1045-FNO_XL BL,Follow No One Black XL,28.99
M1045-FNO_XL WH,Follow No One White XL,28.99
M1045-Glow_2XL,Glow White 2XL,31.99
M1045-Glow_3XL,Glow White 3XL,32.99
M1045-Glow_L WH,Glow White Large,29.99
M1045-Glow_M WH,Glow White Medium,29.99
M1045-Glow_S WH,Glow White Small,29.99
M1045-Glow_XL,Glow White XL,29.99
M1045-GS_2XL BL,GS Black 2XL,31.99
M1045-GS_3XL BL,GS Black 3XL,32.99
M1045-GS_L BL,GS Black Large,29.99
M1045-GS_M BL,GS Black Medium,29.99
M1045-GS_S BL,GS Black Small,29.99
M1045-GS_XL BL,GS Black XL,29.99
M1045-IDK_2XL BL,IDK Black 2XL,30.99
M1045-IDK_2XL CH,IDK Charcoal 2XL,30.99
M1045-IDK_2XL NV,IDK Navy 2XL,30.99
M1045-IDK_L BL,IDK Black Large,28.99
M1045-IDK_L CH,IDK Charcoal Large,28.99
M1045-IDK_L NV,IDK Navy Large,28.99
M1045-IDK_M BL,IDK Black Medium,28.99
M1045-IDK_M CH,IDK Charcoal Medium,28.99
M1045-IDK_M NV,IDK Navy Medium,28.99
M1045-IDK_XL BL,IDK Black XL,28.99
M1045-IDK_XL CH,IDK Charcoal XL,28.99
M1045-IDK_XL NV,IDK Navy XL,28.99
M1045-,POWER MOTORCYCLES,25.99
M1045-,POWER MOTORCYCLES,25.99
M1045-,POWER MOTORCYCLES,25.99
M1045-,POWER MOTORCYCLES,25.99
M1045-,POWER MOTORCYCLES,25.99
M1045-,POWER MOTORCYCLES,25.99
M1045-R18_2XL BL,R18 Black 2XL,29.99
M1045-R18_2XL,R18 Charcoal 2XL,29.99
M1045-R18_L BL,R18 Black Large,27.99
M1045-R18_M BL,R18 Black Medium,27.99
M1045-R18_XL BL,R18 Black XL,27.99
M1045-R18_XL CH,R18 Charcoal XL,27.99
M1045-RA_2XL BL,Road Ahead Black 2XL,29.99
M1045-RA_L CH,Road Ahead Charcoal Large,27.99
M1045-RA_M CH,Road Ahead Charcoal M,27.99
M1045-RA_XL BL,Road Ahead Black XL,27.99
M1045-RCC_2XL,Roundel CC Black 2XL,29.99
M1045-RCC_2XL,Roundel CC Charcoal 2XL,29.99
M1045-RCC_L CH,Roundel CC Charcoal Large,27.99
M1045-RCC_M BL,Roundel CC Black Medium,27.99
M1045-RCC_M CH,Roundel CC Charcoal,27.99
M1045-RCC_XL BL,Roundel CC Black XL,27.99
M1045-RFB_2XL BL,Roundel FB Black 2XL,29.99
M1045-RFB_L CH,Roundel FB Charcoal Large,27.99
M1045-RFB_M BL,Roundel FB Black Medium,27.99
M1045-RFB_M CH,Roundel FB Charcoal,27.99
M1045-RFB_XL BL,Roundel FB Black XL,27.99
M1045-RFB_XL CH,Roundel FB Charcoal XL,27.99
M1045-SR_2XL BL,Sibling Rivalry Black 2XL,30.99
M1045-SR_2XL CH,Sibling Rivalry Charcoal 2XL,30.99
M1045-SR_2XL NV,Sibling Rivalry Navy 2XL,30.99
M1045-SR_L BL,Sibling Rivalry Black Large,28.99
M1045-SR_L CH,Sibling Rivalry Charcoal,28.99
M1045-SR_L NV,Sibling Rivalry Navy L,28.99
M1045-SR_M BL,Sibling Rivalry Black Medium,28.99
M1045-SR_M CH,Sibling Rivalry Charcoal,28.99
M1045-SR_M NV,Sibling Rivalry Navy M,28.99
M1045-SR_XL BL,Sibling Rivalry Black XL,28.99
M1045-SR_XL CH,Sibling Rivalry Charcoal XL,28.99
M1045-SR_XL NV,Sibling Rivalry Navy XL,28.99
M1045-STATE_2XL,State Black 2XL,29.99
M1045-STATE_2XL,State Charcoal 2XL,29.99
M1045-STATE_2XL,State Navy 2XL,29.99
M1045-STATE_L BL,State Black Large,27.99
M1045-STATE_L,State Charcoal L,27.99
M1045-STATE_L,State Navy Large,27.99
M1045-STATE_M,State Black Medium,27.99
M1045-STATE_M,State Charcoal Medium,27.99
M1045-STATE_M,State Navy Medium,27.99
M1045-STATE_XL,State Black XL,27.99
M1045-STATE_XL,State Charcoal XL,27.99
M1045-STATE_XL,State Navy XL,27.99
MC1040-2X,Ducati Palm Bay Dealer Shirt,29.99
MC1040-3X,Ducati Palm Bay Dealer Shirt,29.99
MC1040-S,Ducati Palm Bay Dealer Shirt,29.99
MC1040-XL,Ducati Palm Bay Dealer Shirt,29.99
MC1040_L CH,BMW Dealer Shirt Charcoal,29.99
MC1040_L GH,BMW Dealer Shirt Graphite,29.99
MC1040_M CH,BMW Dealer Shirt Charcoal,29.99
MC1040_M GH,BMW Dealer Shirt Graphite,29.99
MC1040_M MH,BMW Dealer Shirt Maroon,29.99
TS317-D-DRK-AS,BMW MOTORRAD R1200,25.99
Supplier Code: EX sub totals (138 records),,
Supplier Code: FIN,,
FIN-4440 4G LTE,"4440 4G/5G, LTE Cat M1, ",699
FIN330A3-TE,FIN GPS Powersports,699
Supplier Code: FIN sub totals (2 records),,
Supplier Code: FMB,,
"12"" Mayhem ape ","12"" Mayhem ape hangers for ",329.99
"Custom"" Mayhem ","Custom"" Mayhem ape ",329.99
Supplier Code: FMB sub totals (2 records),,
"Supplier Code: FMS Solution, LLC",,
FMSA-AMF-SSD-,STALKER DUAL BOLT AMF,79
FMSA-EA-USB2,Fairing USB Outlet w/,45
FMSA-EL-ACP,ACCESSORY  I-III,9.5
FMSA-EL-ADL,ADDITIONAL DUPLEX,399
FMSA-EL-LCP,LAPTOP CHARGER,12
FMSA-EL-RCP,RADAR CONNECTION,9.5
FMSA-EL-RPP,RADIO POWER,10
FMSA-EL-RRPP,RADIO POWER PLUG,45
FMSA-EL-SCP-2A*,PRINTER POWER,12
FMSA-ELM-KA8X,Rear License Plate EL,89
FMSA-GHST-,STALKER RLR LID,319
FMSA-GL-ARM,AR   RIFLE MOUNT,777
FMSA-GL-HS,Rifle Heat Shield,39
FMSA-HA3-TOB,KA3 TIP - OVER  B;OCKS,0
FMSA-KA3-004,SADDLEBAG MOUNTING,15
FMSA-KA3-SBIC,KA3 SADDLEBAG INNER,59
FMSA-KA3=TOB,KA3 TIP OVER BLOCKS,29
FMSA-MT-CPH,FMS CELL PHONE MOUNT,59
FMSA-MT-CPM1,FMS CELL PHONE BALL,13
FMSA-MT-CPM7,"1"" BALL MOUNT W/BOLTS ",24
FMSA-MT-KA3-DSR,STALKER  DSR  DISPLAY,59
FMSA-MT-KA3-,MICROPHONE MOUNT,29
FMSA-MT-KA3-SRD,STALKER LARGE REMOTE,29
FMSA-MT-KA3RML,RIFLE  MOUNTING,79
FMSA-MT-KAST,RADIO ANTENNA MOUNT,42
FMSA-MT-LPMT,LISCENCE PLATE,10.9
FMSA-MT-SCU,STALKER COUNTING UNIT,28
FMSA-NBTA-KA3,NEW  FMS BT  AUDIO,120
FMSA-OM-BCHGR,FMS POLICE MOTORS,155
FMSA-RAM-S-KA3,DUAL BOLT LONG-,59
FMSA-SOS-001,R1300RT-P LIGHTING,"4,995.00"
FMSA-SOS-003,8X SUPPLEMENTARY,158.4
FMSA-SOS-040,4X EMERGENCY LIGHT,160
FMSA-SRMB,RADIO RECEIVER,175
"Supplier Code: FMS Solution, LLC sub totals (34 records)",,
Supplier Code: FRPE,,
AC00209,"FPE 4"" & 4.5"" SLIPONS ",349.95
IN00035,INDIAN CHIEFTAIN /,799.99
IN00178,INDIAN CHIEFTAIN /,"1,699.98"
IN00199,"INDIAN 4.5"" 2-STEP SLIP-",849.99
IN00406,"SHORTY 2-1 4.5"" COMBAT ","1,199.99"
IN00417,INDIAN,839.99
IN00463,"RADICAL RADIUS 2.5"" ","1,199.99"
IN00627,INDIAN 2025-PRESENT,"1,299.99"
IN00676,INDIAN 2025-PRESENT,"1,299.99"
IN00679,INDIAN 2025-PRESENT,"1,299.99"
IN00680,INDIAN 2025-PRESENT,"1,299.99"
Supplier Code: FRPE sub totals (11 records),,
Supplier Code: Fun Center Durango,,
3016-001-004-,ARTEMIS PANT 4,599.99
Supplier Code: Fun Center Durango sub totals (1 record),,
Supplier Code: FUNDY,,
IM38379S-GREY-S,Mens GREY ID Script T-S,29.99
IM45876AZ-YL,INDIAN SCRIPT YOUTH,19.99
IM45876AZ-YM,INDIAN SCRIPT YOUTH,19.99
IM45876AZ-YS,INDIAN SCRIPT YOUTH,19.99
IM45876AZ-YXS,INDIAN SCRIPT YOUTH,19.99
IM45876BK-YL,INDIAN SCRIPT YOUTH,19.99
IM45876BK-YM,INDIAN SCRIPT YOUTH,19.99
IM45876BK-YS,INDIAN SCRIPT YOUTH,19.99
IM45876BK-YXL,INDIAN SCRIPT YOUTH,19.99
IM45876BK-YXS,INDIAN SCRIPT YOUTH,19.99
IM45876HTHRD-YL,INDIAN SCRIPT YOUTH,19.99
IM45876HTHRD-YM,INDIAN SCRIPT YOUTH,19.99
IM45876HTHRD-YS,INDIAN SCRIPT YOUTH,19.99
IM45876HTHRD-,INDIAN SCRIPT YOUTH,19.99
IM45876HTHRD-,INDIAN SCRIPT YOUTH,19.99
IM45876SG-YL,INDIAN SCRIPT YOUTH,19.99
IM45876SG-YM,INDIAN SCRIPT YOUTH,19.99
IM45876SG-YS,INDIAN SCRIPT YOUTH,19.99
IM45876SG-YXL,INDIAN SCRIPT YOUTH,19.99
IM45876SG-YXS,INDIAN SCRIPT YOUTH,19.99
IM48054DH-L,Indian The Legendary - Dark,29.99
IM48054DH-S,Indian The Legendary - Dark,29.99
IM48054DR-M,Indian The Legendary - Dark,29.99
IM48054DR-S,Indian The Legendary - Dark,29.99
IM50822-BL-2X,MENS BLACK INDIAN,29.99
IM50854-BL-2X,MENS BLACK INDIAN,29.99
IM50854-BL-3X,MENS BLACK INDIAN,29.99
IM50854-BL-L,MENS BLACK INDIAN,29.99
IM50854-BL-M,MENS BLACK INDIAN,29.99
IM50854-BL-S,MENS BLACK INDIAN,29.99
IM50854-BL-XL,MENS BLACK INDIAN,29.99
IM50854LS-AH-S,MENS ATH HEATHER,39.99
IM50854LS-BL-2X,MENS BLACK INDIAN,39.99
IM50854LS-BL-3X,MENS BLACK INDIAN,39.99
IM50854LS-BL-L,MENS BLACK INDIAN,39.99
IM50854LS-BL-M,MENS BLACK INDIAN,39.99
IM50854LS-BL-S,MENS BLACK INDIAN,39.99
IM50854LS-BL-XL,MENS BLACK INDIAN,39.99
IM51178-HN-S,MENS HEATHER NAVY,29.99
IM51178DR-M,MENS DARK RED,29.99
IM51365-HC-M,LADIES HEATHER,29.99
IM51420B-M,MEN'S BAGGER RACING,29.99
IM51421-BL-2X,MENS BLACK IM BLOCK,29.99
IM51421-BL-3X,MENS BLACK IM BLOCK,29.99
IM51421-BL-L,MENS BLACK IM BLOCK,29.99
IM51421-BL-M,MENS BLACK IM BLOCK,29.99
IM51421-BL-S,MENS BLACK IM BLOCK,29.99
IM51421-BL-XL,MENS BLACK IM BLOCK,29.99
IM51421-DH-2X,MENS DARK HEATHER IM,29.99
IM51421-DH-3X,MENS DARK HEATHER IM,29.99
IM51421-DH-L,MENS DARK HEATHER IM,29.99
IM51421-DH-M,MENS DARK HEATHER IM,29.99
IM51421-DH-S,MENS DARK HEATHER IM,29.99
IM51421-DH-XL,MENS DARK HEATHER IM,29.99
IM51421-WH-2X,MENS WHITE IM BLOCK,29.99
IM51421-WH-3X,MENS WHITE IM BLOCK,29.99
IM51421-WH-L,MENS WHITE IM BLOCK,29.99
IM51421-WH-M,MENS WHITE IM BLOCK,29.99
IM51421-WH-S,MENS WHITE IM BLOCK,29.99
IM51421-WH-XL,MENS WHITE IM BLOCK,29.99
IM51422-BL-2XL,LADIES BLACK INDIAN,29.99
IM51422-BL-L,LADIES BLACK INDIAN,29.99
IM51422-BL-M,LADIES BLACK INDIAN,29.99
IM51422-BL-S,LADIES BLACK INDIAN,29.99
IM51422-BL-XL,LADIES BLACK INDIAN,29.99
IM56005BK-L,MEN'S VINTAGE ARC -,29.99
IM56005BK-M,MEN'S VINTAGE ARC -,29.99
IM56005BK-XL,MEN'S VINTAGE ARC -,29.99
IM56005BK-XXL,MEN'S VINTAGE ARC -,29.99
IM56005BK-XXXL,MEN'S VINTAGE ARC -,29.99
IM56005CR-2XL,MEN'S VINTAGE ARC -,29.99
IM56005CR-3XL,MEN'S VINTAGE ARC -,29.99
IM56005CR-L,MEN'S VINTAGE ARC -,29.99
IM56005CR-M,MEN'S VINTAGE ARC -,29.99
IM56005CR-S,MEN'S VINTAGE ARC -,29.99
IM56005CR-XL,MEN'S VINTAGE ARC -,29.99
IM56005GB-2XL,MEN'S VINTAGE ARC BB,32.99
IM56005GB-L,MEN'S VINTAGE ARC BB,32.99
IM56005GB-M,MEN'S VINTAGE ARC BB,32.99
IM56005GB-S,MEN'S VINTAGE ARC BB,32.99
IM56005GB-XL,MEN'S VINTAGE ARC BB,32.99
IM56005L-SG-L,MEN'S LONG SLEEVE,29.99
IM56005L-SG-M,MEN'S LONG SLEEVE,29.99
IM56005L-SG-XL,MEN'S LONG SLEEVE,29.99
IM56005L-SG-XXL,MEN'S LONG SLEEVE,29.99
IM56005L-SG-XXXL,MEN'S LONG SLEEVE,29.99
IM56005LG-2XL,MEN'S VINTAGE ARC -,29.99
IM56005LG-3XL,MEN'S VINTAGE ARC -,29.99
IM56005LG-L,MEN'S VINTAGE ARC -,29.99
IM56005LG-M,MEN'S VINTAGE ARC -,29.99
IM56005LG-S,MEN'S VINTAGE ARC -,29.99
IM56005LG-XL,MEN'S VINTAGE ARC -,29.99
IM56057BL-L,MEN'S LONG SLEEVE,39.99
IM56057BL-M,MEN'S LONG SLEEVE,39.99
IM56057BL-S,MEN'S LONG SLEEVE,39.99
IM56057SG-2XL,MEN'S LONG SLEEVE,39.99
IM56057SG-3XL,MEN'S LONG SLEEVE,39.99
IM56057SG-L,MEN'S LONG SLEEVE,39.99
IM56057SG-M,MEN'S LONG SLEEVE,39.99
IM56057SG-S,MEN'S LONG SLEEVE,39.99
IM56057SG-XL,MEN'S LONG SLEEVE,39.99
IM56149BL-2XL,MEN'S HEADDRESS-,29.99
IM56149BL-3XL,MEN'S HEADDRESS-,29.99
IM56149BL-L,MEN'S HEADDRESS-,29.99
IM56149BL-M,MEN'S HEADDRESS-,29.99
IM56149BL-XL,MEN'S HEADDRESS-,29.99
IM56193BL-2XL,LADIES BLOCK V-NECK-,29.99
IM56193BL-L,LADIES BLOCK V-NECK-,29.99
IM56193BL-M,LADIES BLOCK V-NECK-,29.99
IM56193BL-S,LADIES BLOCK V-NECK-,29.99
IM56193BL-XL,LADIES BLOCK V-NECK-,29.99
IM56193HG-2XL,LADIES BLOCK V-NECK-,29.99
IM56193HG-L,LADIES BLOCK V-NECK-,29.99
IM56193HG-M,LADIES BLOCK V-NECK-,29.99
IM56193HG-S,LADIES BLOCK V-NECK-,29.99
IM56193HG-XL,LADIES BLOCK V-NECK-,29.99
IM56196-BL-L,LADIES VINTAGE ARC,29.99
IM56196-BL-M,LADIES VINTAGE ARC,29.99
IM56196-BL-S,LADIES VINTAGE ARC,29.99
IM56196-BL-XL,LADIES VINTAGE ARC,29.99
IM56196-BL-XXL,LADIES VINTAGE ARC,29.99
IM56196HC-L,LADIES VINTAGE ARC,29.99
IM56196HC-M,LADIES VINTAGE ARC,29.99
IM56196HC-S,LADIES VINTAGE ARC,29.99
IM56196HC-XL,LADIES VINTAGE ARC,29.99
IM56196HC-XXL,LADIES VINTAGE ARC,29.99
IM56197SG-2XL,MEN'S COIN HISTORY 22-,29.99
IM56197SG-3XL,MEN'S COIN HISTORY 22-,29.99
IM56197SG-S,MEN'S COIN HISTORY 22-,29.99
IM59571-LG-L,MEN'S VINTAGE CLASSIC,29.99
IM59571-LG-M,MEN'S VINTAGE CLASSIC,29.99
IM59571-LG-XL,MEN'S VINTAGE CLASSIC,29.99
IM59571-LG-XXL,MEN'S VINTAGE CLASSIC,29.99
IM59571-LG-XXXL,MEN'S VINTAGE CLASSIC,29.99
IM59571-SG-L,MEN'S VINTAGE CLASSIC,29.99
IM59571-SG-M,MEN'S VINTAGE CLASSIC,29.99
IM59571-SG-XL,MEN'S VINTAGE CLASSIC,29.99
IM59571-SG-XXL,MEN'S VINTAGE CLASSIC,29.99
IM59571-SG-XXXL,MEN'S VINTAGE CLASSIC,29.99
IM59572-DH-L,MEN'S IM CONCAVE,29.99
IM59572-DH-M,MEN'S IM CONCAVE,29.99
IM59572-DH-XL,MEN'S IM CONCAVE,29.99
IM59572-DH-XXL,MEN'S IM CONCAVE,29.99
IM59572-DH-XXXL,MEN'S IM CONCAVE,29.99
IM59574-HG-L,LADIES IM HEADDRESS,29.99
IM59574-HG-M,LADIES IM HEADDRESS,29.99
IM59574-HG-S,LADIES IM HEADDRESS,29.99
IM59574-HG-XL,LADIES IM HEADDRESS,29.99
IM59574-HG-XXL,LADIES IM HEADDRESS,29.99
IM59580-DH-L,MEN'S IM RETRO QUALITY,29.99
IM59580-DH-M,MEN'S IM RETRO QUALITY,29.99
IM59580-DH-XL,MEN'S IM RETRO QUALITY,29.99
IM59580-DH-XXL,MEN'S IM RETRO QUALITY,29.99
IM59580-DH-XXXL,MEN'S IM RETRO QUALITY,29.99
IM59580-WH-L,MEN'S IM RETRO QUALITY,29.99
IM59580-WH-M,MEN'S IM RETRO QUALITY,29.99
IM59580-WH-XL,MEN'S IM RETRO QUALITY,29.99
IM59580-WH-XXL,MEN'S IM RETRO QUALITY,29.99
IM59580-WH-XXXL,MEN'S IM RETRO QUALITY,29.99
IM64980-HR-L,LADIES RETRO QUALITY-,29.99
IM64980-HR-M,LADIES RETRO QUALITY-,29.99
IM64980-HR-S,LADIES RETRO QUALITY-,29.99
IM64980-HR-XL,LADIES RETRO QUALITY-,29.99
IM64980-HR-XXL,LADIES RETRO QUALITY-,29.99
IM65105-CR-L,MENS CARDINAL RED,29.99
IM65105-CR-M,MENS CARDINAL RED,29.99
IM65105-CR-XL,MENS CARDINAL RED,29.99
IM65105-CR-XXL,MENS CARDINAL RED,29.99
IM65105-CR-XXXL,MENS CARDINAL RED,29.99
IM65105-DH-L,MENS DARK HEATHER,29.99
IM65105-DH-M,MENS DARK HEATHER,29.99
IM65105-DH-XL,MENS DARK HEATHER,29.99
IM65105-DH-XXL,MENS DARK HEATHER,29.99
IM65105-DH-XXXL,MENS DARK HEATHER,29.99
IM69353BL-L,MENS DIAMOND BLOCK,29.99
IM69353BL-M,MENS DIAMOND BLOCK,29.99
IM69353BL-S,MENS DIAMOND BLOCK,29.99
IM69353BL-XL,MENS DIAMOND BLOCK,29.99
IM69353BL-XXL,MENS DIAMOND BLOCK,29.99
IM69353BL-XXXL,MENS DIAMOND BLOCK,29.99
IM69353DH-L,MENS DIAMOND BLOCK,29.99
IM69353DH-M,MENS DIAMOND BLOCK,29.99
IM69353DH-S,MENS DIAMOND BLOCK,29.99
IM69353DH-XL,MENS DIAMOND BLOCK,29.99
IM69353DH-XXL,MENS DIAMOND BLOCK,29.99
IM69353DH-XXXL,MENS DIAMOND BLOCK,29.99
IM69354BL-L,MENS HEADDRESS IMC,29.99
IM69354BL-M,MENS HEADDRESS IMC,29.99
IM69354BL-S,MENS HEADDRESS IMC,29.99
IM69354BL-XL,MENS HEADDRESS IMC,29.99
IM69354BL-XXL,MENS HEADDRESS IMC,29.99
IM69354BL-XXXL,MENS HEADDRESS IMC,29.99
IM69354CR-L,MENS HEADDRESS IMC,29.99
IM69354CR-M,MENS HEADDRESS IMC,29.99
IM69354CR-S,MENS HEADDRESS IMC,29.99
IM69354CR-XL,MENS HEADDRESS IMC,29.99
IM69354CR-XXL,MENS HEADDRESS IMC,29.99
IM69354CR-XXXL,MENS HEADDRESS IMC,29.99
IM69354SG-L,MENS HEADDRESS IMC,29.99
IM69354SG-M,MENS HEADDRESS IMC,29.99
IM69354SG-S,MENS HEADDRESS IMC,29.99
IM69354SG-XL,MENS HEADDRESS IMC,29.99
IM69354SG-XXL,MENS HEADDRESS IMC,29.99
IM69354SG-XXXL,MENS HEADDRESS IMC,29.99
IM69355MG-L,MENS IM BLOCK,29.99
IM69355MG-M,MENS IM BLOCK,29.99
IM69355MG-S,MENS IM BLOCK,29.99
IM69355MG-XL,MENS IM BLOCK,29.99
IM69355MG-XXL,MENS IM BLOCK,29.99
IM69355MG-XXXL,MENS IM BLOCK,29.99
IM69436BL-L,MENS 1901 AMFC - BLACK,29.99
IM69436BL-M,MENS 1901 AMFC - BLACK,29.99
IM69436BL-S,MENS 1901 AMFC - BLACK,29.99
IM69436BL-XL,MENS 1901 AMFC - BLACK,29.99
IM69436BL-XXL,MENS 1901 AMFC - BLACK,29.99
IM69436BL-XXXL,MENS 1901 AMFC - BLACK,29.99
IM69436SG-L,MENS 1901 AMFC - SPORT,29.99
IM69436SG-M,MENS 1901 AMFC - SPORT,29.99
IM69436SG-S,MENS 1901 AMFC - SPORT,29.99
IM69436SG-XL,MENS 1901 AMFC - SPORT,29.99
IM69436SG-XXL,MENS 1901 AMFC - SPORT,29.99
IM69436SG-XXXL,MENS 1901 AMFC - SPORT,29.99
IM70004 -L,LADIES  1901 AMFC -,29.99
IM70004 -M,LADIES  1901 AMFC -,29.99
IM70004 -S,LADIES  1901 AMFC -,29.99
IM70004 -XL,LADIES  1901 AMFC -,29.99
IM70004 -XXL,LADIES  1901 AMFC -,29.99
IM70004 -XXXL,LADIES  1901 AMFC -,0
IM75252BK-L,MENS FULL COLOR,29.99
IM75252BK-M,MENS FULL COLOR,29.99
IM75252BK-S,MENS FULL COLOR,29.99
IM75252BK-XL,MENS FULL COLOR,29.99
IM75252BK-XXL,MENS FULL COLOR,29.99
IM75252BK-XXXL,MENS FULL COLOR,29.99
IMRG OP PACK,IMRG Officer Patches Pack,129.99
IMRG OP SINGLE,IMRG OFFICER PATCHES,9.99
IMRG-CUSTOM35,HTHR/CHAR IMRG,29.99
IMRG-CUSTOM35,HTHR/CHAR IMRG,29.99
IMRG-CUSTOM35,HTHR/CHAR IMRG,28.99
PCD01B,FOILED EMBOSSED CLAY,1.86
PCD01G,FOILED EMBOSSED CLAY,1.86
PCD01R,FOILED EMBOSSED CLAY,1.86
Supplier Code: FUNDY sub totals (242 records),,
Supplier Code: GERB,,
GER-7V-2200-1P,Gerbing 7V 2200mAh,39.99
GER-CV-7V-B-3XL-,Gerbing 7V Circulatory,399.99
GER-CV-7V-B-M-L,Gerbing 7V Circulatory,399.99
GER-CV-7V-B-XL-,Gerbing 7V Circulatory,399.99
GER-CV-7V-B-XS-S,Gerbing 7V Circulatory,399.99
Supplier Code: GERB sub totals (5 records),,
Supplier Code: Givi,,
E455NA,E455NA 45LTR,199
E95S,BACK REST PAD FOR V45,83
M5M,M5M MONOLOCK PLATE,68
SR5136,SR5136 SPECIFIC REAR,76
V45NA,45LTR MONOKEY BLACK,395
Supplier Code: Givi sub totals (5 records),,
Supplier Code: HH,,
01-211,RJ-PLAT/JWING,39.99
101010905,RF-1400 WHITE MED,679.99
101010906,RF-1400 WHITE LRG,679.99
101010907,RF-1400 WHITE XLG,679.99
101013206,RF-1400 MATTE BLUE MET,679.99
101013504,RF-1400 MATTE BLACK,679.99
101013505,RF-1400 MATTE BLACK,679.99
101013506,RF-1400 MATTE BLACK,679.99
101013507,RF-1400 MATTE BLACK,679.99
101013508,RF-1400 MATTE BLACK,679.99
101014706,RF-1400 BASALT GREY,649.99
101101006,RF-1400 PROLOGUE TC-10,679.99
101101007,RF-1400 PROLOGUE TC-10,679.99
101160506,RF-1400 DEDICATED 2 TC-,779.99
101170107,RF-1400 FORTRESS TC-1,779.99
101210505,RF-1400 IDEOGRAPH TC-5,779.99
101210506,RF-1400 IDEOGRAPH TC-5,779.99
101210507,RF-1400 IDEOGRAPH TC-5,779.99
101210606,RF-1400 IDEOGRAPH TC-6,779.99
101240506,RF-1400 ORIGAMI TC-5,779.99
101251006,RF-1400 DIGGIA TC-10,829.99
101280106,RF-1400 CAPRICCIO TC-1,779.99
101280406,RF-1400 CAPRICCIO TC-4,779.99
101280407,RF-1400 CAPRICCIO TC-4,779.99
101281006,RF-1400 CAPRICCIO TC-10,779.99
101281106,RF-1400 CAPRICCIO TC-11,779.99
101300106,RF-1400 SHEEN TC-1 LRG,779.99
101300107,RF-1400 SHEEN TC-1 XLG,779.99
101310206,RF-1400 SHEEN TC-2 LRG,779.99
101330104,RF-1400 BEAUT TC-1 SML,779.99
101330106,RF-1400 BEAUT TC-1 LRG,779.99
101340506,RF-1400 KNEE DOWN TC-5,779.99
105010503,X-15 BLACK XSM,979.99
105010505,X-15 BLACK MED,979.99
105010506,X-15 BLACK LRG,979.99
105010507,X-15 BLACK XLG,979.99
105013505,X-15 MATTE BLACK MED,999.99
105110106,X-15 ESCALATE TC-1 LRG,"1,099.99"
105110107,X-15 ESCALATE TC-1 XLG,"1,099.99"
105111006,X-15 ESCALATE TC-10,"1,099.99"
105121006,X-15 PROXY TC-10 LRG,"1,099.99"
105161006,X-15 MRQZ BARCELONA,"1,099.99"
105171005,X-15 MRQZ MOTEGI4 TC-1,"1,099.99"
105171006,X-15 MRQZ MOTEGI4 TC-1,"1,099.99"
105171007,X-15 MRQZ MOTEGI4 TC-1,"1,099.99"
105180505,X-15 CROSS LOGO TC-5,"1,099.99"
105180506,X-15 CROSS LOGO TC-5,"1,099.99"
105190206,X-15 MARQ THAI TC-2 LRG,"1,149.99"
105250205,X-15 GARDNER TC-2 MED,"1,149.99"
105250206,X-15 GARDNER TC-2 LRG,"1,149.99"
105270105,X-15 VALION TC-1 MED,"1,099.99"
105290105,X-15 MARQUEZ9 TC-1 MED,"1,199.99"
105290106,X-15 MARQUEZ9 TC-1 LRG,"1,199.99"
105290107,X-15 MARQUEZ9 TC-1 XLG,"1,199.99"
107010906,RF-SR WHITE LRG,499.99
107013505,RF-SR MATTE BLACK MED,499.99
107013506,RF-SR MATTE BLACK LRG,499.99
107013507,RF-SR MATTE BLACK XLG,499.99
107013508,RF-SR MATTE BLACK XXL,499.99
107014707,RF-SR BASALT GREY XLG,499.99
116010504,NEOTEC II BLACK SML,799.99
116010505,NEOTEC II BLACK MED,799.99
116010506,NEOTEC II BLACK LRG,799.99
116010507,NEOTEC II BLACK XLG,799.99
116010905,NEOTEC II WHITE MED,799.99
116010906,NEOTEC II WHITE LRG,799.99
116010907,NEOTEC II WHITE XLG,799.99
116013505,NEOTEC II MATTE BLACK,799.99
116013506,NEOTEC II MATTE BLACK,799.99
116013507,NEOTEC II MATTE BLACK,799.99
116013706,NEOTEC II MATTE DEEP,799.99
119010506,GT-AIR II BLACK LRG,699.99
119010905,GT-AIR II WHITE MED,699.99
119010906,GT-AIR II WHITE LRG,699.99
119010907,GT-AIR II WHITE XLG,699.99
119010908,GT-AIR II WHITE XXL,699.99
119013206,GT-AIR II MATTE BLUE,699.99
119013504,GT-AIR II MATTE BLACK,699.99
119013505,GT-AIR II MATTE BLACK,699.99
119013506,GT-AIR II MATTE BLACK,699.99
119013507,GT-AIR II MATTE BLACK,699.99
119013508,GT-AIR II MATTE BLACK,699.99
120010503,NEOTEC 3 BLACK XSM,949.99
120010505,NEOTEC 3 BLACK MED,949.99
120010506,NEOTEC 3 BLACK LRG,949.99
120010705,NEOTEC 3 LT SILVER MED,949.99
120010706,NEOTEC 3 LT SILVER LRG,949.99
120010903,NEOTEC 3 WHITE XSM,949.99
120010904,NEOTEC 3 WHITE SML,949.99
120010905,NEOTEC 3 WHITE MED,949.99
120010906,NEOTEC 3 WHITE LRG,949.99
120010907,NEOTEC 3 WHITE XLG,949.99
120010908,NEOTEC 3 WHITE 2XL,949.99
120011706,NEOTEC 3 ANTHRACITE,949.99
120011707,NEOTEC 3 ANTHRACITE,949.99
120013204,NEOTEC 3 MATTE BLUE,949.99
120013205,NEOTEC 3 MATTE BLUE,949.99
120013206,NEOTEC 3 MATTE BLUE,949.99
120013504,NEOTEC 3 MATTE BLACK,949.99
120013505,NEOTEC 3 MATTE BLACK,949.99
120013506,NEOTEC 3 MATTE BLACK,949.99
120013706,NEOTEC 3 MATTE DEEP,949.99
120013707,NEOTEC 3 MATTE DEEP,949.99
120110306,NEOTEC 3 SATORI TC-6,"1,049.99"
120120106,NEOTEC 3 GRASP TC-1,"1,049.99"
120120306,NEOTEC 3 GRASP TC-3,"1,049.99"
120120506,NEOTEC 3 GRASP TC-5,"1,049.99"
120121005,NEOTEC 3 GRASP TC-10,"1,049.99"
120121006,NEOTEC 3 GRASP TC-10,"1,049.99"
120121007,NEOTEC 3 GRASP TC-10,"1,049.99"
120130506,NEOTEC 3 ANTHEM TC-5,"1,049.99"
120130806,NEOTEC 3 ANTHEM TC-8,"1,049.99"
120131004,NEOTEC 3 ANTHEM TC-10,"1,049.99"
120131005,NEOTEC 3 ANTHEM TC-10,"1,049.99"
120131006,NEOTEC 3 ANTHEM TC-10,"1,049.99"
120140207,NEOTEC 3 FRAGMENTS,"1,049.99"
121010906,GT-AIR 3 WHITE LRG,779.99
121013504,GT-AIR 3 MATTE BLACK,779.99
121013505,GT-AIR 3 MATTE BLACK,779.99
121013506,GT-AIR 3 MATTE BLACK,779.99
121013507,GT-AIR 3 MATTE BLACK,779.99
121100207,GT-AIR 3 DISCIPLINE TC-2,879.99
121110805,GT-AIR 3 HIKE TC-8 MED,879.99
121111005,GT-AIR 3 HIKE TC-10 MED,879.99
121111006,GT-AIR 3 HIKE TC-10 LRG,879.99
121111105,GT-AIR 3 HIKE TC-11 MED,879.99
121140104,GT-AIR 3 REALM TC-1 SML,879.99
121140106,GT-AIR 3 REALM TC-1 LRG,879.99
121140107,GT-AIR 3 REALM TC-1 XLG,879.99
121141006,GT-AIR 3 REALM TC-10,879.99
121141007,GT-AIR 3 REALM TC-10,879.99
121161006,GT-AIR 3 LILT TC-10 LRG,879.99
121170206,GT-AIR 3 MIKE TC-2 LRG,879.99
121170207,GT-AIR 3 MIKE TC-2 XLG,879.99
124010906,HORNET X2 WHITE LRG,699.99
124013506,HORNET X2 MATTE BLACK,719.99
124013706,HORNET X2 DEEP MATTE,719.99
124141005,HORNET X2 INVIGORATE,819.99
124141006,HORNET X2 INVIGORATE,819.99
124141007,HORNET X2 INVIGORATE,819.99
132010505,J-CRUISE II BLACK MED,619.99
132010506,J-CRUISE II BLACK LRG,619.99
132010507,J-CRUISE II BLACK XLG,579.99
132010904,J-CRUISE II WHITE SML,619.99
132010905,J-CRUISE II WHITE MED,619.99
132010906,J-CRUISE II WHITE LRG,619.99
132010907,J-CRUISE II WHITE XLG,579.99
132010908,J-CRUISE II WHITE XXL,619.99
132011708,J-CRUISE II ANTHRACITE,619.99
133010905,J-CRUISE 3 WHITE MED,699.99
133010906,J-CRUISE 3 WHITE LRG,699.99
133010907,J-CRUISE 3 WHITE XLG,699.99
133013206,J-CRUISE 3 MT BLUE MET,699.99
133013506,J-CRUISE 3 MT BLACK,699.99
133014706,J-CRUISE 3 BASALT GREY,699.99
133014707,J-CRUISE 3 BASALT GREY,699.99
133017704,J-CRUISE 3 CHALK GREY,699.99
133017706,J-CRUISE 3 CHALK GREY,699.99
201400539,RF-1400 CHEEK PAD SET,64.99
201940200,CWR-F2 SPECTRA SHIELD,129.99
201940500,CWR-F2 SHIELD DARK,86.99
201940700,CWR-F2 SPECTRA SHIELD,129.99
201941300,CWR-F2 SPECTRA SHIELD,129.99
201941500,CWR-F2 SHIELD LIGHT,89.99
201941600,CWR-F2 SPECTRA SHLD,129.99
201942500,CWR-F2 SHIELD MELLOW,74.99
201975500,CWR-F2 PHOTOCHROMIC,229.99
201980000,CWR-F2/R PINLOCK EVO,37.99
201990000,SHOEI UNIVERSAL COM,21.99
204400535,TYPE-I CHEEKPAD 35,64.99
204400539,TYPE-I CHEEKPAD 39,64.99
204420504,TYPE-I CENTER PAD SML,79.99
204420506,TYPE-I CENTER PAD LRG,79.99
204490609,TYPE-I NECK PAD L9,29.99
205400539,X-15 TY-P CHEEK PAD SET,83.99
205500206,X-15 TYPE-P ADJ PAD,12.99
207400539,RF-SR CHEEK PAD 39MM,59.99
207420417,RF-SR TYPE-K CENTER,53.99
209251306,RF1400 2025 CENTER PAD,49.99
209380505,RF-1200 CHIN STRAP CVR,12.99
209400535,RF-1200 CHEEK PAD SET,59.99
209420506,RF-1200 CENTER PAD L9,53.99
209940000,CWR-1 CLEAR SHIELD,74.99
209940200,CWR-1 SPECTRA SHIELD,119.99
209940500,CWR-1 SHIELD DARK,74.99
209941300,CWR-1 SPECTRA SHIELD,118.99
209941600,CWR-1 SPECTRA SHLD,107.99
209942500,CWR-1 MELLOW SMOKE,74.99
209975500,CWR-1 PHOTOCHROMIC,229.99
209980000,PINLOCK EVO LNS,37.99
213420506,RF-1100 CENTER PAD L9,39.99
216400535,NEOTEC 2 TYPELB,64.99
216400539,NEOTEC 2 TYPELB,64.99
216420506,NEOTEC 2 CENTERPAD L9,59.99
216420507,NEOTEC 2 CENTERPAD,59.99
216430506,NEOTEC 2 CENTERPAD L5,59.99
216440504,NEOTEC 2 CENTERPAD,59.99
216910500,CNS-3 PINLOCK SHIELD,74.99
216910700,CNS-3 PINLOCK SHIELD,129.99
216912500,CNS-3 PINLOCK SHIELD,74.99
217910000,CNS-1 PINLOCK SHIELD,74.99
217910200,CNS-1 PINLOCK SHIELD,119.99
217910500,CNS-1 PINLOCK SHIELD,74.99
217912500,CNS-1 PINLOCK SHIELD,74.99
218400539,GT-AIR CHEEK PAD SET,74.99
218420506,GT-AIR CENTER PAD L9,54.99
219400543,GT-AIR II CHEEK PAD SET,70.99
219420505,GT-AIR II CENTERPAD M9,64.99
219420507,GT-AIR II CENTERPAD XL9,64.99
219440505,GT-AIR II CENTERPAD M13,64.99
219440507,GT-AIR II CENTERPAD,64.99
220380602,MICRO RATCHET RUBBER,5.99
220380603,MICRO RATCHET RUBBER,5.99
220400439,NEOTEC3QL LTHRISO,80.99
220400639,NEOTEC3Q NO ISO,80.99
220430505,NEOTEC 3 CENTERPAD,80.99
220500200,NEOTEC 3 TYPE-P ADJ,5.99
220530500,SRL 3 ADAPTER,37.99
220910500,CNS-3C PIN SHIELD DRK,97.99
220912500,CNS-3C PIN SHIELD MEL,97.99
221910200,CNS-1C PINLOCK  BLUE,169.99
221910500,CNS-1C PIN SHIELD DRK,74.99
221911600,CNS-1C PINLOCK FIRE,169.99
221912500,CNS-1C PIN SHIELD MEL,74.99
230600109,V-440 VISOR WHITE,39.99
230940000,CJ-2SP SHIELD CLEAR,89.99
232400535,J-CRUISE 2 CHEEKPAD,74.99
232400539,J-CRUISE 2 CHEEKPAD,74.99
291050500,SHOEI HELMET RACING,159.99
412010500,SHOEI BACKPACK 2.0,119.99
501000001,SENA SRL1,299
501000002,SENA SRL2,299
501000003,SENA SRL3,399
502000001,SENA SRL MESH COMMS,399
502000002,SENA SRL-EXT COMMS,329
750135000,SMART HJC 50B UNIT,349.99
804209905,RPHA 70 ST CARBON MED,579.99
804209906,RPHA 70 ST CARBON LRG,579.99
804209907,RPHA 70 ST CARBON XLG,579.99
805123804,RPHA 71 PINNA MC-8SF,549.99
827010905,RPHA 91 WHITE MED,589.99
827010907,RPHA 91 WHITE XLG,589.99
827111007,RPHA 91 COMBUST MC-10,709.99
848013207,I 91 SF MET BLUE XLG,279.99
848122105,I 91 TRICUS MC-21SF MED,309.99
849119904,RPHA 71 CARBON SML,629.99
849119905,RPHA 71 CARBON MED,629.99
849119906,RPHA 71 CARBON LRG,629.99
849119907,RPHA 71 CARBON XLG,629.99
849133606,RPHA 71 CARB MC-6HSF,699.99
850119805,RPHA 91 MATTE CARBON,689.99
850119905,RPHA 91 CARBON MED,689.99
850119906,RPHA 91 CARBON LRG,689.99
850119907,RPHA 91 CARBON XLG,689.99
850120507,RPHA 91 C NOELA MC-5,819.99
853130804,F 71 ELIZ MC-8 SML,439.99
854018706,I 80 NARDO GREY LRG,289.99
854102106,I 80 ROKI MC-21 LRG,319.99
854104705,I 80 ROKI MC-47SF MED,319.99
854110707,I 80 VELLY MC-7 XLG,319.99
855010907,RPHA 60 WHITE XLG,539.99
855100105,RPHA 60 DAKAR MC-1,589.99
855102106,RPHA 60 DAKAR MC-21,589.99
855103307,RPHA 60 DAKAR MC-3HSF,589.99
869010906,F 100 WHITE LRG,429.99
869029905,F 100 CARBON MED,489.99
869029906,F 100 CARBON LRG,489.99
869029907,F 100 CARBON XLG,489.99
869093306,F 100 CARBON STAN,529.99
908900500,HJ-V9 VISR DKSMK WITH,24.99
940940000,HJ-17 PINLOCK SHIELD,29.99
941940500,HJ-17 PINLOCK SHIELD,29.99
943930000,HJ-33 PINLOCK LENS,34.99
948400509,C 91 LINER  3XL 12MM,21.99
948400510,C 91 LINER  4XL 9MM,21.99
975940200,HJ-31 PINLOCK SHIELD,54.99
975940700,HJ-31 PINLOCK SHIELD,54.99
1400000100,40MM SPEAKERS,59.95
1400000200,SPEAKERS 45MM HD SET,109.95
1400000500,PACKTALK SHOEI,21.95
1400001500,PACKTALK SHOEI,21.95
1403000400,PT EDGE 2ND HELMET KIT,139.95
1403000800,PT EDGE HALF HELMET,74.95
1403010101,PACKTALK EDGE - SINGLE,439.95
1403010401,PACKTALK NEO SINGLE,359.95
1403020502,PACKTALK EDGE - DUO,799.95
1403020702,PACKTALK NEO DUO,669.95
1403030100,PACKTALK PRO SINGLE,499.95
1403030200,PACKTALK PRO DUO,919.95
1405000100,CARDO REFRESHMENT,21.95
1501000100,PT PRO/EDGE/NEO,12.95
1502000100,PT PRO/EDGE CRADLE,29.95
1511000100,CARDO PACKTALK-S,419.95
1511000200,CARDO 4X-S SHOEI,299.95
2102000545,ADVENTURE 2 GORE BT,449.99
2102000746,ADVENTURE 2 GORE BT,449.99
2102001439,ADVENTURE 2 GORE BT,449.99
2102001444,ADVENTURE 2 GORE BT,449.99
2103000443,MID ADV 2 GORE BOOT,379.99
2103000448,MID ADV 2 GORE BOOT,379.99
2103000449,MID ADV 2 GORE BOOT,379.99
2103000543,MID ADV 2 GORE BT,379.99
2103000544,MID ADV 2 GORE BT,379.99
2103000545,MID ADV 2 GORE BT,379.99
2103001443,MID ADV 2 GORE BT TBCO,379.99
2103001444,MID ADV 2 GORE BT TBCO,379.99
2103001446,MID ADV 2 GORE BT TBCO,379.99
4030007206,T-GP+ R V3 AIR JKT BKRF,279.95
4082005106,T-GP+ R V4 AIR JKT,319.95
4103007243,SMX-6 V2 BT VENT,299.95
4105015543,SMX S BOOT BKBK 43,299.95
4121005745,SMX-6 V3 BK/SLV/RD 45,349.95
4121005748,SMX-6 V3 BK/SLV/RD 48,349.95
4158085009,COROZAL V2 DS BOOT,359.95
4211000504,ST SMX-1 AIR V2 GLV BK S,79.95
4214010505,APEX V2 DRYSTAR GLV,104.95
4214010506,APEX V2 DRYSTAR GLV,104.95
4214010507,APEX V2 DRYSTAR GLV,104.95
4220210505,SP-8 V3 AIR GLOVES BLK,124.95
4220210506,SP-8 V3 AIR GLOVES BLK,124.95
4220210507,SP-8 V3 AIR GLOVES BLK,124.95
4296315500,ACCESS THIGH BAG BLK,69.95
4496000504,TECH-AIR 5 PLASMA,869.95
4496000505,TECH-AIR 5 PLASMA,869.95
4496000506,TECH-AIR 5 PLASMA,869.95
4496000507,TECH-AIR 5 PLASMA,869.95
4496000508,TECH-AIR 5 PLASMA,869.95
4496000509,TECH-AIR 5 PLASMA,869.95
4496000510,TECH-AIR 5 PLASMA,869.95
4498005505,TECH-AIR 3 SYSTEM BLK,599.95
4498005506,TECH-AIR 3 SYSTEM BLK L,599.95
4498005507,TECH-AIR 3 SYSTEM BLK,599.95
4498005508,TECH-AIR 3 SYSTEM BLK,599.95
4499017605,TECH-AIR 5 SYSTEM,834.95
4499017606,TECH-AIR 5 SYSTEM,834.95
4499017607,TECH-AIR 5 SYSTEM,834.95
4499017608,TECH-AIR 5 SYSTEM,834.95
4506700000,USB WTHRPRF WRLSS,74.99
4506700100,WP WRLSS CHRG,74.99
4506700102,WP WIRELESS CHARGING,74.99
4506700200,WP 12V TO USB SMART,39.99
4506700400,MTRCYCL VIBRATION,24.99
4506700800,EXTENSION ARM,9.99
4506701600,MAG RING BLUE,9.99
4506703900,ACTION CAMERA,19.99
4506704202,CABLE DIRECT TO,24.99
4506704203,USB-C CABLE,24.99
4507600400,MTRCYCL HDLBR CLAMP,44.99
4507600500,MTRCYCL HDLBR CLAMP,64.99
4507600600,MTRCYCL HDLBR MNT,49.99
4507600700,MTRCYCL HDLBR MNT,69.99
4507600800,MTRCYCL FORK STEM,59.99
4507600802,MTRCYCL FORK STEM,59.99
4507600900,MTRCYCL FORK STEM,79.99
4507601100,MTRCYCL CLUTCH MNT,59.99
4507601300,"1"" BALL ADAPTOR MNT ",29.99
4507602800,MTRCYCL HNDLBR,79.99
4508702000,BAR SPCRS MTRCYCL,9.99
4508702900,EXTN ARM MC HDLBR,14.99
4701000003,UNIVERSAL ADAPTOR (V3),24.99
4701050000,MAG UNIVERSAL,29.99
4713020014,MAG CASE IPHONE 16E,49.99
4713021300,MAG CASE IPHONE 13,49.99
4713021307,MAG CASE IPHONE 13,49.99
4713021405,MAG CASE IPHONE 14,49.99
4713021407,MAG CASE IPHONE 14,49.99
4713021500,MAG CASE IPHONE 15,49.99
4713021505,MAG CASE IPHONE 15,49.99
4713021507,MAG CASE IPHONE 15,49.99
4713021600,MAG CASE IPHONE 16,49.99
4713021605,MAG CASE IPHONE 16,49.99
4713021606,MAG CASE IPHONE 16,49.99
4713021607,MAG CASE IPHONE 16,49.99
4713021700,MAG CASE IPHONE 17 6.3,49.99
4713021705,MAG CASE IPHONE 17,49.99
4713021707,MAG CASE IPHONE 17,49.99
4713021751,MAG CASE IPHONE 17 AIR,49.99
4723022300,MAG CASE GLXY S23,49.99
4723022306,MAG CASE GLXY S23+,49.99
4723022311,MAG CASE GLXY S23ULT,49.99
4723022312,MAG CASE GLXY S23 FE,49.99
4723022400,MAG CASE GLXY S24,49.99
4723022406,MAG CASE GLXY S24+,49.99
4723022411,MAG CASE GLXY S24ULT,49.99
4723022412,MAG CASE GLXY S24FE,49.99
4723022500,MAG CASE GLXY S25,49.99
4723022506,MAG CASE GLXY S25+,49.99
4723022511,MAG CASE GLXY S25ULT,49.99
4723022600,MAG CASE GLXY S26,49.99
4723022606,MAG CASE GLXY S26+,49.99
4723022611,MAG CASE GLXY S26,49.99
5001-1502-00,X5 MOTORCYCLE BUNDLE,629.99
5001-1702-00,GO3  S  ACTION BUNDLE,414.98
5001-1702-00S,GO3  S  ACTION BUNDLE,414.98
5001130200,X3 MOTORCYCLE BUNDLE,375
5001140000,X4 AIR MOTORCYCLE,519.99
5001159900,X5 MM93 2025 CHAMP,769.99
5001160001,ACE PRO 2 MOTORCYCLE,419.97
5001160002,ACE PRO 2 SMX BUNDLE,479
5003-0014-03,MOTORCYCLE U-BOLT,39.99
5003-0015-00,QUICK RELEASE MOUNT,65.87
5003001600,REAR VIEW MIRROR,34.99
5003001700,HELMET CHIN MOUNT,19.99
5003171300,GO3S IN-HELMET POV,19.99
5004000600,INVISIBLE SELFIE STICK,49.99
5004000801,SELFIE STICK REMOTE,54.99
5004000900,MC SELFIE STICK SUPRT,39.99
5004001000,VIBRATION DAMPER,59.99
5004001800,CHEST STRAP,19.99
5004001900,INSTA360 MOTORCYCLE,49.99
5004150200,X5 LENS CAP,6.99
5004150300,X5 BATTERY,44.99
5004171100,GO3S MAG PENDANT,6.99
5101010500,PINLOCK EARPLUG SET,24.99
5101019900,PINLOCK DISPLAY,0
5622100500,ARMEGA BLK MIRR SIL,119.95
6300030401,HELMET REFRESH 4 OZ,8.95
6300040401,HELMET CLEANER,8.95
6300050401,HELMET MATTE DETAILER,8.95
6300060401,HELMET ANTI-FOG 4 OZ,8.95
6300070401,VISOR CLEANER RAIN,8.95
6300080401,HELMET CARE KIT 4PK 4,29.95
6300090404,MATTE HLMT CARE KIT,29.95
6300240401,APPAREL SPOT CLEANER,8.95
6300370303,MOLECULE MICROFIBER 3,9.95
6391000150,DUCATI DESMO GP25 BAL,199.99
6391001050,DUCATI 916 BAL BIKE,199.99
7020120503,HYDRO 3 BLACK,179.99
7020640515,R15 BACKPACK BLK,159.99
7020650520,R20 BACKPACK BLK,179.99
7020650522,R22 BACKPACK BLK,229.99
7020652525,R25 V2 BACKPACK BLACK,289.99
7020670518,TRAIL 18 BLACK,259.99
8662010540,SLAYER SHOE BLK/BLK 7,134.99
8662010541,SLAYER SHOE BLK/BLK 8,134.99
8662010542,SLAYER SHOE BLK/BLK,134.99
8814000504,SENTRY EVO RAIN PANT,59.99
8814000505,SENTRY EVO RAIN PANT,59.99
8814000506,SENTRY EVO RAIN PANT,59.99
8814000507,SENTRY EVO RAIN PANT,59.99
8854010504,STORM CHASER GLOVE,39.99
8854010505,STORM CHASER GLOVE,39.99
8854010506,STORM CHASER GLOVE,39.99
8854010507,STORM CHASER GLOVE,39.99
8854010508,STORM CHASER GLOVE,39.99
Supplier Code: HH sub totals (445 records),,
Supplier Code: HRNLY,,
2890548-626,"K-DRVR FT CNTRLS,MID,",349.99
Supplier Code: HRNLY sub totals (1 record),,
Supplier Code: HSBK,,
ADU-0331,STM Ducati V4R Dry Clutch,562.8
JP ACC 166,Jetprime Quick throttle for,529.2
Supplier Code: HSBK sub totals (2 records),,
Supplier Code: HSPSP,,
2880761 HSPSP,"K-WINDSCREEN,CRSR,",769.99
Supplier Code: HSPSP sub totals (1 record),,
Supplier Code: HW,,
HW131140,MX150 Headlight Adapter for,19.98
HW157031,Long Angled Adjustable,129.98
HW167114,"7"" LED Black HALOMAKER ",299.98
Supplier Code: HW sub totals (3 records),,
Supplier Code: ILIUM,,
19-500,"19-500, HIGHWAY PEGS ",306.9
26-150,K1600GTLE Side Stand,40.7
26-175,SIDE STAND FOOT,40.7
26-200,"26-200, DRIVER ",489.5
26-450AA,ADJUSTABLE HIGHWAY,352
26-500,"26-500, ENGINE GUARD ",440
26-900,"26-900, REAR GUARD ",412.5
26-900BL,"26-900BL, REAR GUARD ",412.5
27-100,VERSATILE HIGHWAY,368.5
27-100BL,VERSATILE HIGHWAY,368.5
28-300,"BAR BACK, 2013 (+) ",123.2
29-200,"29-200 HIGHWAY PEGS, ",385
30-100,SIDE STAND FOOT,42.35
30-200BL,ENGINE GUARD BAR,484
30-250BL,Ilium Auxiliary Light mount,128.7
30-400AA,30-400AA ADJUSTABLE,352
30-400BL,Adjustable highway Pegs for,352
30-500,"BAR BACKS, 2014 (+) ",123.2
30-800,"REAR GUARD BARS, 2014-",467.5
30-800BL,"REAR GUARD BARS, 2014-",440
31-100,"31-100, SIDE STAND FOOT ",42.9
33-300BL,"REAR GUARD BAR BLACK, ",440
34-200,ENGINE GUARD BAR,445
34-200BL,ENGINE GUARD BAR,445
36-200BL,ENGINE GUARD BAR,489.5
36-200SM,ENGINE GUARD BAR,517
Supplier Code: ILIUM sub totals (26 records),,
Supplier Code: IMA,,
2883795-687A,"K-LEVER,IND,BRNZ",154.99
2891341-266 IMA,"K-FLOORBOARD,SC,BLK",279.99
Supplier Code: IMA sub totals (2 records),,
Supplier Code: IMCEC,,
2882919-410IMCEC,"K-HNDLBAR,PULLBACK,",214.99
Supplier Code: IMCEC sub totals (1 record),,
Supplier Code: IMDB,,
2882520-266 IMDB,"K-GRIP,SC BOBBER BAR ",79.99
4014471IMDB,"SOLENOID-STARTER,",49.99
4081641IDB,"SOLENOID-STARTER,XR,",49.99
4081788 IMDB,"SPEAKER-6.5"",100W,AMP,",369.99
Supplier Code: IMDB sub totals (4 records),,
Supplier Code: IMSPB,,
1914264SPB,"HOSE-BRAKE,FMC,JT,",54.99
2417099SPB,"HARN-HANDLEBAR,LONG,",44.99
Supplier Code: IMSPB sub totals (2 records),,
Supplier Code: IND,,
1019310-626,"DRIVER FLOORBOARD, ",109.99
1021869-266,"ASM-FENDER,BOB,FRT,","1,364.99"
1021869-463,"FENDER ASSEMBLY, ","1,364.99"
1024082-156,"WELD-HWY BAR,LH,CHR",279.99
1024228-653,"ASM-FENDER,TRIMMED,","1,079.99"
1024228-800,"ASM-FENDER,TRIMMED,","1,079.99"
1025429-1785,"ASM-TANK,FUEL,","2,789.99"
1025593H,"ASM-CLAMP,V BAND,",54.99
1026291-626,"ASM-69T SPKT W/BRG,",574.99
1027853-866,"ASM-TANK,FUEL,","2,159.99"
1027994,"ASM-LINKAGE,SHIFTER,",89.99
1028089-866,"WELD-FENDER,REAR,","1,624.99"
1028100-520,"ASM-FENDER,REAR,CLSC,","1,179.99"
1028100-979,"ASM-FENDER,REAR,CLSC,","1,179.99"
1028123-626,"ASM-SHIFTER FWRD,BLK",194.99
1204980H,"ASM-SPRAG CLUTCH,",174.99
1208704,"ASM-ENG,N22-V1203-LA","9,634.99"
1241357,CORE RADIATOR,399.99
1262342-156,"WELD-EXH,SHIELD,",294.99
1263146-156,HEADPIPE EXHAUST,374.99
1263257-156,"WELD-EXH,SHLD,",129.99
1263259-156,"WELD-MFLR,STAGE 0,LH,",544.99
1263792,"ASM-MUFFLER,TOP","2,484.99"
1263939-156,"WELD-EXH,SHIELD,",214.99
1263940-156,"WELD-EXH,SHIELD,REAR,",134.99
1263941-156,"WELD-EXH,SHIELD,TRAN,",234.99
1327198,"ASM-GEAR/BASKET,",774.99
1327199,"WSH-THRST,CLUTCH",11.99
1327200,"DISK-CLUTCH,FRICTION A",49.99
1327202,"DISK-CLUTCH,FRICTION C",49.99
1327551,"DISK-CLUTCH,FRICTION B",59.99
1333094,SHIFTER RATCHET,169.99
1333461,RATCHET SHIFT,74.99
1336987,ASM-CLUTCH,"1,134.99"
1522151,"VALVE STEM, 90 DEG",44.99
1523502-266,"ASM-WHL,WIRE,19X3.0,",729.99
1523503-266,"ASM-WHL,WIRE,18X4.25,",799.99
1543840,"SHOCK, CRUSIER",489.99
1545035-266,"ASM-SHOCK,REAR,SP,BLK",514.99
1545124-266,"ASM-SHOCK,REAR,LOW,N,",329.99
1823877H,"TUBE-TIRE,INNER",134.99
1823907H,"TUBE-TIRE,INNER,16X5",134.99
1824582-266,"FORK LEG ASSEMBLY, ",624.99
1824583-266,"FORK LEG ASSEMBLY, ",624.99
1825025,"ASM,LWR CLAMP,TRIPLE",459.99
1911692-266H,"ROTOR,BRAKE,7MM,BLK",379.99
1913246,"LINE-BRAKE,FRT CAL TO ",224.99
1913793,"WASHER-CRUSH,RIB,M10",4.99
1913851,"LINE-BRAKE,FRT,ABS TO ",169.99
1914129-463,"BRKT-PERCH CLAMP,LH,",94.99
1914130-463,"BRKT-PERCH CLAMP,RH,",94.99
1914259,"HOSE-BRAKE,FMC,JT,",54.99
2203679H,"KIT-PAD SET,2POT,REAR",74.99
2203973H,"ASM,OIL-LOCK",44.99
2204196H,"KIT-PAD SET,4POT,SE7",84.99
2205148,"KIT-PISTON SET,BRK,FRT ",214.99
2205820H,K-SEALS BUSHING,89.99
2206139H,"K-PADS,FRCAL,J",84.99
2206146H,"K-PADS,RRCAL,J",84.99
2206156H,"K-SWITCH,FRMC,J",49.99
2206240,MASTER CYLINDER,614.99
2207466,K-COMPRESSION SPRING,34.99
2207837,CLUTCH LEVER,129.99
2208040,"LEVER KIT, BLACK",104.99
2208063,"BRAKE PAD KIT, FRONT",84.99
2208281,"K-REBUILD,HBMC,14MM",94.99
2208344,"K-PAD,REAR,INSUL",84.99
2208372,"K-PADS,M4-32,TT2182,",74.99
2208760,"K-PAD,BRAKE,FRONT,INS",99.99
2211506,"K-FILTER,AIR",34.99
2211829,"K-CLUTCH,SERVICE ",309.99
2412441-463,HEADDRESS LIGHT,274.99
2414279,"TAILLIGHT ASSEMBLY, ",214.99
2414308,"JUMPER HARNESS, ",109.99
2414354,"ASM-HNDSWTCH,7/8,",439.99
2414627,"FAIRING HARNESS, ",389.99
2414646-156,"ASM-NON-LIT,FIN-",229.99
2414785,"TURN SIGNAL, RIGHT",74.99
2415338,"ASM-HEADLIGHT,LED,2",554.99
2415839,"ASM-WCM,GEN1,",644.99
2415992,"ASM-CHRG PORT,12V,",69.99
2416192,"HARNESS-HANDCTRL,",229.99
2416292,"HARNESS-UNDER SEAT,",79.99
2416442,"ASM-MOTOR,STARTER,",429.99
2416955,"ASM-TAILLIGHT,CLSC",204.99
2417000-85,"LAMP-LICENSE PLATE,",74.99
2417099,"HARN-HANDLEBAR,LONG,",44.99
2418283,"HARN-HANDLEBAR,LONG,",44.99
2522214-156,"CHROME FUEL CAP, ",129.99
2522265,SENDER FUEL PUMP,469.99
2522501,"PUMP-FUEL,CSR",349.99
2522809,"ASM-SENDER,FUEL LEVEL",69.99
2633518H,"LATCH-STORAGE,PUSH",49.99
2635788-156,"MIRROR, LEFT SIDE, ",154.99
2635790-463,"MIRROR, RIGHT, INDIAN",144.99
2637525,"ASM-TRIM-DASH,LH",74.99
2637543-463,"MIRROR ASSEMBLY, ",189.99
2637655,"ASM-BEZEL,HEADLIGHT",94.99
2637862-266,"ASM-GRILL,SPKR,LH,BLK",134.99
2637863-156,"ASM-GRILL,SPKR,RH,CHR",134.99
2637863-266,"ASM-GRILL,SPKR,RH,BLK",134.99
2637864,"ASM-VISOR,TOP",209.99
2639526,"ASM-GRILL,SPKR,RH,IMB",104.99
2689684-VBA,"ASM-SEAT,BAGR,BLK",279.99
2689687-VBA,"ASM-SEAT,PILLION,BLK",279.99
2689817-266,"ASM-STRAP-PILLION,BLK",49.99
283318203,MW FAIRVIEW JACKET,149.99
283318206,MW FAIRVIEW JACKET,149.99
283318209,MW FAIRVIEW JACKET,149.99
283318212,MW FAIRVIEW JACKET,149.99
2833193,IMC TRAVEL CUP SET OF,49.99
2833222,HEADDRESS PATCH,10.99
283322501,WOMENS POCKET TEE XS,34.99
283322502,WOMENS POCKET TEE S,34.99
283322503,WOMENS POCKET TEE M,34.99
283322506,WOMENS POCKET TEE L,34.99
283322509,WOMENS POCKET TEE XL,34.99
283322512,WOMENS POCKET TEE,34.99
2833232,SCRIPT LOGO PATCH,10.99
283327803,MW BK QUART ZIP,79.99
283327814,MW BK QUART ZIP,79.99
283330501,WW BK CHICAGO PLAID,69.99
283330502,WW BK CHICAGO PLAID,69.99
283330503,WW BK CHICAGO PLAID,69.99
283330506,WW BK CHICAGO PLAID,69.99
283330509,WW BK CHICAGO PLAID,69.99
283330512,WW BK CHICAGO PLAID,69.99
283330514,WW BK CHICAGO PLAID,69.99
2833315,ESTABLI 1901 IMC CAP,34.99
283332812,MW BL IMC 100P,79.99
283336403,WW ALEX DENIM JCKT CE,249.99
283336406,WW ALEX DENIM JCKT CE,249.99
283336409,WW ALEX DENIM JCKT CE,249.99
283337101,WW CLEVELAND SUEDE,349.99
283337102,WW CLEVELAND SUEDE,349.99
283337103,WW CLEVELAND SUEDE,349.99
283337106,WW CLEVELAND SUEDE,349.99
283337109,WW CLEVELAND SUEDE,349.99
283337112,WW CLEVELAND SUEDE,349.99
283337114,WW CLEVELAND SUEDE,349.99
2833373,MW IMC ANKLE SOCKS -,24.99
2833374,LOGO BANDANA BLACK,17.99
2833387,IMC LOGO RUBBER,17.99
28333953232,MW RIDING JEANS CE,219.99
28333953432,MW RIDING JEANS CE,219.99
28333953632,MW RIDING JEANS CE,219.99
28333953634,MW RIDING JEANS CE,219.99
28333953832,MW RIDING JEANS CE,219.99
28333954032,MW RIDING JEANS CE,219.99
283340106,MW BK LINE GRAPH,44.99
283340109,MW BK LINE GRAPH,44.99
283340112,MW BK LINE GRAPH,44.99
283340114,MW BK LINE GRAPH,44.99
283340115,MW BK LINE GRAPH,44.99
283340116,MW BK LINE GRAPH,44.99
283340703,MW BK CUSTO BUI HEN,49.99
283340712,MW BK CUSTO BUI HEN,49.99
283340912,MW WT STRIP SLVE,59.99
283340914,MW WT STRIP SLVE,59.99
283341601,WW BL ESTA BACK PLEAT,49.99
283341602,WW BL ESTA BACK PLEAT,49.99
283341603,WW BL ESTA BACK PLEAT,49.99
283341606,WW BL ESTA BACK PLEAT,49.99
283341609,WW BL ESTA BACK PLEAT,49.99
283341612,WW BL ESTA BACK PLEAT,49.99
283342501,WW BL CONTRAST HEAD,39.99
283342502,WW BL CONTRAST HEAD,39.99
283342503,WW BL CONTRAST HEAD,39.99
283342801,WW GY CONT BLO LOGO,39.99
283343101,WW GY CONT RIB,79.99
283343102,WW GY CONT RIB,79.99
283343106,WW GY CONT RIB,79.99
283343109,WW GY CONT RIB,79.99
283343112,WW GY CONT RIB,79.99
2861671,2021 YEAR PATCH,2.99
286174203,WW CONTRAST SLV TEE,44.99
286263403,MENS FREEWAY JACKET,529.99
286263412,MENS FREEWAY JACKET,529.99
286263414,MENS FREEWAY JACKET,529.99
28628463632,MW RIDING JEAN CE BLK,219.99
2862943,IMC WOOL THROW MULTI,99.99
2862944,CIRCLE LTHER KEY RING,19.99
286296403,WW BK CROP ATHLETE,69.99
286296406,WW BK CROP ATHLETE,69.99
286296409,WW BK CROP ATHLETE,69.99
286296412,WW BK CROP ATHLETE,69.99
286296414,WW BK CROP ATHLETE,69.99
286297212,MW BK CAMO LNE QUTR,89.99
286297502,WW BK CAMO 3QTR SLV,49.99
286297503,WW BK CAMO 3QTR SLV,49.99
286297506,WW BK CAMO 3QTR SLV,49.99
286297509,WW BK CAMO 3QTR SLV,49.99
286297702,WW GR STEN B ICN,89.99
286297703,WW GR STEN B ICN,89.99
286297706,WW GR STEN B ICN,89.99
286297709,WW GR STEN B ICN,89.99
286371209,MENS CHAPS-XL,309.99
286371406,WMNS CHAPS-L,259.99
2863893,INSTANT DETAILER AND,17.99
2863894,ENGINE ENHANCER,17.99
2863896,SPRAY WAX AND,17.99
2863897,SUPER PLUSH M/F,14.99
286464306,MW SAN PEDRO MESH,259.99
286464702,WW BOBBI JACKET DARK,139.99
286464703,WW BOBBI JACKET DARK,139.99
286464706,WW BOBBI JACKET DARK,139.99
286464709,WW BOBBI JACKET DARK,139.99
286464712,WW BOBBI JACKET DARK,139.99
286464714,WW BOBBI JACKET DARK,139.99
2864657,SCRIPT ICON RUG,299.99
2864664,RECTANGLE IMC,17.99
2864665,IMC LOGO DECAL,7.99
286466806,MW MARKAY JACKET,429.99
286476802,MW WT IMC EST 1901 LGO,39.99
286477502,MW BL SCRIPT PERFOR,59.99
286477503,MW BL SCRIPT PERFOR,59.99
286477506,MW BL SCRIPT PERFOR,59.99
286477509,MW BL SCRIPT PERFOR,59.99
286477514,MW BL SCRIPT PERFOR,59.99
286477602,MW GY IMC RACING LS,44.99
286477614,MW GY IMC RACING LS,44.99
286478003,MW NY SPRINGFI PLAID,64.99
286479312,WW WT CROP CIRC,39.99
286479314,WW WT CROP CIRC,39.99
286479409,WW NY COLOR IMC ICON,34.99
286479412,WW NY COLOR IMC ICON,34.99
286479702,WW GR ATHLET SCRIP,79.99
286479703,WW GR ATHLET SCRIP,79.99
286479706,WW GR ATHLET SCRIP,79.99
286479709,WW GR ATHLET SCRIP,79.99
286479712,WW GR ATHLET SCRIP,79.99
286479902,WW BK PERF HEADDRESS,79.99
286479903,WW BK PERF HEADDRESS,79.99
286479906,WW BK PERF HEADDRESS,79.99
286479909,WW BK PERF HEADDRESS,79.99
286479912,WW BK PERF HEADDRESS,79.99
286480006,WW GY GARAGE SHIRT L,89.99
286480009,WW GY GARAGE SHIRT XL,89.99
286480012,WW GY GARAGE SHIRT,89.99
2864839,CIRCLE HEADDRESS,17.99
286486406,MW BL VINTAGE JER LS,59.99
286486409,MW BL VINTAGE JER LS,59.99
286486412,MW BL VINTAGE JER LS,59.99
286492002,MW BK BLOCK PANEL,49.99
286492003,MW BK BLOCK PANEL,49.99
286492006,MW BK BLOCK PANEL,49.99
286492009,MW BK BLOCK PANEL,49.99
286492012,MW BK BLOCK PANEL,49.99
286492014,MW BK BLOCK PANEL,49.99
286492212,MW BK HEXAGON,34.99
286492814,MW BK 1901 SLV PRIN LS,44.99
286493403,MW GY FLANNEL TWILL,79.99
286493406,MW GY FLANNEL TWILL,79.99
286493409,MW GY FLANNEL TWILL,79.99
286493412,MW GY FLANNEL TWILL,79.99
286493414,MW GY FLANNEL TWILL,79.99
286493502,MW GR SAN JOSE PLAID,89.99
286493503,MW GR SAN JOSE PLAID,89.99
286493506,MW GR SAN JOSE PLAID,89.99
286493509,MW GR SAN JOSE PLAID,89.99
286493512,MW GR SAN JOSE PLAID,89.99
286493514,MW GR SAN JOSE PLAID,89.99
286494101,WW GY BLOCK LOGO,34.99
286494112,WW GY BLOCK LOGO,34.99
286494901,WW RD USA FLAG,99.99
286494902,WW RD USA FLAG,99.99
286494903,WW RD USA FLAG,99.99
286494906,WW RD USA FLAG,99.99
286494909,WW RD USA FLAG,99.99
286494912,WW RD USA FLAG,99.99
286494914,WW RD USA FLAG,99.99
286495001,WW GY CLRBLOCK,99.99
286495002,WW GY CLRBLOCK,99.99
286495003,WW GY CLRBLOCK,99.99
286495006,WW GY CLRBLOCK,99.99
286495009,WW GY CLRBLOCK,99.99
286495012,WW GY CLRBLOCK,99.99
286495014,WW GY CLRBLOCK,99.99
286495101,WW BK QUART ZIP PERF,79.99
286495102,WW BK QUART ZIP PERF,79.99
286495103,WW BK QUART ZIP PERF,79.99
286495106,WW BK QUART ZIP PERF,79.99
286495109,WW BK QUART ZIP PERF,79.99
286495112,WW BK QUART ZIP PERF,79.99
286495114,WW BK QUART ZIP PERF,79.99
286496602,WW BR EST1901 SHADOW,34.99
286496603,WW BR EST1901 SHADOW,34.99
286496606,WW BR EST1901 SHADOW,34.99
286496609,WW BR EST1901 SHADOW,34.99
286496612,WW BR EST1901 SHADOW,34.99
286496614,WW BR EST1901 SHADOW,34.99
286554509,MW ELLINGSON SNEAKER,159.99
286554510,MW ELLINGSON SNEAKER,159.99
286554511,MW ELLINGSON SNEAKER,159.99
286554512,MW ELLINGSON SNEAKER,159.99
286554906,MW BURLINGTON JACKET,119.99
286554909,MW BURLINGTON JACKET,119.99
286554912,MW BURLINGTON JACKET,119.99
286554914,MW BURLINGTON JACKET,119.99
2865558,SCRIPT LOGO DECAL,7.99
286561203,MW RD IMC CUSTOM,34.99
286561206,MW RD IMC CUSTOM,34.99
286561209,MW RD IMC CUSTOM,34.99
286561212,MW RD IMC CUSTOM,34.99
286561214,MW RD IMC CUSTOM,34.99
286563401,WW GY BLOCK,49.99
286563402,WW GY BLOCK,49.99
286563403,WW GY BLOCK,49.99
286563406,WW GY BLOCK,49.99
286563409,WW GY BLOCK,49.99
286563412,WW GY BLOCK,49.99
286563414,WW GY BLOCK,49.99
286563506,WW BK CIRCLE CROPPED,39.99
286563509,WW BK CIRCLE CROPPED,39.99
286563512,WW BK CIRCLE CROPPED,39.99
286563514,WW BK CIRCLE CROPPED,39.99
286563606,WW GY BLOCK IMC,39.99
286563612,WW GY BLOCK IMC,39.99
286563802,WW WT EST 1901 BLOCK,34.99
286563803,WW WT EST 1901 BLOCK,34.99
286563806,WW WT EST 1901 BLOCK,34.99
286563809,WW WT EST 1901 BLOCK,34.99
286563812,WW WT EST 1901 BLOCK,34.99
286563814,WW WT EST 1901 BLOCK,34.99
286566703,MW RICHMOND,259.99
286566706,MW RICHMOND,259.99
286566709,MW RICHMOND,259.99
286566712,MW RICHMOND,259.99
286566806,MW DOMINION JACKET,179.99
286566809,MW DOMINION JACKET,179.99
286568803,HEADDRESS BUCKLE,64.99
286568806,HEADDRESS BUCKLE,64.99
286568809,HEADDRESS BUCKLE,64.99
286568812,HEADDRESS BUCKLE,64.99
286569506,MW KLIMIMC LATUDE JKT,799.99
286569606,MW KLIMIMC VANGRD,149.99
2865697,LOGAN SUNGLASSES,39.99
2865699,IMC SCRIPT BIKE MAT,229.99
2865700,IMC HEADDRESS SIGN,17.99
2865701,IMC HEADDRESS ICON,17.99
2865702,IMC BLOCK LICENSE,24.99
286571612,MW WT CIRCLE BLOCK,34.99
286572614,MW BK OUTLINE ATHLE,54.99
286635903,MW RD ESSENTIAL LOGO,24.99
286635906,MW RD ESSENTIAL LOGO,24.99
286635909,MW RD ESSENTIAL LOGO,24.99
286635912,MW RD ESSENTIAL LOGO,24.99
286635914,MW RD ESSENTIAL LOGO,24.99
286636003,MW BK ESSENTIAL HEADS,24.99
286636006,MW BK ESSENTIAL HEADS,24.99
286636009,MW BK ESSENTIAL HEADS,24.99
286636012,MW BK ESSENTIAL HEADS,24.99
286636014,MW BK ESSENTIAL HEADS,24.99
286636103,MW GR ESSENTIAL LOGO,49.99
286636106,MW GR ESSENTIAL LOGO,49.99
286636109,MW GR ESSENTIAL LOGO,49.99
286636112,MW GR ESSENTIAL LOGO,49.99
286636202,WW BK ESSENTIAL,24.99
286636203,WW BK ESSENTIAL,24.99
286636206,WW BK ESSENTIAL,24.99
286636209,WW BK ESSENTIAL,24.99
286636212,WW BK ESSENTIAL,24.99
286636403,MW GR HEADDRESS,39.99
286636406,MW GR HEADDRESS,39.99
286636409,MW GR HEADDRESS,39.99
286636412,MW GR HEADDRESS,39.99
286636503,MW NY HEADDRESS ICON,34.99
286636506,MW NY HEADDRESS ICON,34.99
286636509,MW NY HEADDRESS ICON,34.99
286636512,MW NY HEADDRESS ICON,34.99
286636603,MW GY FLAG BIKES PRINT,34.99
286636606,MW GY FLAG BIKES PRINT,34.99
286636609,MW GY FLAG BIKES PRINT,34.99
286636612,MW GY FLAG BIKES PRINT,34.99
286636803,MW OM HEADDRESS,34.99
286636806,MW OM HEADDRESS,34.99
286636809,MW OM HEADDRESS,34.99
286636812,MW OM HEADDRESS,34.99
286636903,MW GR HEADDRESS,29.99
286636906,MW GR HEADDRESS,29.99
286636909,MW GR HEADDRESS,29.99
286636912,MW GR HEADDRESS,29.99
286637203,MW BK BLOCK LOGO,39.99
286637206,MW BK BLOCK LOGO,39.99
286637209,MW BK BLOCK LOGO,39.99
286637212,MW BK BLOCK LOGO,39.99
286637303,MW BK CIRCLE BLOCK,34.99
286637306,MW BK CIRCLE BLOCK,34.99
286637309,MW BK CIRCLE BLOCK,34.99
286637312,MW BK CIRCLE BLOCK,34.99
286637403,MW GY OUTLINE POCKET,39.99
286637406,MW GY OUTLINE POCKET,39.99
286637409,MW GY OUTLINE POCKET,39.99
286637412,MW GY OUTLINE POCKET,39.99
286637803,MW GY INDIAN SLEEVE LS,49.99
286637806,MW GY INDIAN SLEEVE LS,49.99
286637809,MW GY INDIAN SLEEVE LS,49.99
286637812,MW GY INDIAN SLEEVE LS,49.99
286638203,MW RD HEADDRESS,89.99
286638206,MW RD HEADDRESS,89.99
286638209,MW RD HEADDRESS,89.99
286638212,MW RD HEADDRESS,89.99
286638214,MW RD HEADDRESS,89.99
286638403,MW BL PASADENA SS,69.99
286638406,MW BL PASADENA SS,69.99
286638409,MW BL PASADENA SS,69.99
286638412,MW BL PASADENA SS,69.99
286638506,MW GY ENGINE HEADDRS,89.99
286638509,MW GY ENGINE HEADDRS,89.99
286638512,MW GY ENGINE HEADDRS,89.99
286638606,WW GY FLAG BIKES,44.99
286638609,WW GY FLAG BIKES,44.99
286638612,WW GY FLAG BIKES,44.99
286638702,WW NY HEADDRESS ICON,39.99
286638703,WW NY HEADDRESS ICON,39.99
286638706,WW NY HEADDRESS ICON,39.99
286638709,WW NY HEADDRESS ICON,39.99
286638712,WW NY HEADDRESS ICON,39.99
286638802,WW GR V NECK,39.99
286638803,WW GR V NECK,39.99
286638806,WW GR V NECK,39.99
286638809,WW GR V NECK,39.99
286638812,WW GR V NECK,39.99
286638902,WW GR MARL,34.99
286638903,WW GR MARL,34.99
286638906,WW GR MARL,34.99
286638909,WW GR MARL,34.99
286638912,WW GR MARL,34.99
286639102,WW RD SCRIPT ICON,39.99
286639103,WW RD SCRIPT ICON,39.99
286639106,WW RD SCRIPT ICON,39.99
286639109,WW RD SCRIPT ICON,39.99
286639112,WW RD SCRIPT ICON,39.99
286639202,WW GY OUTLINE POCKET,39.99
286639203,WW GY OUTLINE POCKET,39.99
286639206,WW GY OUTLINE POCKET,39.99
286639209,WW GY OUTLINE POCKET,39.99
286639212,WW GY OUTLINE POCKET,39.99
286639302,WW GY LOGO BACK,44.99
286639303,WW GY LOGO BACK,44.99
286639306,WW GY LOGO BACK,44.99
286639309,WW GY LOGO BACK,44.99
286639312,WW GY LOGO BACK,44.99
286639402,WW BK HEADDRESS,34.99
286639403,WW BK HEADDRESS,34.99
286639406,WW BK HEADDRESS,34.99
286639409,WW BK HEADDRESS,34.99
286639412,WW BK HEADDRESS,34.99
286639802,WW GY INDIAN SLEEVE LS,49.99
286639803,WW GY INDIAN SLEEVE LS,49.99
286639806,WW GY INDIAN SLEEVE LS,49.99
286639809,WW GY INDIAN SLEEVE LS,49.99
286639812,WW GY INDIAN SLEEVE LS,49.99
286648602,WW RD HEADDRESS,89.99
286648603,WW RD HEADDRESS,89.99
286648606,WW RD HEADDRESS,89.99
286648609,WW RD HEADDRESS,89.99
286648612,WW RD HEADDRESS,89.99
2866487,COLORBLOCK HEADDRES,34.99
2866488,RECTANG PATCH HEAD,29.99
2866489,INDIAN SCRIPT EMB CAP,29.99
2866490,HEAD PRINT FLAT PEAK,34.99
286649403,MW RD 125TH CREW TEE,39.99
286649406,MW RD 125TH CREW TEE,39.99
286649409,MW RD 125TH CREW TEE,39.99
286649412,MW RD 125TH CREW TEE,39.99
286649503,MW BK 125TH CREW TEE,39.99
286649506,MW BK 125TH CREW TEE,39.99
286649509,MW BK 125TH CREW TEE,39.99
286649512,MW BK 125TH CREW TEE,39.99
286649602,WW RD 125TH CREW TEE,39.99
286649603,WW RD 125TH CREW TEE,39.99
286649606,WW RD 125TH CREW TEE,39.99
286649609,WW RD 125TH CREW TEE,39.99
286649702,WW BK 125TH CREW TEE,39.99
286649703,WW BK 125TH CREW TEE,39.99
286649706,WW BK 125TH CREW TEE,39.99
286649709,WW BK 125TH CREW TEE,39.99
286649903,125TH CREW,89.99
286649906,125TH CREW,89.99
286649909,125TH CREW,89.99
286649912,125TH CREW,89.99
2866500,125TH BASEBALL CAP,34.99
2866526,HEADDRESS ICON PIN,10.99
286653006,MW ARLINGTN MESH JKT,324.99
286653009,MW ARLINGTN MESH JKT,324.99
286653012,MW ARLINGTN MESH JKT,324.99
286653103,WW ARLINGTN MESH JKT,324.99
286653106,WW ARLINGTN MESH JKT,324.99
286653109,WW ARLINGTN MESH JKT,324.99
286653303,MW CALLAN DENIM VEST,119.99
286653306,MW CALLAN DENIM VEST,119.99
286653309,MW CALLAN DENIM VEST,119.99
286653312,MW CALLAN DENIM VEST,119.99
2866534,ESTABLISHED 1901,10.99
2866535,HEADDRESS ICON PATCH,10.99
2866536,HEADDRESS LOGO,10.99
2866539,SCRIPT ICON KEYRING,17.99
2866540,HEADDRESS DECAL,7.99
2866541,2026 ROCKERS PATCH,2.99
286654812,IMCXHH M SS SPD SHOP,38
286655012,IMCXHH M SS SPK PLUG T,38
286659603,MW GR ESSENTIAL LOGO,24.99
286659606,MW GR ESSENTIAL LOGO,24.99
286659609,MW GR ESSENTIAL LOGO,24.99
286659612,MW GR ESSENTIAL LOGO,24.99
286659614,MW GR ESSENTIAL LOGO,24.99
286659706,MW WT ESSENTIAL LOGO,24.99
286659709,MW WT ESSENTIAL LOGO,24.99
286659712,MW WT ESSENTIAL LOGO,24.99
286659803,MW NY ESSENTIAL,24.99
286659806,MW NY ESSENTIAL,24.99
286659809,MW NY ESSENTIAL,24.99
286659812,MW NY ESSENTIAL,24.99
286659814,MW NY ESSENTIAL,24.99
286659903,MW BK ESSENT HEADRS,29.99
286659906,MW BK ESSENT HEADRS,29.99
286659909,MW BK ESSENT HEADRS,29.99
286659912,MW BK ESSENT HEADRS,29.99
286660102,WW GR ESSENTIAL LOGO,24.99
286660103,WW GR ESSENTIAL LOGO,24.99
286660106,WW GR ESSENTIAL LOGO,24.99
286660109,WW GR ESSENTIAL LOGO,24.99
286660302,WW NY ESSENTIAL,24.99
286660303,WW NY ESSENTIAL,24.99
286660306,WW NY ESSENTIAL,24.99
286660309,WW NY ESSENTIAL,24.99
286660502,WW RD ESSENT HEADRS,49.99
286660606,MW GY HEADDRESS ICON,34.99
286660609,MW GY HEADDRESS ICON,34.99
286660612,MW GY HEADDRESS ICON,34.99
286660703,MW RD PARTS SERV,34.99
286660706,MW RD PARTS SERV,34.99
286660709,MW RD PARTS SERV,34.99
286660712,MW RD PARTS SERV,34.99
286660903,MW GY BLOCK CIRC ICON,34.99
286660906,MW GY BLOCK CIRC ICON,34.99
286660909,MW GY BLOCK CIRC ICON,34.99
286660912,MW GY BLOCK CIRC ICON,34.99
286661003,MW BK IMC LOGO PRINT,34.99
286661006,MW BK IMC LOGO PRINT,34.99
286661009,MW BK IMC LOGO PRINT,34.99
286661012,MW BK IMC LOGO PRINT,34.99
286661903,MW GY QUARTR ZIP,89.99
286661906,MW GY QUARTR ZIP,89.99
286661909,MW GY QUARTR ZIP,89.99
286661912,MW GY QUARTR ZIP,89.99
286662103,MW GY LOGO LS SHOP,89.99
286662106,MW GY LOGO LS SHOP,89.99
286662109,MW GY LOGO LS SHOP,89.99
286662112,MW GY LOGO LS SHOP,89.99
286662203,MW RD PITTSBURGH,79.99
286662206,MW RD PITTSBURGH,79.99
286662209,MW RD PITTSBURGH,79.99
286662212,MW RD PITTSBURGH,79.99
286662306,MW BK TACOMA PLAID,79.99
286662309,MW BK TACOMA PLAID,79.99
286662312,MW BK TACOMA PLAID,79.99
286662602,WW GY DIAMANTE,49.99
286662603,WW GY DIAMANTE,49.99
286662606,WW GY DIAMANTE,49.99
286662609,WW GY DIAMANTE,49.99
286662702,WW GY BLOCK CIRCLE,39.99
286662703,WW GY BLOCK CIRCLE,39.99
286662706,WW GY BLOCK CIRCLE,39.99
286662709,WW GY BLOCK CIRCLE,39.99
286662802,WW BK IMC ATHLETE TEE,44.99
286662803,WW BK IMC ATHLETE TEE,44.99
286662806,WW BK IMC ATHLETE TEE,44.99
286662809,WW BK IMC ATHLETE TEE,44.99
286663002,WW BK SPIRIT LA GRAPH,39.99
286663003,WW BK SPIRIT LA GRAPH,39.99
286663006,WW BK SPIRIT LA GRAPH,39.99
286663009,WW BK SPIRIT LA GRAPH,39.99
286663202,WW GR STENCIL HEN LS,49.99
286663203,WW GR STENCIL HEN LS,49.99
286663206,WW GR STENCIL HEN LS,49.99
286663209,WW GR STENCIL HEN LS,49.99
286663402,WW GY OUTLINE HEADRS,89.99
286663406,WW GY OUTLINE HEADRS,89.99
286663502,WW RD PITTSBURGH,79.99
286663503,WW RD PITTSBURGH,79.99
286663506,WW RD PITTSBURGH,79.99
286663509,WW RD PITTSBURGH,79.99
286663602,YTH GR SCRIPT LOGO,19.99
286663603,YTH GR SCRIPT LOGO,19.99
286663606,YTH GR SCRIPT LOGO,19.99
286663609,YTH GR SCRIPT LOGO,19.99
286663702,YTH BK HEADRS LOGO,19.99
286663703,YTH BK HEADRS LOGO,19.99
286663706,YTH BK HEADRS LOGO,19.99
286663709,YTH BK HEADRS LOGO,19.99
2866639,ORIGINAL HEADDRS EMB,29.99
2866641,HEADDRESS EMB TRUCK,29.99
2866642,BLOCK FLAT PEAK CAP,34.99
2866645,HEADRS CONTR PEAK,34.99
286664602,IMCXDIX MW 125TH FLAN,59.99
286664603,IMCXDIX MW 125TH FLAN,59.99
286664606,IMCXDIX MW 125TH FLAN,59.99
286664609,IMCXDIX MW 125TH FLAN,59.99
286664612,IMCXDIX MW 125TH FLAN,59.99
286664614,IMCXDIX MW 125TH FLAN,59.99
2866658,125TH ANNIVERSARY,12.99
286667602,MW RD ESSENTIAL LOGO,24.99
286667603,MW RD ESSENTIAL LOGO,24.99
286667614,MW RD ESSENTIAL LOGO,24.99
286667703,MW GR ESSENTIAL LOGO,49.99
286667803,MW GY FLAG BIKES PRINT,34.99
286667806,MW GY FLAG BIKES PRINT,34.99
286667809,MW GY FLAG BIKES PRINT,34.99
286667812,MW GY FLAG BIKES PRINT,34.99
286667903,MW OM HEADDRESS,34.99
286667906,MW OM HEADDRESS,34.99
286667909,MW OM HEADDRESS,34.99
286667912,MW OM HEADDRESS,34.99
286668102,WW GY FLAG BIKES,44.99
286668103,WW GY FLAG BIKES,44.99
286668106,WW GY FLAG BIKES,44.99
286668109,WW GY FLAG BIKES,44.99
286668112,WW GY FLAG BIKES,44.99
286668303,MW GR HEADDRESS,39.99
286668403,MW GR ENGINE GRAPHIC,34.99
286668406,MW GR ENGINE GRAPHIC,34.99
286668409,MW GR ENGINE GRAPHIC,34.99
286668412,MW GR ENGINE GRAPHIC,34.99
286668503,MW BK HEADDRESS,34.99
286668506,MW BK HEADDRESS,34.99
286668509,MW BK HEADDRESS,34.99
286668512,MW BK HEADDRESS,34.99
286668603,MW GY ENGINE HEADDRS,89.99
286668606,MW GY ENGINE HEADDRS,89.99
286668609,MW GY ENGINE HEADDRS,89.99
286668612,MW GY ENGINE HEADDRS,89.99
2866687,IMC RR DYTN SCRIPT,34.99
286669006,IMC BK RR DYTN HEADS,34.99
286670802,MW BK ESSENTIAL HEADS,24.99
2869646,LIBERTY SUNGLASSES,44.99
2869650,HEADDRESS TOWEL,44.99
2879542-01,"KIT-BACKREST,RIDER,BLK ",429.99
2879543,"KIT-MOUNT,RIDER ",189.99
2879582-266,"KIT-HIGHWAY BAR,REAR,",389.99
2879666-02,"KIT-PAD,BACKREST,PASS,",279.99
2880016,"FLUID-INDIAN,BRAKE DOT ",10.99
2880191,"KIT-OIL CHANGE,INDIAN(4)",91.99
2880297-01,"KIT-BAG,TIPOVER BAR,",229.99
2880724,"KIT-WINDSHIELD,",649.99
2880966,"ANTI-FREEZE,INDIAN,1 QT",9.99
2881771-463,"K-SIDESTAND,EXTENDED,",199.99
2883069-266,"K-WNDSHLD,SPFLD,",649.99
2883666-675,"K-AUDIO LIDS,FLAT,",599.99
2883666-774,"K-AUDIO LIDS,FLAT,",599.99
2883737-266,"K-ACCY-AIRBOX-INDIAN,",479.99
2883891,VINT/CLSC DUST COVER,209.99
2884045,"K-SPOOL,QUICK RELEASE",179.99
2884046-463,"K-TRUNK,IND,FBLK","1,999.99"
2884046-632,"K-TRUNK,IND,TTNMSMK","1,999.99"
2884046-653,"K-TRUNK,IND,TTNM MET","1,999.99"
2884171,"K-15W60 INDIAN OCK,5QT",117.99
2884178,"K-MOUNT,DRVR ",199.99
2884385-266,"K-HNDLEBAR,MINI-APE,",329.99
2884425-266,"K-ASM,BAR,MUSTACHE,",494.99
2884459,"K-COVER,TRAVEL,",104.99
2884573,"K-STG2,IND 108 CAMS",749.99
2884600-156,"K-FUEL CAP,LOCKING,",99.99
2884600-266,"K-FUEL CAP,LOCKING,BLK",99.99
2884693-266,"K-WS,TALL,CLR,BLK",529.99
2884722-156,"K-EXH TIP,FISH,CHR",329.99
2884772-266,"K-SHIFTER HEEL,BLK",189.99
2884902-266,"K-HARDWARE,WS,BLK",79.99
2884924-VBA,"K-SADDLEBAGS,BLK","1,099.99"
2884925,"K-SPOOL,ACC",179.99
2885101,"K-LINES,ACC HNDLBR ",189.99
2889025-VBA,"K-SEAT,BAGR,BLK",249.99
2889026-VBA,"K-SEAT,PILLION,BLK",229.99
2889145-VBA,"K-BAG,DAY,TOUR",219.99
2889150-VBA,"K-SEAT,PREM,TOUR,",449.99
2889311,"K-20W40 INDIAN OCK, 6QT",107.99
2889570-669,"K-COWL,CLUB,",529.99
2889570-802,"K-COWL,CLUB, HVY MTL ",529.99
2889607-VBA,"K-BACKREST,TRUNK,BLK",79.99
2889609-977,"K-TRUNK,BLUEDUSK","1,799.99"
2889737-156,"K-HINGE,TRUNK,CHR",199.99
2889857-VBA,"K-BAG,SIDE,BOBBER,VBA",629.99
2890076,"K-CRUZTOOLS SPEED,IND",54.99
2890095-266,"K-ACCY-INSTALLATION,",199.99
2890101-VBA,"K-SEAT,TOUR,HT,BLK",929.99
2890119-800,"K-ACCY,COWL,BLACK ",599.99
2890127H,"K-FOB HOUSING,2BTN",39.99
2890299-266,"K-SIGNAL,INVT,NA,",199.99
2890550-156,"K-HANDLEBAR-BEACH,",239.99
2891066,"K-CARD-CAL,",129.99
2891100-266,"K-TBAR,BLK",299.99
2891210-800,"K-SBAGS,PAINTED,","1,499.99"
2891245,K-PERF CAL SOFTWARE,219.99
2891283,"K-CLUTCH CABLE,1731MM",79.99
2891338,"K-OIL CHANGE,INDIAN 4.5 ",99.99
2891341-266,"K-FLOORBOARD,SC,BLK",279.99
2891394-VBA,"K-SEAT,HT-CL,ROGUE,","1,299.99"
2891592-440,"K-ACCY,RISER,PULLBACK,",279.99
2891593-266,"K-HANDLEBAR,PULLBACK,",199.99
2891594,"K-SPOOL,MOUNT",149.99
2891696,"K-SOFT BAG,SBAG ",199.99
2891697,"K-SOFT BAG,TRUNK ",179.99
2891698,"K-TOURING BAG,",449.99
2891723-440,"K-ACCY,RSR ONLY,PLLBK,",249.99
2892267-922,"K-EXHAUST,SLIP ON,ARO,",799.99
3022494,CAM CHAIN GUIDE,34.99
3022662H,SPARK PLUG-10 MM,11.99
3023459,CAM CHAIN TENSIONER,84.99
3023794,ASM-WATERPUMP W/OIL,214.99
3076352,SPARK PLUG-10MM(4),18.99
3088051H,"SPARK PLUG-DCPR8E,",7.99
3222215,SILENT CHAIN,49.99
3280767,SPEEDOMETER,354.99
3287060,"DISP-PGM,IND,250K,NAV,","2,439.99"
3512106H,"BEARING-NDL,M7X11X9,",24.99
3514335H,BEARING-SHIFT PEDAL,24.99
3514405H,"BEARING-BALL,",24.99
3514416H,"BEARING-NDL,30X55X17,",44.99
3514549H,"BEARING,BALL,47X25X12,",29.99
3514823,"BEARING, 25 X 52 X 15",44.99
3515882,"BEARING-WHEEL,6304,TR,",39.99
3610094H,SEAL-30X52X7,39.99
3610154H,"SEAL-SHAFT,12X22X7",9.99
3610157H,"SEAL,OIL",39.99
4012393H,"RECEPTACLE-POD MNT,",44.99
4014450,"SWITCH CUBE, RIGHT, ",344.99
4014655H,"SOLENOID-STARTER,",54.99
4014692,"CLUTCH SWITCH, INDIAN",79.99
4015300,COIL-IGNITION,89.99
4016021H,SENSOR-OXYGEN,209.99
4016868H,"REGULATOR-3PH,50A,",164.99
4016935-266,"IGNTION/FUEL ASSEMBLY, ",209.99
4016935-385,IGNITION AND FUEL ASM,209.99
4017819H,"BATTERY-12V,245CCA,",149.99
4017982,STARTER MOTOR,429.99
4018176,"SPEAKER-6.5 ,50W,AOS",329.99
4018446,"SWITCH CONTROL, 2ROW, ",494.99
4019095,"HORN-TRUMPET,TVS",89.99
4019099,"K-IGNITION/FUEL LOCK,NS",199.99
4019274,"ASM-MOTOR,STARTER,",429.99
4019453,"SENSOR-GEAR POSITION,",94.99
4080606,STATOR,504.99
4081090,"ASM-MOTOR,",249.99
4081320H,REMOTE CONTROL-FOB,209.99
4081321H,"REMOTE CONTROL-FOB,",209.99
4081613H,"MODULE-USB PORT,CHRG ",124.99
4081641H,"SOLENOID-STARTER,XR,",49.99
4081642,"SOLENOID-STARTER,XR,",39.99
4082075,"BATT-12V240CCA,12AH,",139.99
4082236H,"VCM-GEN2.1,",304.99
4083074H,"BATTERY-YUASA,",209.99
5134094H,"NUT-STEERING HEAD,PM",39.99
5136821H,PISTON,19.99
5136822H,SLIDE-METAL,44.99
5138827,"WINDSHIELD BUSHING, ",11.99
5138833H,"LEVER-SHIFTER,",84.99
5139763-463,"SPCR-WINDSHIELD,UPR,",44.99
5140782,THREADED PIVOT SHAFT,34.99
5141025,"PEG-FEELER,",24.99
5141315-658,"PEDAL-SHIFTER,SC,BLK",74.99
5141804,SEMI-FLOAT ROTOR,3.99
5141884-658,"COLD START BADGE, ",279.99
5142096-266,SIDESTAND-BLK,164.99
5142138,"DRIVER FOOT PEG, RIGHT",74.99
5142140-458,BRAKE PEDAL,89.99
5142149,COMPRESSION LIMITER,5.99
5143120,BARE PEDAL PEG,34.99
5143272-266,"MNT-SIDESTAND,BLK",94.99
5143346,"PIVOT-BUSHING,FCNTRL",34.99
5143783,"LEVER-SHIFTER,",94.99
5144393-626,"MAINFRAME-FRONT,","1,324.99"
5144619-626,"ASM-ACG COVER,JBLK",399.99
5144676-626,"FRAME-SUBFRAME,REAR,",444.99
5144678-626,"CAST-FRAME,MID,LH,BLK",444.99
5145208-440,"RISER-BOTTOM,6IN,",139.99
5145413,DART-HXFL-M6-SEAT,4.99
5145707,"SPACER-6.6ID,9.1ODX14.2",9.99
5145827-626,"MOUNT-FOOTPEG,LH,",149.99
5257156,GASKET-EXHAUST,16.99
5257205,SWINGARM GUSSET,49.99
5257941,SWINGARM GUSSET,59.99
5258735,OUTER CROSS BRACKET,169.99
5266303,"PLATE-GUSSET,",39.99
5267151-329,"BRKT-STOP,SIDESTAND,",39.99
5268115,"RADIATOR BRACKET, ",44.99
5270007,CLIP-STATOR WIRE,8.99
5271811,"SEAT-SPRING,CLUTCH",9.99
5272028,"DISK-CLUTCH,",49.99
5272029,"DISK-CLUTCH,",49.99
5272030,"SEAT-SPRING,JUDDER",16.99
5272031,"PLATE-STOPPER,CLUTCH",69.99
5273296,"GASKET-EXHAUST,",39.99
5273906-162,"BADGE-TANK,BLOCK,",84.99
5274413,"GASKET-EXH,HEADER-",3.99
5412530H,O-RING-26.65X2.62,1.99
5413491H,"ISOLATOR-TNK,REAR",2.99
5414830H,"SEAL-FUEL,PFA",44.99
5414970,"PAD-SIDESTAND,N",24.99
5415048,PUSHROD TUBE BASE,39.99
5415489,SEAT GROMMET,13.99
5415725H,SLEEVE-SHIFTER,5.99
5415825,FILTER-AIR-INTAKE,104.99
5415984,GASKET-ACG INNER,79.99
5416039,"O-RING, 45 MM X 4 MM",6.99
5416650,"GRIP-THROTTLE,HEATED",129.99
5416707,BUMPER-RUBBER,2.99
5416819,"GASKET-COVER,WATER ",12.99
5416856,"ISOLATOR-9.1ID,22.4",8.99
5416879,"GROMMET-BEZEL,",39.99
5418249,"GRIP-NON-THROTTLE,",84.99
5418293,SEAL-PRIMARY COVER,49.99
5418294,SEAL-STATOR COVER,79.99
5418501,GROMMET-RETENTION,1.99
5433833H,GROMMET-SIDE COVER,5.29
5437772H,GROMMET-4MM,3.99
5450652,PLUG-FRAME/MUFFLER,6.99
5450958,RING-PARBAK-121,7.99
5451827,"TAILLIGHT GROMMET, ",11.99
5454136-463,SWITCH CONTROL COVER,114.99
5454137-463,SWITCH CTRL COVER 3,124.99
5454537-2181,"CVR-AIRBOX,RH,BLK.",519.99
5454592-01,"FAIRING BADGE, INDIAN",54.99
5455021-666,"BEZEL-LOCK,SADLBAG,",154.99
5455468-156,"CENTER-BEZEL,",94.99
5455671-878,"COVER-SIDE,UPR,LH,",559.99
5456170,FRONT FENDER TRIM,74.99
5456381-640,"BIN-SADDLEBAG,FLAT,LH,",944.99
5456381-653,"BIN-SADDLEBAG,FLAT,LH,","1,109.99"
5456739-653,"FAIRING-OUTER,TITNMET","1,169.99"
5456739-800,"FAIRING-OUTER,ONYXBLK","1,169.99"
5456741-156,"TRIM-SIGNAL,LH,CHR",109.99
5456742-156,"TRIM-SIGNAL,RH,CHR",109.99
5456887-632,"DASH-RH,SMKTITNMET",274.99
5457573-866,"CLOSEOUT-FNDR,LWR,LH,",264.99
5457574-866,"CLOSEOUT-FNDR,LWR,",264.99
5457625-866,"CLOSEOUT-FNDR,UPR,LH,",264.99
5457626-866,"CLOSEOUT-FNDR,UPR,",264.99
5457974,"RETAINER-TRAY, STATOR",34.99
5458387-520,COWL BODY-BOBBER,409.99
5458738,"BEZEL-LOCK,TRUNK,",74.99
5458739,"BEZEL-TAILLIGHT,TRUNK,",74.99
5459795,"SPACER-7.5MMX24MM,M6",4.99
5459799,"BRKT-LP,FENDER",84.99
5459800,"TRAY-WIRE,CNTR MNT,RR",24.99
5632961,"CVR-STRUT,WSHR",39.99
5633982-03,"COVER-HINGE,SBAG,RH,",124.99
5810290-COH,PAD-BATTERY,8.99
5810290H,PAD-BATTERY,8.99
5812232H,"WASHER-19X12X1.3,",1.99
5813188H,"WSHR-FL,11X18X1.59MM",1.49
5813897,PRIMARY COVER GASKET,79.99
5813898,OUTER CAM COVER,29.99
5815068,AIR FILTER,34.99
5815195,FILTER-AIR,84.99
7041583H,SPRING-SHIFTER,34.99
7045661H,SPRING-SIDESTAND,74.99
7045814,"SPRING-CLUTCH,",39.99
7045852,SPRING-JUDDER,59.99
7046052,"SPRING-PRESSURE,",39.99
7052600H,"THERMOSTAT-DOUBLE,",54.99
7081179H,"CLAMP-EXHAUST,SS",54.99
7081305H,CLIP-U SPEED NUT,2.49
7081496H,"CLIP FIR-TREE,DIA6-33MM",5.99
7081909,"M5 CLIP, STUD MOUNT ",5.99
7082021,"CLAMP-NARROW BAND,",6.99
7082614,CABLE-CLUTCH,134.99
7082863,"CABLE-CLUTCH,1614MM",134.99
7083019,FILTER-AIR,34.99
7083034,"CLAMP-V BAND,2IN",49.99
7083071,"CABLE-CLUTCH,17MM ",69.99
7083153,"CABLE-CLUTCH,30MM ",69.99
7083154,"CABLE-CLUTCH,30MM ",69.99
7083155,"CABLE-CLUTCH,30MM ",119.99
7191121-01,"BADGE-HEADDRESS,LH,",59.99
7191122-01,"BADGE-HEADDRESS,RH,",59.99
7516738H,SCR-SH-M8X1.25X20 8.8,8.99
7517301H,SCR-SH-M6X1.0X30 10.9,2.99
7517305H,SCR-SH-M6X1.0X20 8.8,5.99
7517510H,SCR-HH-M6X1.0X25 8.8,5.99
7517523H,SCR-SH-M8X1.25X16 A2,5.99
7518591H,SCR-HXFL-M6X1.0X16 8.8,3.99
7518788H,SCR-SH-M6X1.0X7 302SS,8.99
7518908H,SCR-HXFL-M10X1.5X25 8.8,1.99
7519000H,SCR-HXBH-M6X1.0X12 A2,2.99
7519075H,"SCR-SHCS,SHLDR,",29.99
7519303H,SCR-SH-M6X1.0X16 8.8,4.99
7519309H,SCR-HXBH M4.2X1.4X25,8.99
7519350H,SCR-SHLDR-M6X11.75X14,16.99
7519827,SCR-SH-M6X1.0X20 8.8,5.99
7519958,SCR-TXBH-M6X1.0X20 ZPC,6.99
7520093H,SCR-SH-M8X1.25X60 10.9,12.99
7520122H,SCR-HXFL-M6X1.0X20 8.8,5.99
7520325,SCR-HH-M10X1.5X55 10.9,5.99
7520435,SCR-HXBH-M6X1.0X12 SS,3.99
7520719H,"SCR-HXFL-M10X1.5X35,",5.99
7520829,SCR-SH-M8X1.25X25 8.8,4.99
7520851,SEMI-FLOAT ROTOR,3.99
7520858,"STUD-M8X1.25X45,",4.99
7520960H,"SCR-SWPH-#8X19,MAGNI,",4.99
7520993,"SCR-SHLDR,M6X1.0X7MM",4.99
7521006,SCR-SH-M8X1.25X27 8.8,8.99
7521014H,"SCR-HXFL,M8X1.25X25,",1.99
7521110,SCR-SH-M6X1.0X17 A2 EP,4.99
7521284,"BOLT-M8X1.25X20,CSINK, ",8.99
7521331-20H,SCR-HXFL-M6X1.0X20 10.9,4.99
7521333-25H,SCR-HXFL-M10X1.5X25,1.99
7521333-60H,SCR-HXFL-M10X1.5X60,3.99
7527909,SCR-SH-M5X0.8X35 10.9,3.99
7528119H,SCR-TXPH-M4X1.79X10 8.8,4.99
7528343H,SCR-SHFL-M6X1.0X25 10.9,2.99
7547014H,"NUT-HXFLGHD,M8,",8.99
7547184H,"NUT-ACORN,M8",12.99
7547300H,TNUT-M6,1.99
7547453H,NUT-HXFL-M6X1.0 8 ZB3,4.99
7547477H,"NUT-HEX,M20X1.5,32 A/F,",19.99
7547693,"NUT-JAM,M18X1.5 ZC",12.99
7547746H,NUT-HEX-M10X1.5 10 ZB3,2.99
7547829H,NUT-HXFL-M5X0.8 8 ZPC,3.99
7556121H,WSHR-6.4X12.6X0.8,1.49
7556245H,WSHR-8.4X16.0X1.6 ZPC,5.99
7556273H,"WASHER-WAVE,M19",2.99
7556493H,WASHER,5.99
7556937H,WASHER-COPPER,3.99
7557116,"WASHER-SPRING,ROTOR",3.99
7557132,WASHER-25X40X1.2 ZPC,4.99
7661064H,"RIVET-TRUSS,HD SEMI-",2.99
7661873H,"PIN-CLEVIS,M6X13,E-CLIP",29.99
7710568H,"E-CLIP-M5,SS",3.99
7710628H,"RING,SNAP",1.99
7710644H,"RING-RTNG,SPIRAL,EXT,",2.49
7710645H,"RING-RETAINING,",1.49
7710733H,ECLIP-M8,3.99
7710908,"RING-E-CLIP,63/64",4.99
9860014,"MAN-SVC, 2025-26 IND ",89.99
9959055,1901 CLUB GIFTBOX IMC-,13
9959142,MY26.5 IMC ACC/APP CAT,13.8
N61423000,"REVA-TPA, MP630, 1X3",6.99
Supplier Code: IND sub totals (938 records),,
Supplier Code: INTRE,,
TRIPBLBDM,Black Leather Belt 2 Pin - M,45
TRIPBLBDS,Black Leather Belt 2 Pin - S,45
TRIPBLTCDM,T. Brown Leather Belt 2 Pin -,45
TRIPBLTCDS,T. Brown Leather Belt 2 Pin -,45
TRIPGPTN,Leather Grips - Vintage Tan,28
Supplier Code: INTRE sub totals (5 records),,
Supplier Code: K&L,,
Comanche Bagger,Comanche Bagger for '20-25,520
Supplier Code: K&L sub totals (1 record),,
Supplier Code: KENDON,,
OCRD207,Optional Center Rail for Dual,229.95
Supplier Code: KENDON sub totals (1 record),,
Supplier Code: KST,,
KST Apache,"KST Apache Baggers, 10""  ",435
KST Apache,"KST Apache Baggers, 10""  ",435
KST-,Comanche Bagger,520
Supplier Code: KST sub totals (3 records),,
Supplier Code: KT,,
10000417,HANDLEBAR END MIRROR,249.99
5480200130004,HANDLEBAR D=28 MM,133.99
64112940200,HANDLEBAR END MIRROR,127.99
94511942000,USB-C POWER OUTLET,54.99
96000940100,QUICKSHIFTER +,274.99
9630293104404A,CLUTCH LEVER,109.99
9631395004404A,BRAKE LEVER,109.99
A62412939044,HANDLEBAR END MIRROR,142.99
Supplier Code: KT sub totals (8 records),,
Supplier Code: KW,,
3015-001-130-001,ARTEMIS JACKET MD,769.99
3015-001-130-501,ARTEMIS JACKET MD HI-,769.99
3015-001-130-631,ARTEMIS JACKET MD,769.99
3015-001-140-631,ARTEMIS JACKET LG,769.99
3015-001-150-001,ARTEMIS JACKET XL,769.99
3015-001-150-631,ARTEMIS JACKET XL,769.99
3015-001-160-631,ARTEMIS JACKET 2X,769.99
3015-001-160-904,ARTEMIS JACKET 2X,769.99
3015-002-130-359,ARTEMIS JACKET MD,849.99
3015-002-140-000,ARTEMIS JACKET LG,849.99
3015-002-150-631,ARTEMIS JACKET XL,849.99
3016-001-004-001,ARTEMIS PANT 4,599.99
3016-001-006-001,ARTEMIS PANT 6,599.99
3016-001-008-631,ARTEMIS PANT 8,599.99
3016-001-010-001,ARTEMIS PANT 10,599.99
3016-001-010-904,ARTEMIS PANT 10,599.99
3016-001-012-001,ARTEMIS PANT 12,599.99
3016-001-014-631,ARTEMIS PANT 14,599.99
3016-002-004-631,ARTEMIS PANT 4,659.99
3016-002-006-359,ARTEMIS PANT 6 RIFLE,659.99
3016-002-006-631,ARTEMIS PANT 6,659.99
3016-002-008-000,ARTEMIS PANT 8 BLACK,659.99
3016-002-010-631,ARTEMIS PANT 10,659.99
3057-000-030-000,K FIFTY 1 RIDING PANT 30,299.99
3119-000-010-001,ADVENTURE GTX BOOT,499.99
3119-000-010-605,ADVENTURE GTX BOOT,499.99
3119-000-011-001,ADVENTURE GTX BOOT,499.99
3121-001-130-000,FORECAST PANT MD,249.99
3121-001-150-000,FORECAST PANT XL,249.99
3121-001-160-000,FORECAST PANT 2X,249.99
3121-002-130-000,FORECAST PANT MD,299.99
3121-002-140-000,FORECAST PANT LG,299.99
3121-002-150-000,FORECAST PANT XL,299.99
3122-002-150-618,DAKAR JACKET XL,299.99
3142-004-034-609,DAKAR PANT 34,249.99
3147-006-130-000,SUNDANCE PANT MD,89.99
3167-004-130-000,DAKAR GLOVE MD BLACK,44.99
3167-004-140-000,DAKAR GLOVE LG BLACK,44.99
3167-004-150-000,DAKAR GLOVE XL BLACK,44.99
3167-004-160-000,DAKAR GLOVE 2X BLACK,44.99
3168-004-130-001,MOJAVE GLOVE MD,39.99
3168-004-140-001,MOJAVE GLOVE LG,39.99
3168-004-150-001,MOJAVE GLOVE XL,39.99
3168-004-160-001,MOJAVE GLOVE 2X,39.99
3186-004-120-000,DAKAR PRO GLOVE SM,69.99
3186-004-130-000,DAKAR PRO GLOVE MD,69.99
3186-004-150-000,DAKAR PRO GLOVE XL,69.99
3186-004-160-000,DAKAR PRO GLOVE 2X,69.99
3186-004-170-000,DAKAR PRO GLOVE 3X,69.99
3186-005-130-000,DAKAR PRO GLOVE MD,84.99
3186-005-140-000,DAKAR PRO GLOVE LG,84.99
3186-005-140-301,DAKAR PRO GLOVE LG,84.99
3186-005-140-604,DAKAR PRO GLOVE LG,84.99
3186-005-150-000,DAKAR PRO GLOVE XL,84.99
3186-005-150-301,DAKAR PRO GLOVE XL,84.99
3186-005-150-604,DAKAR PRO GLOVE XL,84.99
3186-005-160-000,DAKAR PRO GLOVE 2X,84.99
3216-000-000-000,TEK PAK BLACK,149.99
3319-005-000-000,NAC PAK ONE SIZE FITS,149.99
3319-005-000-645,NAC PAK CASTLEROCK -,149.99
3326-000-130-400,AIRBAG VEST,64.99
3333-001-130-500,FORECAST JACKET MD,249.99
3333-001-140-500,FORECAST JACKET LG HI-,249.99
3333-001-150-500,FORECAST JACKET XL HI-,249.99
3333-001-160-000,FORECAST JACKET 2X,249.99
3333-001-160-500,FORECAST JACKET 2X HI-,249.99
3333-002-130-000,FORECAST JACKET MD,299.99
3333-002-140-000,FORECAST JACKET LG,299.99
3333-002-150-000,FORECAST JACKET XL,299.99
3335-000-110-001,MAVERICK DOWN JACKET,279.99
3335-000-120-219,MAVERICK DOWN JACKET,249.99
3341-002-120-604,MARRAKESH JACKET SM,419.99
3341-002-130-001,MARRAKESH JACKET MD,419.99
3341-002-130-329,MARRAKESH JACKET MD,419.99
3341-002-130-604,MARRAKESH JACKET MD,419.99
3341-002-130-905,MARRAKESH JACKET MD,419.99
3341-002-130-912,MARRAKESH JACKET MD,419.99
3341-002-140-001,MARRAKESH JACKET LG,419.99
3341-002-140-236,MARRAKESH JACKET LG,419.99
3341-002-140-329,MARRAKESH JACKET LG,419.99
3341-002-140-604,MARRAKESH JACKET LG,419.99
3341-002-140-912,MARRAKESH JACKET LG,419.99
3341-002-150-001,MARRAKESH JACKET XL,419.99
3341-002-150-236,MARRAKESH JACKET XL,419.99
3341-002-150-604,MARRAKESH JACKET XL,419.99
3341-002-150-905,MARRAKESH JACKET XL,419.99
3341-002-160-604,MARRAKESH JACKET 2X,419.99
3343-000-120-000,WOMEN'S MARRAKESH,419.99
3343-000-130-303,WOMEN'S MARRAKESH,419.99
3343-000-140-604,WOMEN'S MARRAKESH,419.99
3343-000-150-219,WOMEN'S MARRAKESH,419.99
3499-001-000-302,NAC PAK 3L HYDRAPAK,189.99
3503-001-130-609,AGGRESSOR -1.0 SHORT,74.99
3503-001-140-000,AGGRESSOR -1.0 SHORT,74.99
3503-001-140-609,AGGRESSOR -1.0 SHORT,74.99
3503-001-140-908,AGGRESSOR -1.0 SHORT,74.99
3503-001-150-000,AGGRESSOR -1.0 SHORT,74.99
3503-001-150-609,AGGRESSOR -1.0 SHORT,74.99
3503-001-150-908,AGGRESSOR -1.0 SHORT,74.99
3504-001-140-000,AGGRESSOR -1.0 LONG,84.99
3504-001-140-609,AGGRESSOR -1.0 LONG,84.99
3504-001-140-908,AGGRESSOR -1.0 LONG,84.99
3504-001-150-000,AGGRESSOR -1.0 LONG,84.99
3504-001-150-609,AGGRESSOR -1.0 LONG,84.99
3504-001-160-609,AGGRESSOR -1.0 LONG,84.99
3505-000-000-608,ARSENAL 30 BACKPACK,199.99
3525-000-140-500,VANTAGE HI VIZ VEST LG,89.99
3550-000-130-001,X1 ALPHA HELMET,899.99
3550-000-140-001,X1 ALPHA HELMET,899.99
3550-000-140-004,X1 ALPHA HELMET,899.99
3550-000-140-005,X1 ALPHA HELMET,899.99
3550-000-140-006,X1 ALPHA HELMET,874.99
3550-000-140-008,X1 ALPHA HELMET,899.99
3550-000-140-010,X1 ALPHA HELMET,899.99
3550-000-150-001,X1 ALPHA HELMET,899.99
3550-000-150-003,X1 ALPHA HELMET,899.99
3560-000-130-001,GT1 EXPEDITION HELMET,999.99
3560-000-140-001,GT1 EXPEDITION HELMET,999.99
3560-000-140-002,GT1 EXPEDITION HELMET,999.99
3560-000-140-004,GT1 EXPEDITION HELMET,999.99
3560-000-140-005,GT1 EXPEDITION HELMET,999.99
3560-000-150-001,GT1 EXPEDITION HELMET,999.99
3560-000-150-002,GT1 EXPEDITION HELMET,999.99
3580-000-130-000,ANTORA FEATHERLESS,139.99
3610-000-130-003,KRIOS PRO HELMET,749.99
3610-000-150-003,KRIOS PRO HELMET,749.99
3610-000-150-012,KRIOS PRO HELMET,749.99
3610-001-120-003,KRIOS PRO HELMET,724.99
3610-001-130-003,KRIOS PRO HELMET,724.99
3610-001-130-012,KRIOS PRO HELMET,749.99
3610-001-130-014,KRIOS PRO HELMET,749.99
3610-001-130-016,KRIOS PRO HELMET,749.99
3610-001-140-003,KRIOS PRO HELMET,724.99
3610-001-140-012,KRIOS PRO HELMET,749.99
3610-001-140-013,KRIOS PRO HELMET,749.99
3610-001-140-014,KRIOS PRO HELMET,749.99
3610-001-140-016,Krios Pro Helmet ECE/DOT,749.99
3610-001-140-017,Krios Pro Helmet ECE/DOT,749.99
3610-001-140-019,KRIOS PRO HELMET,749.99
3610-001-150-003,KRIOS PRO HELMET,724.99
3610-001-150-012,KRIOS PRO HELMET,749.99
3715-001-130-000,ZEPHYR WIND SHIRT MD,109.99
3715-001-140-000,ZEPHYR WIND SHIRT LG,109.99
3715-001-150-000,ZEPHYR WIND SHIRT XL,109.99
3717-001-032-001,MARRAKESH PANT 32,379.99
3717-001-034-001,MARRAKESH PANT 34,379.99
3717-001-034-608,MARRAKESH PANT 34,379.99
3717-001-036-001,MARRAKESH PANT 36,379.99
3717-001-036-608,MARRAKESH PANT 36,379.99
3717-001-038-001,MARRAKESH PANT 38,379.99
3717-001-038-608,MARRAKESH PANT 38,379.99
3717-001-236-001,MARRAKESH PANT TALL,399.99
3717-001-332-604,MARRAKESH PANT,379.99
3718-000-130-000,Marrakesh Glove MD Black,99.99
3718-000-170-000,Marrakesh Glove 3X Black,99.99
3718-001-130-000,MARRAKESH GLOVE MD,99.99
3718-001-140-000,MARRAKESH GLOVE LG,99.99
3718-001-150-000,MARRAKESH GLOVE XL,99.99
3718-001-160-000,MARRAKESH GLOVE 2X,99.99
3719-002-380-911,OUTRIDER PANT 38 X 30,199.99
3719-003-320-000,OUTRIDER PANT 32 X 30,179.99
3719-003-320-910,OUTRIDER PANT 32 X 30,179.99
3719-003-320-911,OUTRIDER PANT 32 X 30,179.99
3719-003-340-000,OUTRIDER PANT 34 X 30,179.99
3719-003-340-910,OUTRIDER PANT 34 X 30,179.99
3719-003-340-911,OUTRIDER PANT 34 X 30,179.99
3719-003-360-000,OUTRIDER PANT 36 X 30,179.99
3719-003-360-910,OUTRIDER PANT 36 X 30,179.99
3719-003-360-911,OUTRIDER PANT 36 X 30,179.99
3719-003-380-911,OUTRIDER PANT 38 X 30,179.99
3737-001-140-660,HARDANGER ONE PIECE,"1,399.99"
3766-001-120-000,KIDNEY BELT SM - LG,44.99
3773-000-000-004,KLIM CORP HAT BLACK -,22.39
3778-000-140-000,K CORP SS T LG BLACK -,29.99
3778-000-150-000,K CORP SS T XL BLACK -,29.99
3778-000-160-000,K CORP SS T 2X BLACK -,29.99
3793-000-320-207,K FORTY 2 STRAIGHT,279.99
3793-000-340-206,K FORTY 2 STRAIGHT,279.99
3793-000-340-207,K FORTY 2 STRAIGHT,279.99
3793-000-342-206,K FORTY 2 STRAIGHT,279.99
3793-000-342-207,K FORTY 2 STRAIGHT,279.99
3793-000-360-206,K FORTY 2 STRAIGHT,279.99
3793-000-360-207,K FORTY 2 STRAIGHT,279.99
3793-000-362-206,K FORTY 2 STRAIGHT,279.99
3793-000-362-207,K FORTY 2 STRAIGHT,279.99
3793-000-380-207,K FORTY 2 STRAIGHT,279.99
3855-000-320-206,UNLIMITED STRAIGHT,199.99
3855-000-320-207,UNLIMITED STRAIGHT,199.99
3855-000-320-630,UNLIMITED STRAIGHT,199.99
3855-000-322-206,UNLIMITED STRAIGHT,199.99
3855-000-340-206,UNLIMITED STRAIGHT,199.99
3855-000-340-207,UNLIMITED STRAIGHT,199.99
3855-000-340-630,UNLIMITED STRAIGHT,199.99
3855-000-342-206,UNLIMITED STRAIGHT,199.99
3855-000-360-206,UNLIMITED STRAIGHT,199.99
3855-000-360-207,UNLIMITED STRAIGHT,199.99
3855-000-360-630,UNLIMITED STRAIGHT,199.99
3855-000-380-206,UNLIMITED STRAIGHT,199.99
3855-000-382-206,UNLIMITED STRAIGHT,199.99
3914-001-120-605,AVALON JACKET SM VIVID,399.99
3914-001-130-001,AVALON JACKET MD,399.99
3914-001-130-605,AVALON JACKET MD VIVID,399.99
3914-001-140-001,AVALON JACKET LG,399.99
3914-001-140-103,AVALON JACKET LG,399.99
3914-001-140-605,AVALON JACKET LG VIVID,399.99
3914-001-140-612,AVALON JACKET LG,399.99
3914-001-150-001,AVALON JACKET XL,399.99
3914-001-150-605,AVALON JACKET XL VIVID,399.99
3914-001-150-612,AVALON JACKET XL,399.99
3917-001-320-005,SWITCHBACK CARGO,299.99
3917-001-320-609,SWITCHBACK CARGO,299.99
3917-001-320-905,SWITCHBACK CARGO,299.99
3917-001-340-005,SWITCHBACK CARGO,299.99
3917-001-340-609,SWITCHBACK CARGO,299.99
3917-001-340-905,SWITCHBACK CARGO,299.99
3917-001-360-005,SWITCHBACK CARGO,299.99
3917-001-360-905,SWITCHBACK CARGO,299.99
3917-001-362-905,SWITCHBACK CARGO,299.99
3917-001-380-609,SWITCHBACK CARGO,299.99
3922-000-160-000,Vanguard GTX Short Glove,129.99
3922-001-120-001,VANGUARD GTX SHORT,169.99
3922-001-120-609,VANGUARD GTX SHORT,149.99
3922-001-130-001,VANGUARD GTX SHORT,169.99
3922-001-130-609,VANGUARD GTX SHORT,169.99
3922-001-140-001,VANGUARD GTX SHORT,169.99
3922-001-140-609,VANGUARD GTX SHORT,169.99
3922-001-150-001,VANGUARD GTX SHORT,169.99
3922-001-150-609,VANGUARD GTX SHORT,149.99
3922-001-160-001,VANGUARD GTX SHORT,169.99
3922-001-160-609,VANGUARD GTX SHORT,169.99
3923-099-130-001,BADLANDS GTX LONG,249.99
3923-099-140-001,BADLANDS GTX LONG,249.99
3923-099-150-001,BADLANDS GTX LONG,249.99
3923-099-160-001,BADLANDS GTX LONG,249.99
3924-002-130-609,BADLANDS AERO PRO,159.99
3924-002-140-001,BADLANDS AERO PRO,159.99
3924-002-140-004,BADLANDS AERO PRO,159.99
3924-002-140-609,BADLANDS AERO PRO,159.99
3924-002-140-904,BADLANDS AERO PRO,159.99
3924-002-150-001,BADLANDS AERO PRO,159.99
3924-002-150-004,BADLANDS AERO PRO,159.99
3924-002-150-609,BADLANDS AERO PRO,159.99
3924-002-150-904,BADLANDS AERO PRO,159.99
3924-002-160-609,BADLANDS AERO PRO,159.99
3924-003-120-001,BADLANDS AERO PRO,179.99
3924-003-130-001,BADLANDS AERO PRO,179.99
3924-003-140-001,BADLANDS AERO PRO,179.99
3924-003-140-004,BADLANDS AERO PRO,179.99
3924-003-140-359,BADLANDS AERO PRO,179.99
3924-003-140-609,BADLANDS AERO PRO,179.99
3924-003-150-001,BADLANDS AERO PRO,179.99
3924-003-150-004,BADLANDS AERO PRO,179.99
3924-003-150-359,BADLANDS AERO PRO,179.99
3924-003-150-609,BADLANDS AERO PRO,179.99
3924-003-160-001,BADLANDS AERO PRO,179.99
3926-001-007-001,OUTLANDER GTX BOOT 7,299.99
3926-001-008-001,OUTLANDER GTX BOOT 8,299.99
3926-001-009-001,OUTLANDER GTX BOOT 9,299.99
3926-001-009-653,OUTLANDER GTX BOOT 9,299.99
3926-001-009-902,OUTLANDER GTX BOOT 9,299.99
3926-001-010-001,OUTLANDER GTX BOOT,299.99
3926-001-010-610,OUTLANDER GTX BOOT,299.99
3926-001-010-653,OUTLANDER GTX BOOT,299.99
3926-001-010-902,OUTLANDER GTX BOOT,299.99
3926-001-011-001,OUTLANDER GTX BOOT,299.99
3926-001-011-610,OUTLANDER GTX BOOT,299.99
3926-001-011-653,OUTLANDER GTX BOOT,299.99
3926-001-011-902,OUTLANDER GTX BOOT,299.99
3926-001-012-001,OUTLANDER GTX BOOT,299.99
3926-001-012-610,OUTLANDER GTX BOOT,299.99
3926-001-012-902,OUTLANDER GTX BOOT,299.99
3926-001-013-001,OUTLANDER GTX BOOT,299.99
3935-001-130-001,VANGUARD GTX LONG,199.99
3935-001-130-604,VANGUARD GTX LONG,199.99
3935-001-140-001,VANGUARD GTX LONG,199.99
3935-001-140-604,VANGUARD GTX LONG,199.99
3935-001-150-001,VANGUARD GTX LONG,199.99
3935-001-150-604,VANGUARD GTX LONG,199.99
3935-001-160-604,VANGUARD GTX LONG,199.99
3956-000-125-000,KRIOS PRO CHEEK PADS,34.99
3956-000-130-000,KRIOS PRO CHEEK PADS,34.99
3967-001-008-329,RIDGELINE BOOT 8,249.99
3967-001-008-629,RIDGELINE BOOT 8,249.99
3967-001-009-329,RIDGELINE BOOT 9,249.99
3967-001-009-629,RIDGELINE BOOT 9,249.99
3967-001-010-329,RIDGELINE BOOT 10,249.99
3967-001-010-629,RIDGELINE BOOT 10,249.99
3967-001-011-329,RIDGELINE BOOT 11,249.99
3967-001-011-629,RIDGELINE BOOT 11,249.99
3967-001-012-629,RIDGELINE BOOT 12,249.99
3986-000-030-000,K FIFTY 2 STRAIGHT,299.99
3988-000-000-207,BETTY TAPERED,279.99
3988-000-002-207,BETTY TAPERED,279.99
3988-000-002-210,BETTY TAPERED,279.99
3988-000-004-207,BETTY TAPERED,279.99
3988-000-006-207,BETTY TAPERED,279.99
3988-000-006-210,BETTY TAPERED,279.99
3988-000-008-207,BETTY TAPERED,279.99
3988-000-008-210,BETTY TAPERED,279.99
3988-000-010-207,BETTY TAPERED,279.99
3988-000-012-207,BETTY TAPERED,279.99
4010-002-000-600,QUENCH PAK GRAY,99.99
4038-001-130-641,FLUX JACKET MD,149.99
4052-003-130-609,BADLANDS PRO JACKET,"1,199.99"
4052-003-140-501,BADLANDS PRO JACKET,"1,199.99"
4052-003-140-609,BADLANDS PRO JACKET,"1,199.99"
4052-003-150-001,BADLANDS PRO JACKET,"1,199.99"
4052-003-150-501,BADLANDS PRO JACKET,"1,199.99"
4052-003-160-609,BADLANDS PRO JACKET,"1,199.99"
4052-004-130-541,BADLANDS PRO JACKET,"1,299.99"
4052-004-140-605,BADLANDS PRO JACKET,"1,299.99"
4052-004-140-615,BADLANDS PRO JACKET,"1,299.99"
4052-004-150-000,BADLANDS PRO JACKET,"1,299.99"
4053-003-034-609,BADLANDS PRO PANT 34,799.99
4053-003-036-609,BADLANDS PRO PANT 36,799.99
4053-003-038-609,BADLANDS PRO PANT 38,799.99
4053-004-034-000,BADLANDS PRO PANT 34,899.99
4053-004-034-541,BADLANDS PRO PANT 34,899.99
4053-004-036-605,BADLANDS PRO PANT 36,899.99
4053-004-036-615,BADLANDS PRO PANT 36,899.99
4053-004-038-000,BADLANDS PRO PANT 38,899.99
4054-001-000-300,ARSENAL VEST SAGE - HI-,249.99
4055-001-130-600,TACTICAL PRO JERSEY,179.99
4061-000-170-600,BAJA S4 JACKET 3X,629.99
4061-001-130-648,BAJA S4 JACKET MD,599.99
4061-001-140-017,BAJA S4 JACKET LG,599.99
4061-001-140-636,BAJA S4 JACKET LG HIGH-,599.99
4061-001-140-648,BAJA S4 JACKET LG,599.99
4061-001-140-695,BAJA S4 JACKET LG,599.99
4061-001-150-636,BAJA S4 JACKET XL HIGH-,599.99
4061-001-150-648,BAJA S4 JACKET XL,599.99
4061-001-160-648,BAJA S4 JACKET 2X,599.99
4062-001-032-648,BAJA S4 PANT 32,519.99
4062-001-034-636,BAJA S4 PANT 34 HIGH-,519.99
4062-001-034-648,BAJA S4 PANT 34,519.99
4062-001-036-648,BAJA S4 PANT 36,519.99
4062-001-038-648,BAJA S4 PANT 38,519.99
4062-001-336-017,BAJA S4 PANT SHORT 36,519.99
4062-002-336-017,BAJA PANT SHORT 36,579.99
4063-000-120-660,BAJA S4 GLOVE SM,89.99
4063-000-130-660,BAJA S4 GLOVE MD,89.99
4063-000-140-660,BAJA S4 GLOVE LG,89.99
4063-000-150-660,BAJA S4 GLOVE XL,89.99
4063-000-160-660,BAJA S4 GLOVE 2X,89.99
4063-001-130-628,BAJA S4 GLOVE MD,99.99
4063-001-140-628,BAJA S4 GLOVE LG,99.99
4063-001-140-636,BAJA S4 GLOVE LG HIGH-,99.99
4063-001-150-628,BAJA S4 GLOVE XL,99.99
4063-001-160-017,BAJA S4 GLOVE 2X BLACK,99.99
4063-001-160-615,BAJA S4 GLOVE 2X HIGH-,99.99
4063-001-160-628,BAJA S4 GLOVE 2X,99.99
4063-001-160-636,BAJA S4 GLOVE 2X HIGH-,99.99
4069-002-000-000,KLIM DELUXE,79.99
4102-002-034-000,BADLANDS PRO A3 PANT,"1,099.99"
4278-000-000-562,ROGUE LEVEL 2,44.99
4280-000-000-562,ROGUE LEVEL 2 BACK,54.99
4285-000-000-562,ROGUE LEVEL 2,44.99
4286-000-000-562,ROGUE LEVEL 2 HIP PADS,44.99
4289-000-130-603,SEDONA JACKET MD,549.99
4289-000-140-603,SEDONA JACKET LG,549.99
4289-000-150-656,SEDONA JACKET XL,549.99
4290-000-008-001,SEDONA PANT 8 STEALTH,469.99
4290-000-010-656,SEDONA PANT 10 SLATE,469.99
5028-002-110-001,INDUCTION GLOVE XS,149.99
5028-002-110-605,INDUCTION GLOVE XS,149.99
5028-002-120-001,INDUCTION GLOVE SM,149.99
5028-002-120-605,INDUCTION GLOVE SM,149.99
5028-002-120-609,INDUCTION GLOVE SM,149.99
5028-002-130-001,INDUCTION GLOVE MD,149.99
5028-002-130-605,INDUCTION GLOVE MD,149.99
5028-002-130-609,INDUCTION GLOVE MD,149.99
5028-002-130-625,INDUCTION GLOVE MD,149.99
5028-002-140-001,INDUCTION GLOVE LG,149.99
5028-002-140-605,INDUCTION GLOVE LG,149.99
5028-002-140-609,INDUCTION GLOVE LG,149.99
5028-002-140-625,INDUCTION GLOVE LG,149.99
5028-002-150-001,INDUCTION GLOVE XL,149.99
5028-002-150-605,INDUCTION GLOVE XL,149.99
5028-002-150-609,INDUCTION GLOVE XL,149.99
5028-002-150-625,INDUCTION GLOVE XL,149.99
5028-002-160-001,INDUCTION GLOVE 2X,149.99
5028-002-160-605,INDUCTION GLOVE 2X,149.99
5028-002-160-609,INDUCTION GLOVE 2X,149.99
5028-002-160-625,INDUCTION GLOVE 2X,149.99
5028-002-170-001,INDUCTION GLOVE 3X,149.99
5028-002-170-609,INDUCTION GLOVE 3X,149.99
5031-002-120-000,ADVENTURE GTX SHORT,199.99
5031-002-130-000,ADVENTURE GTX SHORT,199.99
5031-002-130-660,ADVENTURE GTX SHORT,199.99
5031-002-140-000,ADVENTURE GTX SHORT,199.99
5031-002-140-609,ADVENTURE GTX SHORT,199.99
5031-002-140-660,ADVENTURE GTX SHORT,199.99
5031-002-140-900,ADVENTURE GTX SHORT,179.99
5031-002-150-000,ADVENTURE GTX SHORT,199.99
5031-002-150-609,ADVENTURE GTX SHORT,199.99
5031-002-150-660,ADVENTURE GTX SHORT,199.99
5031-002-150-900,ADVENTURE GTX SHORT,179.99
5031-002-160-000,ADVENTURE GTX SHORT,199.99
5031-002-160-660,ADVENTURE GTX SHORT,199.99
5034-001-120-000,MOJAVE PRO GLOVE SM,64.99
5034-001-130-000,MOJAVE PRO GLOVE MD,64.99
5034-001-130-600,MOJAVE PRO GLOVE MD,64.99
5034-001-130-900,MOJAVE PRO GLOVE MD,64.99
5034-001-140-000,MOJAVE PRO GLOVE LG,64.99
5034-001-140-600,MOJAVE PRO GLOVE LG,64.99
5034-001-140-900,MOJAVE PRO GLOVE LG,64.99
5034-001-150-000,MOJAVE PRO GLOVE XL,64.99
5034-001-150-600,MOJAVE PRO GLOVE XL,64.99
5034-001-150-900,MOJAVE PRO GLOVE XL,64.99
5034-001-160-000,MOJAVE PRO GLOVE 2X,64.99
5034-001-160-600,MOJAVE PRO GLOVE 2X,64.99
5034-001-160-900,MOJAVE PRO GLOVE 2X,64.99
5034-001-170-000,MOJAVE PRO GLOVE 3X,64.99
5034-002-120-001,MOJAVE PRO GLOVE SM,79.99
5034-002-130-001,MOJAVE PRO GLOVE MD,79.99
5034-002-130-904,MOJAVE PRO GLOVE MD,79.99
5034-002-140-001,MOJAVE PRO GLOVE LG,79.99
5034-002-140-904,MOJAVE PRO GLOVE LG,79.99
5034-002-150-001,MOJAVE PRO GLOVE XL,79.99
5034-002-150-904,MOJAVE PRO GLOVE XL,79.99
5034-002-160-001,MOJAVE PRO GLOVE 2X,79.99
5034-002-170-001,MOJAVE PRO GLOVE 3X,79.99
5049-001-000-000,KLIM SUSPENDERS,39.99
5053-003-000-000,REVIVEX DURABLE,24.95
5056-001-130-001,INDUCTION PRO JACKET,549.99
5056-001-130-605,INDUCTION PRO JACKET,549.99
5056-001-130-616,INDUCTION PRO JACKET,549.99
5056-001-140-001,INDUCTION PRO JACKET,549.99
5056-001-140-605,INDUCTION PRO JACKET,549.99
5056-001-140-616,INDUCTION PRO JACKET,549.99
5056-001-150-001,INDUCTION PRO JACKET,549.99
5056-001-150-605,INDUCTION PRO JACKET,549.99
5056-001-150-616,INDUCTION PRO JACKET,549.99
5056-001-160-605,INDUCTION PRO JACKET,549.99
5060-003-120-604,INDUCTION JACKET SM,399.99
5060-003-130-001,INDUCTION JACKET MD,449.99
5060-003-130-210,INDUCTION JACKET MD,449.99
5060-003-130-501,INDUCTION JACKET MD,449.99
5060-003-130-604,INDUCTION JACKET MD,449.99
5060-003-140-001,INDUCTION JACKET LG,449.99
5060-003-140-210,INDUCTION JACKET LG,449.99
5060-003-140-501,INDUCTION JACKET LG HI-,449.99
5060-003-140-604,INDUCTION JACKET LG,449.99
5060-003-150-001,INDUCTION JACKET XL,449.99
5060-003-150-009,INDUCTION JACKET XL,449.99
5060-003-150-210,INDUCTION JACKET XL,449.99
5060-003-150-501,INDUCTION JACKET XL HI-,449.99
5060-003-150-604,INDUCTION JACKET XL,449.99
5060-003-160-001,INDUCTION JACKET 2X,399.99
5060-003-160-210,INDUCTION JACKET 2X,399.99
5060-003-160-501,INDUCTION JACKET 2X HI-,449.99
5060-003-160-604,INDUCTION JACKET 2X,449.99
5060-003-170-604,INDUCTION JACKET 3X,429.99
5061-000-030-604,INDUCTION PANT 30,449.99
5061-000-032-001,INDUCTION PANT 32,449.99
5061-000-032-604,INDUCTION PANT 32,449.99
5061-000-034-001,INDUCTION PANT 34,449.99
5061-000-034-604,INDUCTION PANT 34,449.99
5061-000-036-001,INDUCTION PANT 36,449.99
5061-000-036-604,INDUCTION PANT 36,449.99
5061-000-038-001,INDUCTION PANT 38,449.99
5061-000-038-604,INDUCTION PANT 38,449.99
5061-000-040-604,INDUCTION PANT 40,449.99
5061-000-334-001,INDUCTION PANT SHORT,449.99
5061-000-334-604,INDUCTION PANT SHORT,449.99
5061-000-336-604,INDUCTION PANT SHORT,449.99
5093-003-130-001,ALTITUDE JACKET MD,699.99
5093-004-130-246,ALTITUDE JACKET MD,799.99
5093-004-140-000,ALTITUDE JACKET LG,799.99
5093-004-150-649,ALTITUDE JACKET XL,799.99
5094-003-006-001,ALTITUDE PANT 6,549.99
5094-003-008-001,ALTITUDE PANT 8,549.99
5094-004-006-246,ALTITUDE PANT 6 DRESS,599.99
5094-004-008-000,ALTITUDE PANT 8 BLACK,599.99
5094-004-010-614,ALTITUDE PANT 10 HIGH-,599.99
5146-004-120-604,Latitude Jacket SM Cool,799.99
5146-004-130-001,LATITUDE JACKET MD,799.99
5146-004-130-604,Latitude Jacket MD Cool,799.99
5146-004-140-001,Latitude Jacket LG Stealth,799.99
5146-004-140-233,Latitude Jacket LG Dress,799.99
5146-004-140-604,Latitude Jacket LG Cool,799.99
5146-004-140-606,LATITUDE JACKET LG,799.99
5146-004-140-645,Latitude Jacket LG,799.99
5146-004-150-604,Latitude Jacket XL Cool,799.99
5146-004-160-604,Latitude Jacket 2X Cool,799.99
5146-005-130-000,LATITUDE JACKET MD,849.99
5146-005-140-000,LATITUDE JACKET LG,849.99
5146-005-140-246,LATITUDE JACKET LG,849.99
5146-005-140-649,LATITUDE JACKET LG,849.99
5146-005-150-000,LATITUDE JACKET XL,849.99
5146-005-150-649,LATITUDE JACKET XL,849.99
5146-005-160-000,LATITUDE JACKET 2X,849.99
5147-004-032-604,LATITUDE PANT 32 COOL,649.99
5147-004-034-604,LATITUDE PANT 34 COOL,649.99
5147-004-036-604,LATITUDE PANT 36 COOL,649.99
5147-004-038-233,LATITUDE PANT 38 DRESS,649.99
5147-004-042-604,LATITUDE PANT 42 COOL,649.99
5147-004-334-626,LATITUDE PANT SHORT 34,649.99
5147-004-336-233,LATITUDE PANT SHORT 36,649.99
5147-004-336-604,LATITUDE PANT SHORT 36,649.99
5147-004-336-626,LATITUDE PANT SHORT 36,649.99
5147-005-030-246,LATITUDE PANT 30 DRESS,729.99
5147-005-032-246,LATITUDE PANT 32 DRESS,729.99
5147-005-034-000,LATITUDE PANT 34 BLACK,729.99
5147-005-036-000,LATITUDE PANT 36 BLACK,729.99
5147-005-038-000,LATITUDE PANT 38 BLACK,729.99
5147-005-334-614,LATITUDE PANT SHORT 34,729.99
6001-002-130-000,CREW SOCK MD BLACK,13.59
6001-002-130-800,CREW SOCK MD WHITE,13.59
6001-002-140-000,CREW SOCK LG BLACK,13.59
6001-002-140-800,CREW SOCK LG WHITE,13.59
6001-002-150-000,CREW SOCK XL BLACK,13.59
6001-002-150-800,CREW SOCK XL WHITE,13.59
6004-003-130-002,AGGRESSOR VENTED,29.99
6004-003-140-002,AGGRESSOR VENTED,29.99
6004-003-150-002,AGGRESSOR VENTED,29.99
6024-003-000-003,TEK SOK STATIK,24.99
6029-002-120-222,CARLSBAD JACKET SM,729.99
6029-002-130-000,CARLSBAD JACKET MD,729.99
6029-002-130-222,CARLSBAD JACKET MD,729.99
6029-002-130-604,CARLSBAD JACKET MD,729.99
6029-002-140-000,CARLSBAD JACKET LG,729.99
6029-002-140-201,CARLSBAD JACKET LG,729.99
6029-002-140-222,CARLSBAD JACKET LG,729.99
6029-002-140-604,CARLSBAD JACKET LG,729.99
6029-002-140-660,CARLSBAD JACKET LG,729.99
6029-002-150-000,CARLSBAD JACKET XL,729.99
6029-002-150-222,CARLSBAD JACKET XL,729.99
6029-002-150-604,CARLSBAD JACKET XL,729.99
6029-002-160-000,CARLSBAD JACKET 2X,729.99
6029-002-160-604,CARLSBAD JACKET 2X,729.99
6029-003-130-001,CARLSBAD JACKET MD,799.99
6029-003-140-001,CARLSBAD JACKET LG,799.99
6029-003-140-360,CARLSBAD JACKET LG,799.99
6029-003-140-541,CARLSBAD JACKET LG,799.99
6029-003-140-631,CARLSBAD JACKET LG,799.99
6029-003-140-664,CARLSBAD JACKET LG,799.99
6029-003-150-001,CARLSBAD JACKET XL,799.99
6029-003-150-541,CARLSBAD JACKET XL,799.99
6029-003-160-001,CARLSBAD JACKET 2X,799.99
6030-002-032-000,CARLSBAD PANT 32,599.99
6030-002-032-604,CARLSBAD PANT 32 COOL,599.99
6030-002-034-000,CARLSBAD PANT 34,599.99
6030-002-034-604,CARLSBAD PANT 34 COOL,599.99
6030-002-036-000,CARLSBAD PANT 36,599.99
6030-002-036-201,CARLSBAD PANT 36,599.99
6030-002-036-604,CARLSBAD PANT 36 COOL,599.99
6030-002-036-660,CARLSBAD PANT 36,599.99
6030-002-038-604,CARLSBAD PANT 38 COOL,599.99
6030-002-042-000,CARLSBAD PANT 42,599.99
6030-002-042-604,CARLSBAD PANT 42 COOL,599.99
6030-002-338-000,CARLSBAD PANT SHORT,599.99
6030-002-338-201,CARLSBAD PANT SHORT,599.99
6030-002-338-604,CARLSBAD PANT SHORT,599.99
6030-003-034-001,CARLSBAD PANT 34,659.99
6030-003-036-001,CARLSBAD PANT 36,659.99
6030-003-036-541,CARLSBAD PANTS 36 REG,659.99
6030-003-038-001,CARLSBAD PANT 38,659.99
Supplier Code: KW sub totals (558 records),,
Supplier Code: LBBMW,,
76125A80E30,JACKET DOWNFORCE,599
Supplier Code: LBBMW sub totals (1 record),,
Supplier Code: LH,,
02-611,800/353/328 PNLCK RDY,39.98
02-612,Shield Dark Smoke,44.98
02-613,Shield Silver Iridium,49.98
03-005,REBELLION SUNSHIELD,19.98
03-007,REBELLION SUNSHIELD,19.98
03-169,VALIANT OUTER FACE,44.98
03-328,VALIANT PINLOCK READY,39.98
03-443,Shield Green Iridium,49.98
03-503,800/353/328 PNLCK RDY,49.98
03-504,Shield Blue Iridium,49.98
03-505,800/353/328/810 PNLK RDY,49.98
03-506,Shield Sunset Red Iridium,49.98
03-818,Shield Rainbow Iridium,49.98
04-155,Shield Blue Iridium Citation II,59.98
04-237,Shield Dark Smoke Citation,49.98
04-240,Shield Silver Iridium Citation,59.98
04-242,FOCAL BLUETOOTH,299.98
04-428,901/901C PINLOCK READY,49.98
04-440,ADVANT PINLOCK READY,59.98
04-448,901/901C PINLOCK READY,59.98
04-478,ADVANT X/ADVANT X C,49.98
04-481,ADVANT X SLIM CHEEK,24.98
04-495,ADVANT X CARBON LINER,34.98
04-501,ADVANT X CARBON,34.98
04-588,LS2 CARDO 4X USC - NLA,249.98
04-590,RAPID III/STREAM II,44.98
04-600,STROBE II PINLOCK,44.98
04-648,Shield Sunset Red Iridium,59.98
04-650,Shield Green Iridium Citation,59.98
04-658,901 PNLCK RDY SHIELD,59.98
04-659,901 PNLCK RDY SHIELD,59.98
04-660,901 PNLCK RDY SHIELD,59.98
04-661,901 PNLCK RDY SHIELD,59.98
04-669,CITATION II TRANSITION,139.98
04-787,CHLLNGR II/DRGN C OTR,59.98
04-791,CHLLNGR II/DRGN C OTR,59.98
04-793,CHLLNGR II/DRGN C OTR,59.98
04-795,CHLLNGR II/DRGN C OTR,59.98
04-797,CHLLNGR II/DRGN C OTR,59.98
04-808,CHLLNGR II/DRGN C OTR,59.98
04-909,ASSAULT III OUTR SHLD,59.98
04-910,ASSAULT III OUTR SHLD,59.98
04-918,ASSAULT III OUTR SHLD,59.98
04-919,ASSAULT III OUTR SHLD,59.98
04-920,ASSAULT III OUTR SHLD,59.98
04-928,ASSAULT III OUTR SHLD,59.98
04-959,RAPID III OTR SHLD DSM,39.98
04-960,RAPID III OUTR SHLD DRK,49.98
04-968,RAPID III OUTR SHLD DRK,49.98
04-969,RAPID III OUTR SHLD DRK,49.98
05-039,ADVANT X/ADVANT X,139.98
353-7012,RAPID II FF MATTE BLACK,109.98
353-7013,RAPID II FF MATTE BLACK,109.98
353-7014,RAPID II FF MATTE BLACK,109.98
353-7015,RAPID II FF MATTE BLACK,109.98
353-7016,RAPID II FF MATTE BLACK,109.98
353-7017,RAPID II FF MATTE BLACK,109.98
353-7023,RAPID II FF GLOSS WHITE,109.98
353-7024,RAPID II FF  GLOSS WHITE,109.98
353-7025,RAPID II FF  GLOSS WHITE,109.98
353-7026,RAPID II FF  GLOSS WHITE,109.98
590-1001,REBELLION HALF HEAD,139.98
590-1005,REBELLION HALF HEAD,139.98
590-1011,REBELLION HALF HEAD,139.98
590-1012,REBELLION HALF HEAD,139.98
590-1013,REBELLION HALF HEAD,139.98
590-1014,REBELLION HALF HEAD,139.98
590-1015,REBELLION HALF HEAD,139.98
590-1016,REBELLION HALF HEAD,139.98
590-1102,REBELLION HALF HEAD,149.98
590-1103,REBELLION HALF HEAD,149.98
590-1104,REBELLION HALF HEAD,149.98
590-1105,REBELLION HALF HEAD,149.98
590-1106,REBELLION HALF HEAD,149.98
66010BKP1,SHIELD BK PCK BK,79.98
800-1012,ASSAULT FULL FACE,179.98
800-1013,ASSAULT FULL FACE,179.98
800-1014,ASSAULT FULL FACE,179.98
800-1015,ASSAULT FULL FACE,179.98
800-1016,ASSAULT FULL FACE,179.98
800-1017,ASSAULT FULL FACE,179.98
800-1027,ASSAULT FULL FACE,179.98
807-2003,DRAGON CARBON SLD FF,599.98
807-2004,DRAGON CARBON SLD FF,599.98
807-2005,DRAGON CARBON SLD FF,599.98
807-2103,DRAGON CARBON,599.98
807-2104,DRAGON CARBON,599.98
807-2105,DRAGON CARBON,599.98
807-2106,DRAGON CARBON,599.98
808-1013,STREAM II FF SOLID,149.98
808-1014,STREAM II FF SOLID,149.98
808-1015,STREAM II FF SOLID,149.98
808-1016,STREAM II FF SOLID,149.98
808-1134,STREAM II FF AMERICA,169.98
810-1112,CENTRIC FF W/DK SM,169.98
810-1113,CENTRIC FF W/DK SM,169.98
810-1114,CENTRIC FF W/DK SM,169.98
810-1115,CENTRIC FF W/DK SM,169.98
810-1116,CENTRIC FF W/DK SM,169.98
811-1013,CITATION II FF SOLID,269.98
811-1014,CITATION II FF SOLID,269.98
811-1015,CITATION II FF SOLID,269.98
811-1016,CITATION II FF SOLID,269.98
811-2003,CITATION II CARBON FF,449.98
811-2004,CITATION II CARBON FF,449.98
811-2005,CITATION II CARBON FF,449.98
818-1013,ASSAULT III SLD FF MTTE,249.98
818-1014,ASSAULT III SLD FF MTTE,249.98
818-1015,ASSAULT III SLD FF MTTE,249.98
818-1016,ASSAULT III SLD FF MTTE,249.98
818-1025,ASSAULT III SLD FF GLSS,249.98
820-1013,RAPID III SLD FF MTTE BK,109.98
820-1014,RAPID III SLD FF MTTE BK,109.98
820-1015,RAPID III SLD FF MTTE BK,109.98
820-1016,RAPID III SLD FF MTTE BK,109.98
820-1017,RAPID III SLD FF MTTE BK,109.98
820-1124,RAPID III FLOW FF GLSS,129.98
900-1002,VALIANT II MODULAR,379.98
900-1016,VALIANT II MODULAR,379.98
901-1014,ADVANT X MODULAR,499.98
901-1015,ADVANT X MODULAR,499.98
901-1016,ADVANT X MODULAR,499.98
901-1017,ADVANT X MODULAR,499.98
901-1023,ADVANT X MODULAR,499.98
901-1024,ADVANT X MODULAR,499.98
901-1025,ADVANT X MODULAR,499.98
901-1026,ADVANT X MODULAR,499.98
901-1027,ADVANT X MODULAR,499.98
901-1034,ADVANT X MODULAR,499.98
901-1113,ADVANT X NVA MOD MTTE,549.98
901-1114,ADVANT X NVA MOD MTTE,549.98
901-1115,ADVANT X NVA MOD MTTE,549.98
901-1116,ADVANT X NVA MOD MTTE,549.98
901-1117,ADVANT X NVA MOD MTTE,549.98
901-2012,ADVANT X CARBON,599.98
901-2013,ADVANT X CARBON,599.98
901-2014,ADVANT X CARBON,599.98
901-2015,ADVANT X CARBON,599.98
901-2016,ADVANT X CARBON,599.98
901-2134,ADVANT X CARBON,599.98
901-2143,ADVANT X CARBON FLL,599.98
901-2144,ADVANT X CARBON FLL,599.98
901-2145,ADVANT X CARBON FLL,599.98
901-2153,ADVANT X CRBN FUTR II,649.98
901-2154,ADVANT X CRBN FUTR II,649.98
901-2155,ADVANT X CRBN FUTR II,649.98
906-1103,ADVANT MODULAR,369.98
906-1104,ADVANT MODULAR,369.98
906-1105,ADVANT MODULAR,369.98
908-1004,STROBE II MODULAR,169.98
908-1005,STROBE II MODULAR,169.98
908-1006,STROBE II MODULAR,169.98
908-1012,STROBE II MODULAR,169.98
908-1013,STROBE II MODULAR,169.98
908-1014,STROBE II MODULAR,169.98
908-1015,STROBE II MODULAR,169.98
908-1016,STROBE II MODULAR,169.98
908-1023,STROBE II MODULAR,169.98
908-1024,STROBE II MODULAR,169.98
908-1025,STROBE II MODULAR,169.98
910-1013,ADVANT II SLD MOD MTTE,399.98
910-1014,ADVANT II SLD MOD MTTE,399.98
910-1015,ADVANT II SLD MOD MTTE,399.98
910-1016,ADVANT II SLD MOD MTTE,399.98
910-1022,ADVANT II SLD MOD GLSS,399.98
910-1143,ADVANT II TRPL MOD,419.98
910-1144,ADVANT II TRPL MOD,419.98
910-1145,ADVANT II TRPL MOD,419.98
MB139-1112,X-Rain Unisex Pants Black,44.98
MB139-1114,X-Rain Unisex Pants Black,44.98
MB139-1116,X-RAIN   PNT BK XL-2XL,44.98
MB139-1119,X-Rain Unisex Pants Black,44.98
MT139-1162,X-RAIN   JCKT BK XS-S,79.98
MT139-1164,X-RAIN   JCKT BK M-L,79.98
MT139-1166,X-RAIN   JCKT BK XL-2XL,79.98
MT139-1169,X-RAIN   JCKT BK 3XL-5XL,79.98
Supplier Code: LH sub totals (176 records),,
Supplier Code: LR,,
LR- RACK-,MotoRacks- Motorcycle,350
LR-HGX,Headlight Guard Kit - BMW,249
LR-MB,MotoBags - Semi-Rigid,"1,299.00"
LR-MB-RL,Rackless MotoBags BMW,"1,499.00"
LR-MotoCase ��� The,MotoCase ��� The Ultimate,999
LR-MotoCase-,MotoCase ��� The Ultimate,"1,099.00"
LR-MotoCase-,MotoCase ��� The Ultimate,999
LR-MotoCase-,MotoCase ��� The Ultimate,"1,099.00"
LR-MotoCase-,MotoCase ��� The Ultimate,"1,099.00"
LR-MTB31,MotoBags- Semi-Rigid,649.5
LR-MTB38,MotoBags- Semi-Rigid,649.5
LR-Overlander 48,Overlander 48 Liters,379.99
LRMR-GSA1300-,MotoRacks ��� Pannier,350
Supplier Code: LR sub totals (13 records),,
Supplier Code: MAXMOTO,,
HE-E-VB2-L,Helite E-Turtle AirBag Vest 2,779
HE-E-VY2-L,Helite E-Turtle AirBag Vest 2,799
HE-E-VY2-M,Helite E-Turtle AirBag Vest 2,799
HE-E-VY2-XL,Helite E-Turtle AirBag Vest 2,799
HE-LYD,HELITE LANYARD,29
HE-VY2-XL,Helite Turtle AirBag Vest 2,699
HEC02100,Helite 100CC Replacement,35
MM7783,FOR DEMO BMW K1600,"2,329.00"
Supplier Code: MAXMOTO sub totals (8 records),,
Supplier Code: MISC,,
2016,2016 Battery,4.99
2025,2025 Battery,4.99
2D000325,OEM Aprilia Safety Switch -,58.34
N136-21,2021 - 2023 BMW S1000R,64.95
smc-300916.b,FORK GATOR GAITER,44.95
Supplier Code: MISC sub totals (5 records),,
Supplier Code: MK,,
AFE49-36609,1314 ACCORD COUPE EXL,"1,329.00"
INBCR2032,LITHIUM 3 VOLT BATTERY,6.79
STG8321,CV JOINT 3/824 X 1 3/4,49.4
VEN0,RH PW FRAME PW,626.22
WLNKLC174,REAR SWAY BAR LINK,143.99
Supplier Code: MK sub totals (5 records),,
Supplier Code: MMALL,,
2889573MM,"K-EFTR,MINI,US",529.99
Supplier Code: MMALL sub totals (1 record),,
Supplier Code: MMS,,
86010281AMMS,PIN,4.6
Supplier Code: MMS sub totals (1 record),,
Supplier Code: MOTO,,
501.6507 00 01,Hepco & Becker Engine,219.5
502.6507 00 01,Hepco & Becker Tank Guard,203.5
Supplier Code: MOTO sub totals (2 records),,
Supplier Code: MOTO PARTS DIRECT,,
CCDV12DC,CCDV12 BMW Clear Clutch,768.91
CCDV18DA,Ccdv18 Ducati V2 Clear,488.8
GR38D,GR38 Panigale V2 MY25,166.67
PSF06A,Clutch Pressure Plate (RED),236.69
ROND11C,ROND11 BMW Muffler,21.01
SM01D,Spring Retainer (BLACK),54.41
SM10A,SM10 BMW Pressure Plate,96.64
SM10C,SM10 BMW Pressure Plate,96.64
TIF04C,TIF04 BMW Inspection Cap -,40.62
Supplier Code: MOTO PARTS DIRECT sub totals (9 records),,
Supplier Code: MOTON,,
SIT-TOR-BKBK-42,SIDI TOUR RAIN BLACK SZ,230
Supplier Code: MOTON sub totals (1 record),,
Supplier Code: MOTOV,,
B33-50TR,CR-T Slip-on Exhaust with,896
B35-93C,SC1-R Exhaust Matte,"1,019.00"
ct462B,Rizoma CT462B Fluid,29.5
IP-BM12-B,Frame Slider Kit by Gilles,325.43
KL031,Adjustable Folding Lever Set,300
PM263S,High Performance P08 Air,85.98
PRN011674-013733,Radiator and Oil Cooler,154
PRN011846,Replacement AXLE Slider,25
PRN011933,Front Fork Sliders by,48
PRN011967,Front Axle Sliders by,56.99
PRN012699,"Rear Axle Sliders, Evotech, ",56.99
PRN013098,Rear Axle Sliders by Evotech,68
PRN013861-013862,Radiator and Oil Cooler,154
PRN014339,Low Profile Frame Sliders by,100
PRN014568-015652,Quad Lock Mount by,86.99
PRN015039-017163,"Frame Sliders, Evotech, ",221.99
PRN015557,Frame Sliders by Evotech,389.99
PRN015589,Frame Sliders by Evotech,367.49
PRN015729,Frame Sliders by Evotech,399
PRN016251,Frame Sliders by Evotech,265.99
PRN016392,Frame Sliders by Evotech,332.47
PRN017182-02,Evotech Tail Tidy - Ducati,196.78
PRN017911,Frame Sliders by Evotech,329.99
PRN018448,"""Low Profile"" replacement ",23.99
UTR-01-B,GILLES TOOLING,19.71
VEU.003.M123S.K,Ilumberger Carbon Bellypan,719.88
Supplier Code: MOTOV sub totals (26 records),,
Supplier Code: MPD,,
RPPIF01,ECCENTRIC LEVER PIN,36.75
Supplier Code: MPD sub totals (1 record),,
Supplier Code: NICH,,
519-CSM2542O,Starter Motor Assembly For,76.99
Supplier Code: NICH sub totals (1 record),,
Supplier Code: NRC,,
S1KR-FE-US-T,FEND ELIMINATOR BMW,220
V2-V4-FE-S-25,Ducati V2/V4,200
Supplier Code: NRC sub totals (2 records),,
Supplier Code: PACPS,,
14-170-060-17,Tractionator Adventure,321.99
26-120-070-19,Tractionator Dual Venture,228.99
Supplier Code: PACPS sub totals (2 records),,
Supplier Code: PARAB,,
BMW Sport/Touring,BMW Sport/Touring,269
Supplier Code: PARAB sub totals (1 record),,
Supplier Code: PB,,
F0001-003,"Pin #3, Front Stand",16.95
F0001-028S,"Pin #28S, Front",49.95
F0002-003,"Replacement Pads (Pair), ",6.95
F0009C-000,"Spool Kit, 8mm + 0.6"" ",27.95
F0009E-BLK,"Spool Kit, 8mm Aluminum w/ ",27.95
F0013A-BLK,"Spool Kit, 6mm w/ 0.12 ",27.95
F0017-000,Front Wheel Chock,82.95
F0028A-000,"Standard or Spooled Rear, ",209.95
F0061A-000,"Sport Classic, Motorcycle ",229.95
F0099-004,"Pin, One Armed Rear - ",52.95
F0099-200,Hybrid One Armed Rear -,252.95
F0099-450,"Hybrid One Armed Rear, ",279.95
F0100-001,"Hybrid Converter, Pit Bull ",126.9
F0100A-100,Hybrid Forklift - Motorcycle,229.95
F0100A-200,Hybrid Dual Lift - Motorcycle,294.95
F0100A-300,"Hybrid Ducati Dual Lift (916, ",404.95
F0109-200,Elite One Armed Rear -,299.95
F0109-210,Elite One Armed Rear -,349.95
FBMW002-TRS,Trailer Restraint System -,379.95
FDUC002-TRS,Trailer Restraint - Ducati,399.99
Supplier Code: PB sub totals (20 records),,
Supplier Code: PIVPEGZ,,
PP-60BMK3,BMW Motorcycles Foot Pegs,199
Supplier Code: PIVPEGZ sub totals (1 record),,
Supplier Code: PO,,
1019102-156,"WELD-HWY BAR,LWR ",754.99
1019172-156,"WELD-TIP OVER BAR,LH,",309.99
1019172-266,"TIP OVER BAR WELD, ",309.99
1019176-1410,SUBSTITUTED BY,"1,399.99"
1019309-156,"WELD-FLRBRD,DRIVER,",162.99
1019309-266,"DRIVE FLOORBOARD, ",184.99
1019309-626,"WELD-FLRBRD,DRIVER,",109.99
1019310-266,"DRIVER FLOORBOARD, ",184.99
1019313,"ASM-LINKAGE,SHIFTER ",99.99
1020361-156,"WELD-HWY BAR,CHR",799.99
1020399-521,"ASM-SPRKT W/BRNG,66T,",439.99
1020699-05,"ASM-SADDLEBAG,RH,N,",939.99
1020779-658,"ASM-CLUTCH LEVER,N,",264.99
1021041-463,"WELD-BRKT,FRT TRN ",9.99
1021180,SOFT SADDLEBAG,"1,374.99"
1021181,SOFT SADDLEBAG,"1,374.99"
1021393-156,SUBSTITUTED BY,279.99
1021889-1489,"FUEL TANK, INDIAN RED ","2,524.99"
1022737-463,"HANDLEBAR-BOB,N,BLK",299.99
1023117,SHIFT LINKAGE,94.99
1023152-156,"WELD-HANDLEBAR,CSC,",454.99
1023188-162,"FUEL TANK SIDE BADGE, ",74.99
1023281,"ASM-KEYS,INDIAN,CAP",39.99
1023750-329,"BRKT-CLSOUT,FNDR,RH,",54.99
1023752-463,"FORK COVER, LEFT",174.99
1023756-329,"BRKT-CLSOUT,FNDR,LH,",54.99
1024082-266,"WELD-HWY BAR,LH,BLK",219.99
1024083-266,"WELD-HWY BAR,RH,BLK",219.99
1024084-939,"WELD-FENDER,REAR,","1,579.99"
1024226,ASM-PUSHROD,104.99
1024228-872,"ASM-FENDER,TRIMMED,","1,079.99"
1024381-463,"FENDER ASSEMBLY, ","1,434.99"
1024381-866,"ASM-FNDR,19,FRT,HOLES,",979.99
1024381-878,"ASM-FNDR,19,FRT,HOLES,",979.99
1024385-2262,"ASM-FRNT FNDR,RIVET,","2,019.99"
1024385-266,"FRONT FENDER, CRUISER ","1,564.99"
1024443-1489,"WELD-TANK,FUEL,MS,","2,389.99"
1024556-800,"ASM-FENDER,RR,","2,149.99"
1024557-869,"ASM-FENDER,RR,STT,","2,479.99"
1024706-1487,"ASM-FENDER,FRT,VR,","1,474.99"
1024731-156,"WELD-HWY BAR,RH,CHR",309.99
1024732-156,"WELD-HWY BAR,LH,CHR",309.99
1025149-463,"WELD-HANDLEBAR,CSC,",304.99
1025150-653,"WELD-COVER, CALIPER,",364.99
1025151-653,"WELD-COVER, CALIPER,",284.99
1025322-266,"HANDLEBAR,STD,BLK",354.99
1025376-01,"ASM-BADGE,TANK,CHIEF,",89.99
1025508-866,"ASM-TANK,FUEL,","2,399.99"
1025593,"ASM-CLAMP,V BAND, ",54.99
1026044-866,"ASM-LID,SBAG,LH,",774.99
1026906-468,"ASM-CLUTCH LEVER,BLK",134.99
1026918-800,"WELD-TANK,FUEL,MS,","2,289.99"
1027367-266,"ASM-SIDESTAND,BLACK",164.99
1027853-802,"ASM-TANK,FUEL,","2,159.99"
1027853-849,"ASM-TANK,FUEL,","2,159.99"
1027864-156,"HANDLEBAR-CRUISER,",319.99
1027865-266,"HANDLEBAR-BOBBER,BLK",289.99
1027867-2267,"ASM-TANK,FUEL,","2,499.99"
1027993,"ASM-LINKAGE,SHIFTER,",89.99
1027996-658,"ASM-WELD,UPR MNT,",64.99
1028796-266,"ASM-SIDESTAND,BLK",49.99
1028985-658,"WELD-COWL MNT,UPR,",64.99
1202169,ROCKER ARM ASSEMBLY,134.99
1204685,ASM-THROTTLE BODY,584.99
1204709,INTAKE MANIFOLD,39.99
1204747,RETAINER-AIR BOX,39.99
1204919,RETAINER PLATE-AIR,119.99
1204980,"ASM-SPRAG CLUTCH,",174.99
1204987,ASM-DIPSTICK/FILLER,69.99
1205045,OIL PUMP ASSEMBLY,419.99
1205806,"ASM-ENG,NRR1768-20,","11,129.99"
1205851-266,"ASM-COVER,PRIMARY ",524.99
1205885-657,SUBSTITUTED BY,"2,599.99"
1205926,ASM-TLG 65NM,214.99
1206284,"ASM-ENG,NRR1768-LO-LL,","12,039.99"
1208662,"PINION-SHAFT,CLUTCH,",79.99
1208704,"ASM-ENG,N22-V1203-LA","9,634.99"
1208747-266,"ASM-PRIMARY COVER,CR ",754.99
1241274,"ASM-BOTTLE,COOLANT,",84.99
1241380,"RADIATOR,CORE",339.99
1262341-156,"WELD-EXH,CROSSOVER ",409.99
1262383-156,"WELD-MFLR,TOUR,STAGE ",544.99
1262908-266,"ASM-MUFFLER,UPR,BLK",399.99
1263255-922,"WELD-EXH,SHIELD,",299.99
1263256-922,"WELD-EXH,SHIELD,",89.99
1263257-922,"WELD-EXH,SHLD,",109.99
1263259-922,"WELD-MFLR,STAGE 0,LH,",519.99
1263260-922,"WELD-MFLR,STAGE 0,RH,",519.99
1263453-922,"ASM-MUFFLER,UPR,BLK2",494.99
1263528-922,"WELD-EXH,SHIELD,",349.99
1263649,"ASM-HEAT-SHILED,REAR",69.99
1263770,GASKET-EXHAUST,39.99
1263775-156,SUBSTITUTED BY,209.99
1263775-922,"WELD-EXH,SHIELD,",204.99
1263776-156,SUBSTITUTED BY,129.99
1263776-922,"WELD-EXH,SHIELD,REAR,",124.99
1263839,"ASM-EXH,HEADPIPE","1,144.99"
1327326-463,"ASM-CLUTCH,LEVER,",319.99
1327351-156,"ASM-CLUTCH,LEVER,",434.99
1327351-463,"ASM-CLUTCH,LEVER,",379.99
1500198,"O-RING,(2)",14.99
1500798,PACKING,8.99
1521312,RIM VALVE,13.99
1523059-266,"WHL-FRT,19X3.5,CAST,",849.99
1523059-440,WHL CAST FRT 19X3.5,879.99
1525331-266,"ASM-WHL,CAST,19X3.5,",829.99
1525334-266,"ASM-WHL,CAST,16X5.0,",829.99
1525334-653,"ASM-WHL,CAST,16X5.0,",829.99
1543201,SUBSTITUTED BY 1543839,599.99
1543202,SUBSTITUTED BY 1543840,429.99
1543614,SUBSTITUTED BY 1543840,429.99
1543748-650,SHOCK ASM REAR,369.99
1543839,"SHOCK, TOUR",689.99
1544279,"SHOCK-REAR,LOW",689.99
1544529,"SHOCK,E-PRELOAD","1,089.99"
1544944,"ASM-SHOCK,REAR,RH",544.99
1823877,"TUBE-TIRE,INNER FRT",124.99
1823907,"TUBE-TIRE,INNER RR,",134.99
1824021-463,"FORK LEG ASSEMBLY, ","1,554.99"
1824403-658,"ASM-LOWER TRPL,N,C ",319.99
1824416-266,"ASM-FORK LEG,LH,N,BLK",624.99
1824417-266,"ASM-FORK LEG,RH,N,BLK",624.99
1824542-266,"FORK LEG ASSEMBLY, ",624.99
1824543-266,"FORK LEG ASSEMBLY, ",624.99
1825057-463,"ASM-FORK LEG,LH,BLK","1,554.99"
1825058-463,"ASM-FORK LEG,RH,BLK","1,554.99"
1911507-266,"ASM-M/CYL/RES,17.46MM ",244.99
1911692-266,"BRAKE ROTOR, 7MM, ",379.99
1911996-266,SUBSTITUTED BY,279.99
1912040,"HOSE-BRAKE,FRT MC TO ",289.99
1912076,"ROTOR-FRONT,VIC",119.99
1912344,"BANJO SWITCH, 10 MM X ",99.99
1912390-266,"CALIPER-FRONT,LH,BLK",469.99
1912391-266,"CALIPER-FRONT,RH,BLK",469.99
1912523-658,"M/CYL-HAND,12.7MM,N,JJ,",399.99
1912524-266,SUBSTITUTED BY,179.99
1912829,"WASHER-COPPER,M10",12.99
1912924,"ASM-LINE,BRAKE,FRT,",227.99
1913088,"BOLT-BANJO,M10X1.0,",29.99
1913317,"BRAKE ROTOR, 5 MM",154.99
1913426,"SWITCH-BRAKE,BANJO,",74.99
1913556-658,SUBSTITUTED BY,329.99
1913793,"WASHER-CRUSH,RIB,M10",4.99
1913828,"SWITCH-BRAKE,M10X1.25,",109.99
1913987-468,"M/CYL-HAND,14.00MM,",379.99
1914211-463,"ASM-MCYL,FRONT,15.8",574.99
1914264,"HOSE-BRAKE,FMC,JT,",54.99
1914279,"HOSE-BRAKE,FMC,JT,",54.99
2201357,"KIT,BATTERY BOLT",10.49
2203006,"RING KIT, PISTON 101 MM",69.99
2203670,SUBSTITUTED BY 2204196,63.99
2203679,"KIT-PAD SET,2POT,REAR",74.99
2203679H,"KIT-PAD SET,2POT,REAR",74.99
2203680,"KIT-PISTN SET,CALIP,",114.99
2203684,"KIT-PIN BOOT,CALIP,",69.99
2203973,OIL LOCK ASSEMBLY,44.99
2204193,KIT-O-RING BLEEDER SET,39.99
2204194,"PISTON SET KIT, 30 MM, ",119.99
2204195,PAD SET KIT,74.99
2204196,"KIT-PAD SET,4POT,SE7 ",84.99
2204214,BUSHINGS SEALS KIT,114.99
2204981,ANTI-LOCK BRAKING,"1,029.99"
2205159,"KIT-CLUTCH,LEVER ASM",164.99
2205196,CLUTCH PACK KIT,409.99
2205199,"KIT-LOCK,STEERING ",169.99
2205200,STEERING HEAD LOCK,289.99
2205355,SUBSTITUTED BY 5633405,19.99
2205357,"KIT-BUMPER REPLCMNT,",39.99
2205389,FUEL FILTER KIT,79.99
2205394,"KIT-CNCTR,HDLIGHT ",65.49
2205421,SUBSTITUTED BY,84.99
2205421-S,"KIT-HARDWARE,",54.99
2205522,WINDSHIELD KIT,634.99
2205568,"KIT-HDLIGHT,",59.99
2205749,SUBSTITUTED BY 2206240,529.99
2205817,K-OIL LOCK,24.99
2205820,K-SEALS BUSHING,89.99
2205840,"M/CYL-HAND,12.7MM,N,JJ,",92.99
2205847,SUBSTITUTED BY,64.99
2205849,"K-PADS,FRCAL",87.99
2205854,"K-PADS,RRCAL",61.99
2205996,"SADDLEBAG SEAT STUD, ",2.99
2206057,"K-KEY BLANK,IND,TYPE 0",34.99
2206112,"K-SVC,HDWR-BPR,FR,",12.99
2206122,"K-SVC,GPHX,TNK,GOLD ",99.99
2206123,"K-SVC,GPHX,TANK,SLVR ",94.99
2206139,"K-PADS,FRCAL,J",84.99
2206141,SPRING AND PINS KIT,64.99
2206146,"K-PADS,RRCAL,J",84.99
2206147,"K-BRACKET,RRCAL,J",74.99
2206196,"K-KEY BLANK,IND,TYPE 1",39.99
2206308,"K-PISTON,RMC,IND,BU",69.99
2206331,"K-ASM,PLATE,HEAD ",39.99
2206363,"K-STRAP REPLACEMENT,",46.99
2206390,"K-LEVER,CLUTCH,N,J",129.99
2206559,SUBSTITUTED BY 2207317,19.99
2207067,"FUEL FILTER KIT, INDIAN",59.99
2207317,"K-FOB HOUSING, 2BTN",24.99
2207317H,SUBSTITUTED BY,24.99
2207340,"HMC COVER KIT, CHROME",174.99
2207345,"K-LEVER,HMC,POL",284.99
2207412,"K-BRACKET,FRCAL,ABS-",69.99
2207693,"K-CLUTCH LEVER ASM,",159.99
2207694,"K-CLUTCH LEVER ASM,",99.99
2207703,"K-HARNESS-JUMPER,",39.99
2207725,"K-LEVER,FRMC,IND",139.99
2207845,"KIT-SWITCHCRL,3ROW,RH",209.99
2207846,"KIT-SWITCHCRL,2ROW,RH",184.99
2207847,"KIT-SWITCHCRL,3ROW ",279.99
2207943,CLUTCH LEVER,154.99
2208035,K-HEAT SHIELD,409.99
2208064,"K-SPRING AND PINS,M4-32",16.99
2208065,"K-PADS,P34,TT2172,RR",74.99
2208093,"OIL-INDIAN,FORK TYPE I ",19.99
2208101,"FORK SEAL KIT, 43 MM",79.99
2208182-657,"K-CRANKCASE,SCOUT,CB ","2,979.99"
2208229,"K-LEVER,CLUTCH,IND,BLK",129.99
2208344,"K-PAD,REAR,INSUL",74.99
2208372,"K-PADS,M4-32,TT2182,",74.99
2208606,K-GEAR SWITCH,49.99
2208607,"K-LID,LATCH,STORAGE ",94.99
2208712,"K-TPMS,GEN2,433,",179.99
2208826,K-SEALS AND BUSHINGS,109.99
2208893,"K-BUTTON CAP,PWR",129.99
2208918,"K-HARDWARE,",89.99
2209256,"K-COVER,GASKET,FRMC,",129.99
2209258,"K-LEVER,FRMC,BPOL",139.99
2209260,"ASM-LEVER,CLUTCH,",129.99
2209769,"K-MODULE,ABS,WET,CAL,",789.99
2209845,K-CLUTCH SWITCH ASM,84.99
2211457,"K-SWITCH,CLUTCH,",54.99
2211506,"K-FILTER,AIR",34.99
2212408,"K-LEVER,HMC,BLK",149.99
2212539,K-FTR CARBON GPS,64.99
2212775,"K-COMPENSATOR,TRQ,",474.99
2410720,CRANK POSITION,144.99
2410766,"SLEEVE-SOLDER,.180 DIA",8.99
2411489,"ASM-HARNESS,AM/FM ",100.49
2411534,MAIN WIRE HARNESS,579.99
2411589,CRANK POSITION,99.99
2412298-156,"SIGNAL-TURN,FRT,CRSR,",149.99
2412298-266,"SIGNAL-TURN,FRT,CRSR,",149.99
2412299,HARNESS-TAILLIGHT,64.99
2412300,HARNESS-CHASSIS,"1,609.99"
2412417,SENSOR-TIRE PRESSURE,114.99
2412541,"ASM-TURN SIGNAL,",114.99
2412599-156,"SIGNAL-TURN,REAR,IND,",114.49
2412601-156,HEADLIGHT RING,194.99
2412789-658,HEADLIGHT BUCKET,204.99
2412821,"ASM-HOUSING,DUAL ",119.99
2412963,HARNESS-HEATED GRIP,37.99
2412997,HEADLIGHT BOOT,44.99
2413027-156,ETC SWITCH ASM,"1,124.99"
2413061,SENSOR-TMAP,114.99
2413257,"ETC ASSEMBLY, INBAR",319.99
2413262,"SPEEDO HARNESS, 7 IN",109.99
2413395,"HARNESS-TRUNK,NOAMP,",123.49
2413651,"HEADLIGHT ASSEMBLY, ",554.99
2413809,SUBSTITUTED BY 2414422,29.99
2413810,"LICENSE PLATE LAMP, ",99.99
2413895,"LEFTSBAG HARNESS, ",44.99
2413896,"SADDLEBAG HARNESS, ",44.99
2414198-266,"ASM-TSGNL,LED,FR,BLK",84.99
2414422,LICENSE PLATE LAMP,54.99
2414568-266,FENDER HEADDRESS,174.99
2414568-463,"HEADDRESS,19FENDER,",179.99
2414638,HARNESS-TRUNK HP,179.99
2414645-266,"ASM-LIT,FIN-HEADDRESS,",304.99
2414784,"TURN SIGNAL, LEFT",74.99
2414790,HARNESS-RH SDLBAG,89.99
2414983,"SWITCH CONTROL, 3 ",494.99
2415021-156,"ASM-FOG LIGHT,CRSR,",329.99
2415036,HARNESS-HEATED SEAT,54.99
2415124,"SIGNAL-TURN,FRNT,LH",274.99
2415130,"SWITCHCRL,3ROW,RH,",594.99
2415197,"SWITCHCRL-2ROW,RH,",549.99
2415294,"JUMPER-REPAIR,VCM PIN ",6.99
2415332,"HARNESS-UNDER SEAT,",74.99
2415439-266,"ASM-TSGNL,RR,STT,US,LH ",124.99
2415527,"ASM-CHRG PORT,12V,",59.99
2415558,"ASM-VCM,PROGRAMMED,",599.99
2415559,"ASM-VCM,PROGRAMMED,",499.99
2415622,"SWITCHCRL-3ROW,RH,",549.99
2415648,"HARNESS-DRIVING LIGHT,",59.99
2415746,HARNESS-H/C SEAT,54.99
2415829,"HARNESS-UNDER SEAT,",54.99
2415837,"SWITCHCRL,3ROW,LH,",549.99
2415992,"ASM-CHRG PORT,12V,",69.99
2415997,HARNESS-DRIVING,59.99
2416112,"HARNESS,AM/FM ",124.99
2416402,HARN-REAR LIGHTING,69.99
2416429,"HARNESS-CHASSIS,","1,704.99"
2416442,"ASM-MOTOR,STARTER,",429.99
2416652,"HARN-USB,HSAL,STD-A",59.99
2416946,"ASM-HEADLIGHT,LED",519.99
2417098,"HARN-HANDLEBAR,MED,",44.99
2417100,"HARN-HEATEDGRIP,CMS,",59.99
2417214,"ASM-MOTOR,STARTER",429.99
2434016,"FUSE, 10 AMP",6.99
2520799,"FILTER-OIL,10 MICRON(12) ",14.99
2521305,SUBSTITUTED BY 2522160,549.99
2521332,FUEL INJECTOR,309.99
2521374,FUEL ACCESS ASSEMBLY,309.99
2521401,FUEL INJECTOR,309.99
2521421,"FILTER-OIL,INDIAN (12) ",14.99
2521632,"ASM-FUEL PUMP,SENDER,",399.99
2521733,"FUEL PUMP, BOTTOM",474.99
2521920,DRAIN PLUG,34.99
2522215-156,"DUMMY FUEL CAP, ",104.99
2522246,FUEL PUMP,634.99
2522345,ASM-FUEL-ACCESS,444.99
2522349,"ASM-PUMP,SENDER-",469.99
2522356-266,"CAP-FUEL,FLUSH,E-LOCK,",269.99
2522661,DRAIN PLUG,29.99
2522885,ASM-FUEL-ACCESS,199.99
2540086,"FILTER-OIL,10 MICRON,",14.99
2633518,STORAGE PUSH LATCH,49.99
2633518IM,STORAGE PUSH LATCH,49.99
2634898-156,"ASM-HINGE,SDLBAG,FRT,",164.99
2634925-156,"ASM-HINGE,SDLBAG,",164.99
2635146,"ASM-LOCK KIT,TOUR",199.99
2635192,"ASM-LOCK KIT,",269.99
2635241-156,SUBSTITUTED BY,139.99
2635241-463,SUBSTITUTED BY,124.99
2635242-156,SUBSTITUTED BY,139.99
2635242-463,SUBSTITUTED BY,124.99
2635765-156,"MIRROR, LEFT, CHROME, ",154.99
2635787-156,"ASM-MIRROR,IND,LH,CHR",154.99
2635787-463,"MIRROR ASSEMBLY, ",144.99
2635788-463,"MIRROR-LH,IND,FL BLK",125.49
2635789-156,"ASM-MIRROR,IND,RH,CHR",154.99
2635789-463,"MIRROR ASSEMBLY, ",144.99
2636398,"ASM-LATCH,STORAGE,",44.99
2637128-468,"ASM-MIRROR,INTL,BE, ",179.99
2637439,LEAF HINGE,69.99
2637526,"ASM-TRIM-DASH,RH",74.99
2637655,"ASM-BEZEL,HEADLIGHT",94.99
2637656,"ASM-DUCT,UPPER",44.99
2637663,ASM-LOCK KIT,199.99
2637790,"ASM-LATCH,STORAGE,",54.99
2637862-156,"ASM-GRILL,SPKR,LH,CHR",134.99
2637868,SUBSTITUTED BY 2638517,279.99
2638306,ASM-STEERING LOCK,104.99
2638517,"ASM-ENCLOSURE,DUCT,",394.99
2638632,"ASM-ENCLOSURE,DUCT,",394.99
2638848,"K-ASM,LOCK,NO TRUNK",214.99
2638988,"ASM-USB,HOUSING",124.99
2639459-266,"ASM-GRILL,SPKR,LH,BLK",134.99
2639460-266,"ASM-GRILL,SPKR,RH,BLK",134.99
2639464,"ASM-HOOD,GAUGE",299.99
2639583-800,"ASM-VISOR,TOP-OBLK",304.99
2639598-468,"ASM-MIRROR,INTL,BE,BLK ",129.99
2685517-05,SUBSTITUTED BY,599.99
2685660-01,"STRAP-FUEL TANK,",135.49
2686033-05,SUBSTITUTED BY,"1,049.99"
2686386-01,"ASM-SEAT,DRIVER,IND,",689.99
2687300-05,TAN SEAT,"1,294.99"
2687533-01,SEAT WITH SKIRT,924.99
2687597-06,HEATED SEAT WITH,"2,129.99"
2689125,"ASM-LIMITER,LID,LH",74.99
2689126,"ASM-LIMITER,LID,RH",74.99
2690168,RAINSOCK-AIRBOX,74.99
2692645-VBA,SUBSTITUTED BY 2693042,"1,419.99"
2692774-VBC,"ASM-SEAT DRIVER/PASS,","1,449.99"
2693042,"ASM-SEAT,TOUR,HT,BLK","1,489.99"
2693527,"ASM-SEAT,SOLO-SHORT,",304.99
2830433,INDIAN MAGNETIC TRAY,5.99
2830515,INDIAN SNGL USE EVENT,1.99
2830552,"FUNNEL,FLUID CHANGE",19.99
283317903,MW CANYON PLAID SHIRT,249.99
283318002,MW FRANKLIN JACKET,329.99
283318003,MW FRANKLIN JACKET,329.99
283318006,MW FRANKLIN JACKET,329.99
283318009,MW FRANKLIN JACKET,329.99
283318012,MW FRANKLIN JACKET,329.99
283318803,MODULAR MATT HLMT V2,299.99
283318806,MODULAR MATT HLMT V2,299.99
283318809,MODULAR MATT HLMT V2-,299.99
283318903,SPRT FLFCE MAT HLMT,269.99
283318906,SPRT FLFCE MAT HLMT,269.99
283318909,SPRT FLFCE MAT HLMT,269.99
283318912,SPRT FLFCE MAT HLMT,269.99
283319103,SPRT FL FCE MT HLMT V2,269.99
283319106,SPRT FL FCE MT HLMT V2,269.99
283319109,SPRT FL FCE MT HLMT V2,269.99
283319112,SPRT FL FCE MT HLMT V2,269.99
2833193,IMC TRAVEL CUP SET OF,49.99
283319403,RETRO OPEN HLMT MT V2,179.99
283319406,RETRO OPEN HLMT MT V2,179.99
283319409,RETRO OPEN HLMT MT V2,179.99
2833199,OPEN FCE BUBBLE VISR,24.99
2833200,OPEN FACE BUBBLE VISR,24.99
2833206,CAMO BANDANA BLACK,17.99
2833207,LOGO MULTIFUNCTION,17.99
2833208,MADISON DRAWSTRING,39.99
2833209,CAMO DRAWSTRING BAG,39.99
2833211,1901 HEXAGON SIGN,14.99
2833213,IMC KHAKI SIGN GREEN,14.99
2833214,IMC ESTABLISHED,34.99
2833222,HEADDRESS PATCH,10.99
2833223,CAMO MULTIFUNCTION,17.99
283322403,MENS POCKET TEE M,34.99
283322406,MENS POCKET TEE L,34.99
283322409,MENS POCKET TEE XL,34.99
283322412,MENS POCKET TEE 2XL,34.99
2833226,HEADDRESS PIN,10.99
283322702,MODULAR MATT HLMT V2,299.99
283322703,MODULAR MATT HLMT V2,299.99
283322706,MODULAR MATT HLMT V2,299.99
283322709,MODULAR MATT HLMT V2,299.99
283322712,MODULAR MATT HLMT V2,299.99
2833228,SASTEC SCL-L13 BACK,24.99
2833229,SASTEC SCL-ML13 BACK,24.99
2833232,SCRIPT LOGO PATCH,10.99
2833234,RIDERS WALL FLAG,49.99
283326202,MW BL FADED,34.99
283326203,MW BL FADED,34.99
283326206,MW BL FADED,34.99
283326209,MW BL FADED,34.99
283326306,MW BL DISTRESS BLOCK,34.99
283326309,MW BL DISTRESS BLOCK,34.99
283326312,MW BL DISTRESS BLOCK,34.99
283326314,MW BL DISTRESS BLOCK,34.99
283326402,MW GR 2 COLOR SCRIPT,34.99
283326403,MW GR 2 COLOR SCRIPT,34.99
283326406,MW GR 2 COLOR SCRIPT,34.99
283326409,MW GR 2 COLOR SCRIPT,34.99
283326412,MW GR 2 COLOR SCRIPT,34.99
283326414,MW GR 2 COLOR SCRIPT,34.99
283326503,MW RD MARL SCRIPT,34.99
283326506,MW RD MARL SCRIPT,34.99
283326509,MW RD MARL SCRIPT,34.99
283326602,MW RD SCRIP ICO,49.99
283326603,MW RD SCRIP ICO,49.99
283326609,MW RD SCRIP ICO,49.99
283326612,MW RD SCRIP ICO,49.99
283326702,MW RD RED POLO SHIRT,44.99
283326703,MW RD RED POLO SHIRT,44.99
283326706,MW RD RED POLO SHIRT,44.99
283326709,MW RD RED POLO SHIRT,44.99
283326714,MW RD RED POLO SHIRT,44.99
283326803,MW BL USA FLAG HOODIE,99.99
283326806,MW BL USA FLAG HOODIE,99.99
283326809,MW BL USA FLAG HOODIE,99.99
283326812,MW BL USA FLAG HOODIE,99.99
283327002,MW RD ENGINE PRINT,79.99
283327006,MW RD ENGINE PRINT,79.99
283327102,MW GY IMC 1901 BLOCK,44.99
283327103,MW GY IMC 1901 BLOCK,44.99
283327106,MW GY IMC 1901 BLOCK,44.99
283327109,MW GY IMC 1901 BLOCK,44.99
283327112,MW GY IMC 1901 BLOCK,44.99
283327202,MW GY CIRCLE ENGINE,39.99
283327203,MW GY CIRCLE ENGINE,39.99
283327206,MW GY CIRCLE ENGINE,39.99
283327209,MW GY CIRCLE ENGINE,39.99
283327212,MW GY CIRCLE ENGINE,39.99
283327302,MW GY TRUE CRAFTSM,39.99
283327303,MW GY TRUE CRAFTSM,39.99
283327306,MW GY TRUE CRAFTSM,39.99
283327309,MW GY TRUE CRAFTSM,39.99
283327312,MW GY TRUE CRAFTSM,39.99
283327406,MW BK 1901 HEXAGON,34.99
283327409,MW BK 1901 HEXAGON,34.99
283327412,MW BK 1901 HEXAGON,34.99
283327502,MW GY 1901 SPIRIT LAKE,34.99
283327506,MW GY 1901 SPIRIT LAKE,34.99
283327509,MW GY 1901 SPIRIT LAKE,34.99
283327512,MW GY 1901 SPIRIT LAKE,34.99
283327514,MW GY 1901 SPIRIT LAKE,34.99
283327602,MW BK IMC REFL,44.99
283327603,MW BK IMC REFL,44.99
283327606,MW BK IMC REFL,44.99
283327609,MW BK IMC REFL,44.99
283327612,MW BK IMC REFL,44.99
283327806,MW BK QUART ZIP,79.99
283327809,MW BK QUART ZIP,79.99
283327812,MW BK QUART ZIP,79.99
283327914,MW BK CHICAGO PLAID,79.99
283328014,MW GR ESTABLI 1901 IMC,34.99
283328102,MW BL IMC CUSTOM,34.99
283328114,MW BL IMC CUSTOM,34.99
283328314,MW GR BLOCK TRACK,34.99
283328506,MW BL RACING GRAPHIC,34.99
283328509,MW BL RACING GRAPHIC,34.99
283328512,MW BL RACING GRAPHIC,34.99
283328606,MW RD IOWA PLAID SHIRT,79.99
283328609,MW RD IOWA PLAID SHIRT,79.99
283328612,MW RD IOWA PLAID SHIRT,79.99
283328614,MW RD IOWA PLAID SHIRT,79.99
283328701,WW GR MIXED EMB PRINT,44.99
283328702,WW GR MIXED EMB PRINT,44.99
283328703,WW GR MIXED EMB PRINT,44.99
283328706,WW GR MIXED EMB PRINT,44.99
283328709,WW GR MIXED EMB PRINT,44.99
283328712,WW GR MIXED EMB PRINT,44.99
283328801,WW GY 1901 IMC GLITTER,39.99
283328802,WW GY 1901 IMC GLITTER,39.99
283328803,WW GY 1901 IMC GLITTER,39.99
283328806,WW GY 1901 IMC GLITTER,39.99
283328809,WW GY 1901 IMC GLITTER,39.99
283328812,WW GY 1901 IMC GLITTER,39.99
283328901,WW BL NAVY MARL,34.99
283328902,WW BL NAVY MARL,34.99
283328903,WW BL NAVY MARL,34.99
283328906,WW BL NAVY MARL,34.99
283328909,WW BL NAVY MARL,34.99
283328912,WW BL NAVY MARL,34.99
283329001,WW RD 2 COL FOIL SCRIP,39.99
283329002,WW RD 2 COL FOIL SCRIP,39.99
283329003,WW RD 2 COL FOIL SCRIP,39.99
283329006,WW RD 2 COL FOIL SCRIP,39.99
283329009,WW RD 2 COL FOIL SCRIP,39.99
283329012,WW RD 2 COL FOIL SCRIP,39.99
283329101,WW GR ESTABLISHED,39.99
283329102,WW GR ESTABLISHED,39.99
283329103,WW GR ESTABLISHED,39.99
283329106,WW GR ESTABLISHED,39.99
283329109,WW GR ESTABLISHED,39.99
283329112,WW GR ESTABLISHED,39.99
283329202,WW CH USA FLAG,39.99
283329209,WW CH USA FLAG,39.99
283329301,WW PU PURPLE ORIGINAL,44.99
283329302,WW PU PURPLE ORIGINAL,44.99
283329303,WW PU PURPLE ORIGINAL,44.99
283329306,WW PU PURPLE ORIGINAL,44.99
283329309,WW PU PURPLE ORIGINAL,44.99
283329312,WW PU PURPLE ORIGINAL,44.99
283329314,WW PU PURPLE ORIGINAL,44.99
283329401,WW RD TWISTED STRAP,39.99
283329403,WW RD TWISTED STRAP,39.99
283329412,WW RD TWISTED STRAP,39.99
283329701,WW GY V NECK 1901 TEE,39.99
283329702,WW GY V NECK 1901 TEE,39.99
283329703,WW GY V NECK 1901 TEE,39.99
283329706,WW GY V NECK 1901 TEE,39.99
283329709,WW GY V NECK 1901 TEE,39.99
283329712,WW GY V NECK 1901 TEE,39.99
283329714,WW GY V NECK 1901 TEE,39.99
283329801,WW BK IMC 1901 BLOCK,39.99
283329802,WW BK IMC 1901 BLOCK,39.99
283329803,WW BK IMC 1901 BLOCK,39.99
283329806,WW BK IMC 1901 BLOCK,39.99
283329809,WW BK IMC 1901 BLOCK,39.99
283329901,WW GY TRUE CRAFTSM,39.99
283329902,WW GY TRUE CRAFTSM,39.99
283329903,WW GY TRUE CRAFTSM,39.99
283329906,WW GY TRUE CRAFTSM,39.99
283329909,WW GY TRUE CRAFTSM,39.99
283329912,WW GY TRUE CRAFTSM,39.99
283329914,WW GY TRUE CRAFTSM,39.99
283330001,WW BK BLOCK LOGO,44.99
283330002,WW BK BLOCK LOGO,44.99
283330003,WW BK BLOCK LOGO,44.99
283330006,WW BK BLOCK LOGO,44.99
283330009,WW BK BLOCK LOGO,44.99
283330012,WW BK BLOCK LOGO,44.99
283330014,WW BK BLOCK LOGO,44.99
283330401,WW BK SLEV PRIN HEN LS,49.99
283330402,WW BK SLEV PRIN HEN LS,49.99
283330403,WW BK SLEV PRIN HEN LS,49.99
283330406,WW BK SLEV PRIN HEN LS,49.99
283330409,WW BK SLEV PRIN HEN LS,49.99
283330412,WW BK SLEV PRIN HEN LS,49.99
283330602,WW GR 1901 IMC POCKET,39.99
283330603,WW GR 1901 IMC POCKET,39.99
283330606,WW GR 1901 IMC POCKET,39.99
283330609,WW GR 1901 IMC POCKET,39.99
283330612,WW GR 1901 IMC POCKET,39.99
283330614,WW GR 1901 IMC POCKET,39.99
283330709,WW RD MUS BAC BLK,29.99
283330802,WW BL 1901 ATHLEISURE,44.99
283330803,WW BL 1901 ATHLEISURE,44.99
283330806,WW BL 1901 ATHLEISURE,44.99
283330809,WW BL 1901 ATHLEISURE,44.99
283330812,WW BL 1901 ATHLEISURE,44.99
283330901,WW RD WATERCOL LOGO,39.99
283330902,WW RD WATERCOL LOGO,39.99
283330903,WW RD WATERCOL LOGO,39.99
283330906,WW RD WATERCOL LOGO,39.99
283330909,WW RD WATERCOL LOGO,39.99
283330912,WW RD WATERCOL LOGO,39.99
283330914,WW RD WATERCOL LOGO,39.99
283331003,SCRIPT ICO PERFO CAP,34.99
283331006,SCRIPT ICO PERFO CAP,34.99
2833311,2 COLOR SCRIPT CAP,29.99
2833312,IMC 1901 BLOCK CAP,34.99
2833313,CHAIN STITCH EMB CAP,34.99
283332714,MW BK IMC 100P SHORT,34.99
283333312,UNISEX BK IMC 100P,64.99
2833334,IMC 100P TRUCKER NAVY,29.99
2833341,2023 ROCKERS PATCH,2.99
2833342,MAP PATCH,7.99
2833343,WOMEN'S RIDING PATCH,7.99
2833344,RIDERS LEATHER PATCH,7.99
2833347,RIDERS PENNANT,14.99
2833354,MILAGE PATCH -,4.99
2833355,MILAGE PATCH 5000,2.99
2833356,MILAGE PATCH 10000,2.99
283336803,MW ELLINGSON GLVE CE,84.99
283336806,MW ELLINGSON GLVE CE,84.99
283336809,MW ELLINGSON GLVE CE,84.99
283336812,MW ELLINGSON GLVE CE,84.99
2833372,MW IMC SOCKS - PACK OF,29.99
2833373,MW IMC ANKLE SOCKS -,24.99
2833377,HERITGE MULTIFUNCTNL,17.99
2833380,AMERICAS FIRST IMC,14.99
2833381,IMC LOGO SIGN,14.99
2833382,INDIAN MOTORCYCLE,14.99
2833383,ROGUE BIKE MAT,229.99
2833384,ICON LOGO MUG,29.99
2833385,FUELED BY COFFEE MUG,29.99
2833386,US FLAG LOGO RUBBER,17.99
2833388,CIRCLE HEADDRESS,10.99
2833389,PARTS & SERVICE OVAL,10.99
2833390,PARTS & SERVICE OVAL,10.99
2833391,IMC LOGO PIN,10.99
283339203,MW MILESTONE JACKT CE,249.99
283339206,MW MILESTONE JACKT CE,249.99
283339209,MW MILESTONE JACKT CE,249.99
283339212,MW MILESTONE JACKT CE,249.99
283339303,WW MILESTONE JACKT,249.99
283339306,WW MILESTONE JACKT,249.99
283339309,WW MILESTONE JACKT,249.99
283339703,MW GR ESTA SCRIP,44.99
283339714,MW GR ESTA SCRIP,44.99
283339803,MW RD CIRCLE,34.99
283339806,MW RD CIRCLE,34.99
283339809,MW RD CIRCLE,34.99
283339906,MW BL OVAL LOGO TEE L,39.99
283339909,MW BL OVAL LOGO TEE,39.99
283339912,MW BL OVAL LOGO TEE,39.99
283339914,MW BL OVAL LOGO TEE,39.99
283340006,MW GY AMERI FIRST,39.99
283340009,MW GY AMERI FIRST,39.99
283340012,MW GY AMERI FIRST,39.99
283340103,MW BK LINE GRAPH,44.99
283340203,MW GY CAMO CIRC I SCRI,39.99
283340206,MW GY CAMO CIRC I SCRI,39.99
283340209,MW GY CAMO CIRC I SCRI,39.99
283340212,MW GY CAMO CIRC I SCRI,39.99
283340606,MW RD ESTA PERFORM,59.99
283340609,MW RD ESTA PERFORM,59.99
283340806,MW BK OUTLI EMB,44.99
283340809,MW BK OUTLI EMB,44.99
283340812,MW BK OUTLI EMB,44.99
283341103,MW RD SLV PRI ATHL QUA,79.99
283341106,MW RD SLV PRI ATHL QUA,79.99
283341109,MW RD SLV PRI ATHL QUA,79.99
283341112,MW RD SLV PRI ATHL QUA,79.99
283341202,MW GY COLORB MARL ZIP,99.99
283341203,MW GY COLORB MARL ZIP,99.99
283341206,MW GY COLORB MARL ZIP,99.99
283341209,MW GY COLORB MARL ZIP,99.99
283341212,MW GY COLORB MARL ZIP,99.99
283341503,MW BL KANSAS PLAID,89.99
283341506,MW BL KANSAS PLAID,89.99
283341509,MW BL KANSAS PLAID,89.99
283341512,MW BL KANSAS PLAID,89.99
283341701,WW RD GLITTE BACK,39.99
283341702,WW RD GLITTE BACK,39.99
283341703,WW RD GLITTE BACK,39.99
283341706,WW RD GLITTE BACK,39.99
283341801,WW PU TIE FRON GOL GLI,49.99
283341802,WW PU TIE FRON GOL GLI,49.99
283341803,WW PU TIE FRON GOL GLI,49.99
283341806,WW PU TIE FRON GOL GLI,49.99
283341809,WW PU TIE FRON GOL GLI,49.99
283341812,WW PU TIE FRON GOL GLI,49.99
283341901,WW GR MAR DIAMANT,44.99
283341902,WW GR MAR DIAMANT,44.99
283341903,WW GR MAR DIAMANT,44.99
283341906,WW GR MAR DIAMANT,44.99
283341909,WW GR MAR DIAMANT,44.99
283341912,WW GR MAR DIAMANT,44.99
283342002,WW GY NOTCH N CUST,39.99
283342003,WW GY NOTCH N CUST,39.99
283342202,WW GY CIRCLE IMC TEE S,34.99
283342203,WW GY CIRCLE IMC TEE M,34.99
283342209,WW GY CIRCLE IMC TEE,34.99
283342212,WW GY CIRCLE IMC TEE,34.99
283342601,WW GY MAR HEAD HENL,49.99
283342602,WW GY MAR HEAD HENL,49.99
283342603,WW GY MAR HEAD HENL,49.99
283342803,WW GY CONT BLO LOGO,39.99
283342809,WW GY CONT BLO LOGO,39.99
283343002,WW RD SLV PRIN ATH,79.99
283343006,WW RD SLV PRIN ATH,79.99
283343009,WW RD SLV PRIN ATH,79.99
283343202,WW CH BLACK CONTRA,99.99
283343203,WW CH BLACK CONTRA,99.99
283343206,WW CH BLACK CONTRA,99.99
283343209,WW CH BLACK CONTRA,99.99
283343212,WW CH BLACK CONTRA,99.99
283343703,ESTA SCRI PERFO CAP,34.99
283343706,ESTA SCRI PERFO CAP,34.99
2833438,CIRCLE HEADDRESS CAP,29.99
2833439,OUTLINE LOGO TRUCKER,29.99
2833440,CUSTOM BUILT TRUCKER,29.99
2833442,COLOR IMC LOGO TRUCK,29.99
2833443,BK N WH I SCR FLA PEA,34.99
283344506,MENS BK APPLI HEAD,89.99
283344509,MENS BK APPLI HEAD,89.99
283344512,MENS BK APPLI HEAD,89.99
2833446,EST 1901 FLAT PEAK CAP,34.99
2859078-800KI,"PNTKT-IND,ONYX BLACK,",44.99
2859078-804,"PNT,STH GRY NON-MET,",44.99
2859078-866KI,"PNTKT-IND,ONYX BLACK ",124.99
2859078-870KI,"PNTKT-IND,SLVR QUARTZ ",84.99
2859078-939KI,"PNTKT-IND,CH,CDY,BS,BL,",84.99
2859079-675KI,"PNTKT-IND,MAT PRL ",699.99
2859079-800KI,"PNTKT-IND,ONYX BLACK,",499.99
2859079-804K,"PNTKT,STH GRY NON-",499.99
2859079-833KI,"PNTKT-IND,MAROON MET ",699.99
2859079-866KI,"PNTKT-IND,ONYX BLK ",699.99
2859079-872KI,"PNTKT-IND,SPIRIT BLU ",499.99
2859079-939KI,"PNTKT-IND,CHARCOAL ",699.99
2859080-266,"PNT,CRUISER BLACK,T-UP",29.99
2859080-266I,"PNT-IND,THUNDER ",29.99
2859080-354I,"PNT-IND,STAR SILVER,T-",29.99
2859080-463,SUBSTITUTED BY,24.99
2859080-463I,"PNT,THUNDER BLACK ",24.99
2859080-463KI,"PNTKT-IND,MATTE BLACK,",59.99
2859080-520I,"PNT,SUNSET RED,PEN",29.99
2859080-566KI,"PNTKT-IND,PRL WHITE 2,",59.99
2859080-629,"PNT,BURGUNDY MET,T-UP",29.99
2859080-640I,"PNT-IND,SPRINGFELD ",29.99
2859080-646I,"PNT-IND,IVORY CREAM,T-",29.99
2859080-669KI,"PNT-KIT,SMOKE SUNSET ",59.99
2859080-670I,"PNT-IND,WILLOW GREEN,",29.99
2859080-692I,"PNT-IND,GRAY CLOUD ",29.99
2859080-694I,"PNT-IND,SPIRIT BLUE ",29.99
2859080-786KI,"PNTKT-IND,GST WT MET ",89.99
2859080-800KI,"PNTKT-IND,ONYX BLACK,",59.99
2859080-804I,"PNT-IND,STH GRY NON-",29.99
2859080-866KI,"PNTKT-IND,ONYX BLK ",89.99
2859080-938KI,"PNT-IND,SUNST ORA ",59.99
2859080-939KI,"PNTKT-IND,CHARCOAL ",59.99
286050203,MW LIGHTWEIGHT 2 MESH,249.99
286050206,MW LIGHTWEIGHT 2 MESH,249.99
286050209,MW LIGHTWEIGHT 2 MESH,249.99
286050212,MW LIGHTWEIGHT 2 MESH,249.99
286050302,WW LIGHTWEIGHT 2,249.99
286050303,WW LIGHTWEIGHT 2,249.99
286050306,WW LIGHTWEIGHT 2,249.99
286050309,WW LIGHTWEIGHT 2,249.99
286050312,WW LIGHTWEIGHT 2,249.99
286062602,MW FLAT TRACK GLOVE-S,74.99
286062603,MW FLAT TRACK GLOVE-,74.99
286062606,MW FLAT TRACK GLOVE-L,74.99
286062609,MW FLAT TRACK GLOVE-,74.99
286062612,MW FLAT TRACK GLOVE-,74.99
286062702,MENS RETRO II GLOVE -S,84.99
286062703,MENS RETRO II GLOVE -M,84.99
286062706,MENS RETRO II GLOVE -L,84.99
286062709,MENS RETRO II GLOVE -,84.99
286062712,MENS RETRO II GLOVE -2,84.99
286062714,MENS RETRO II GLOVE -3,84.99
286062902,MENS MESH II GLOVE -S,64.99
286062903,MENS MESH II GLOVE -M,64.99
286062906,MENS MESH II GLOVE -L,64.99
286062909,MENS MESH II GLOVE -XL,64.99
286062912,MENS MESH II GLOVE -2,64.99
286062914,MENS MESH II GLOVE -3,64.99
286063002,WOMENS MESH II GLOVE -,64.99
286063003,WOMENS MESH II GLOVE -,64.99
286063006,WOMENS MESH II GLOVE -,64.99
286063009,WOMENS MESH II GLOVE -,64.99
286066102,MW DEERSKN STRP GLV,84.99
286066103,MW DEERSKN STRP GLV,84.99
286066106,MW DEERSKN STRP GLV,84.99
286066109,MW DEERSKN STRP GLV,84.99
286066112,MW DEERSKN STRP GLV,84.99
286066114,MW DEERSKN STRP GLV,84.99
286066302,MENS DEERSKIN GLV TAN,84.99
286066303,MENS DEERSKIN GLV TAN,84.99
286066306,MENS DEERSKIN GLV TAN,84.99
286066309,MENS DEERSKIN GLV TAN,84.99
286066312,MENS DEERSKIN GLV TAN,84.99
286066314,MENS DEERSKIN GLV TAN,84.99
286066509,MW BOYD SNEAKER - 09,139.99
286066510,MW BOYD SNEAKER - 10,139.99
286066511,MW BOYD SNEAKER - 11,139.99
286066512,MW BOYD SNEAKER - 12,139.99
286066708,MW BRYANT SNEAKER -,139.99
286066709,MW BRYANT SNEAKER -,139.99
286066710,MW BRYANT SNEAKER -,139.99
286066711,MW BRYANT SNEAKER -,139.99
286066712,MW BRYANT SNEAKER -,139.99
2860740,GOLD AVIATOR,54.99
2860741,REFLECTIVE LOGO HEAD,29.99
2860754,IMC PERFORMANCE,109.99
2860766,LEATH PHOTO FRAME BK,59.99
2860767,LEATH PHOTO FRAME BN,59.99
2860768,INDIAN MOTORCYCLE,34.99
2860769,SCRIPT LOGO RUBBER,17.99
2860770,HEADDRESS LOGO KEY,24.99
286078002,MW GRAY TOUR TEE S,34.99
286078003,MW GRAY TOUR TEE M,34.99
286082803,"MENS CLASSIC JKT 2 CE, ",529.99
286082806,"MENS CLASSIC JKT 2 CE, ",529.99
286082809,"MENS CLASSIC JKT 2 CE, ",529.99
286082812,"MENS CLASSIC JKT 2 CE, ",529.99
2860872,SCOUT ANNIVERSARY,19.99
286089402,SPORT FULL FACE MAT,269.99
286089403,SPORT FULL FACE MAT,269.99
286089406,SPORT FULL FACE MAT,269.99
286089409,SPORT FULL FACE MAT,269.99
286089412,SPORT FULL FACE MAT,269.99
286089502,MODULAR MATT HLMT - S,299.99
286089503,MODULAR MATT HLMT - M,299.99
286089506,MODULAR MATT HLMT - L,299.99
286089509,MODULAR MATT HLMT -,299.99
286089512,MODULAR MATT HLMT -,299.99
286089602,MW DENTON FINGERLESS,64.99
286089603,MW DENTON FINGERLESS,64.99
286089606,MW DENTON FINGERLESS,64.99
286089609,MW DENTON FINGERLESS,64.99
286089612,MW DENTON FINGERLESS,64.99
286089614,MW DENTON FINGERLESS,64.99
286089702,WW DENTON,64.99
286089703,WW DENTON,64.99
286089706,WW DENTON,64.99
286089709,WW DENTON,64.99
2860904,"IMC PATCH HAT, RD",29.99
2860905,"SCRIPT TRUCKER HAT, ",24.99
2860911,IMC PATCH COOLMAX,24.99
286093002,MW NAVY LS,64.99
286093003,MW NAVY LS,64.99
286093006,MW NAVY LS,64.99
286093012,MW NAVY LS,64.99
286094809,WW BK APPLIQUE SHOP,69.99
286095002,WW NAVY LS,64.99
286095003,WW NAVY LS,64.99
286095009,WW NAVY LS,64.99
286095012,WW NAVY LS,64.99
286095702,MW 1901 V2 JACKET - S,189.99
286095703,MW 1901 V2 JACKET - M,189.99
286095706,MW 1901 V2 JACKET - L,189.99
286095709,MW 1901 V2 JACKET - XL,189.99
286095712,MW 1901 V2 JACKET - 2XL,189.99
286095803,WW 1901 V2 JACKET - M,189.99
286095806,WW 1901 V2 JACKET - L,189.99
286095809,WW 1901 V2 JACKET - XL,189.99
286095812,WW 1901 V2 JACKET - 2XL,189.99
2860968,INDIAN MOTORCYCLE,17.99
2860969,IMC HEADDRESS GLASS -,29.99
2860969S,IMC HEADDRESS GLASS -,16.99
2861340,HEADDRESS TRUCKER,29.99
2861341,BLOCK LOGO,34.99
2861344,"SCRIPT LOGO CAP, BK",29.99
2861351,BONNEVILLE METAL SIGN,17.99
286135209,"IMC TEXTILE BELT BK, XL",34.99
2861355,LEATHER FOB KEY,24.99
286139209,WW BK CHIEF LOGO TANK,24.99
286139302,WW WT SS SPIRIT TEE S,29.99
286139303,WW WT SS SPIRIT TEE M,29.99
286139306,WW WT SS SPIRIT TEE L,29.99
286139309,WW WT SS SPIRIT TEE XL,29.99
286139402,WW CH SS STRIPE TEE S,39.99
286139403,WW CH SS STRIPE TEE M,39.99
286139406,WW CH SS STRIPE TEE L,39.99
286139409,WW CH SS STRIPE TEE XL,39.99
286139412,WW CH SS STRIPE TEE,39.99
2861398,"IMC CHIEF TRUCKER HAT, ",29.99
286140003,MENS ARLINGTON MESH,249.99
286140103,WMNS ARLINGTON MESH,249.99
286140106,WMNS ARLINGTON MESH,249.99
286140109,WMNS ARLINGTON MESH,249.99
286140112,WMNS ARLINGTON MESH,249.99
286140114,WMNS ARLINGTON MESH,249.99
286140203,MENS TOBIN MESH JKT,259.99
286140206,MENS TOBIN MESH JKT,259.99
286140209,MENS TOBIN MESH JKT,259.99
286140212,MENS TOBIN MESH JKT,259.99
286141302,MENS ARLINGTON MESH,64.99
286141303,MENS ARLINGTON MESH,64.99
286141306,MENS ARLINGTON MESH,64.99
286141309,MENS ARLINGTON MESH,64.99
286141312,MENS ARLINGTON MESH,64.99
286141314,MENS ARLINGTON MESH,64.99
286141402,WMNS ARLINGTON MESH,64.99
286141403,WMNS ARLINGTON MESH,64.99
286141406,WMNS ARLINGTON MESH,64.99
286141409,WMNS ARLINGTON MESH,64.99
286141702,MENS TOBIN FINGERLESS,54.99
286141703,MENS TOBIN FINGERLESS,54.99
286141706,MENS TOBIN FINGERLESS,54.99
286141709,MENS TOBIN FINGERLESS,54.99
286141712,MENS TOBIN FINGERLESS,54.99
286141714,MENS TOBIN FINGERLESS,54.99
286162502,MW GY GARAGE TEE S,39.99
286162503,MW GY GARAGE TEE M,39.99
286162506,MW GY GARAGE TEE L,39.99
286162509,MW GY GARAGE TEE XL,39.99
286162512,MW GY GARAGE TEE 2XL,39.99
286162803,MW RD LEGEND LIVES,39.99
286162806,MW RD LEGEND LIVES,39.99
286162809,MW RD LEGEND LIVES,39.99
286162812,MW RD LEGEND LIVES,39.99
286165503,WW BK I ICON PRINT TEE,39.99
286165506,WW BK I ICON PRINT TEE,39.99
286165509,WW BK I ICON PRINT TEE,39.99
286165512,WW BK I ICON PRINT TEE,39.99
286165612,WW CH QUARTER SLV,44.99
286165614,WW CH QUARTER SLV,44.99
286165806,WW WT LS BLOCK STUD,44.99
286166206,WW WT CHECKERED,34.99
286166209,WW WT CHECKERED,34.99
286166212,WW WT CHECKERED,34.99
286167601,UNI BK RAIN SUIT JKT,119.99
286167602,UNI BK RAIN SUIT JKT,119.99
286167603,UNI BK RAIN SUIT JKT M/L,119.99
286167604,UNI BK RAIN SUIT JKT,119.99
286167701,UNI BK RAIN BOTTOM,84.99
286167702,UNI BK RAIN BOTTOM,84.99
286167703,UNI BK RAIN BOTTOM M/L,84.99
286167704,UNI BK RAIN BOTTOM,84.99
2861678,SCRIPT PATCH TRUCKER,29.99
2861682,"MIRROR PATCH CAP, BK",34.99
2861683,"IMC RIPSTOP CAP, GY",34.99
2861689,SCRIPT FLEECE NECK,29.99
2861691,"IMC COTTON HEADWRAP, ",29.99
2861692,PARTS & SERVICE METAL,17.99
2861696,WAXED CANVAS,139.99
2861697,WAXED CANVAS DUFFLE,159.99
286170008,"MENS MOC TOE BOOT BR, ",229.99
286170009,"MENS MOC TOE BOOT BR, ",229.99
286170010,"MENS MOC TOE BOOT BR, ",229.99
286170011,"MENS MOC TOE BOOT BR, ",229.99
286170012,"MENS MOC TOE BOOT BR, ",229.99
286170109,"CLASSIC ENGINEER BK, 9",229.99
286170110,"CLASSIC ENGINEER BK, ",229.99
286170111,"CLASSIC ENGINEER BK, ",229.99
286170112,"CLASSIC ENGINEER BK, ",229.99
286170207,"SHORT ENGINEER 2 BK, 7",229.99
286170208,"SHORT ENGINEER 2 BK, 8",229.99
286170209,"SHORT ENGINEER 2 BK, 9",229.99
286170210,"SHORT ENGINEER 2 BK, ",229.99
286170308,"MENS LACE UP BOOT BK, ",229.99
286170309,"MENS LACE UP BOOT BK, ",229.99
286170310,"MENS LACE UP BOOT BK, ",229.99
286170311,"MENS LACE UP BOOT BK, ",229.99
286170312,"MENS LACE UP BOOT BK, ",229.99
286170406,"WMNS LACE UP BOOT BK, ",229.99
286170407,"WMNS LACE UP BOOT BK, ",229.99
286170408,"WMNS LACE UP BOOT BK, ",229.99
286170409,"WMNS LACE UP BOOT BK, ",229.99
286170410,"WMNS LACE UP BOOT BK, ",229.99
286171102,"WMNS SCOUT TEE, S",39.99
286171103,"WMNS SCOUT TEE, M",39.99
286171106,"WMNS SCOUT TEE, L",39.99
286171109,"WMNS SCOUT TEE, XL",39.99
286171112,"WMNS SCOUT TEE, 2XL",39.99
286171114,"WMNS SCOUT TEE, 3XL",39.99
286171701,"WMNS DARK HORSE TEE, ",39.99
286171702,"WMNS DARK HORSE TEE, ",39.99
286171703,"WMNS DARK HORSE TEE, ",39.99
286171706,"WMNS DARK HORSE TEE, ",39.99
286171709,"WMNS DARK HORSE TEE, ",39.99
286171712,"WMNS DARK HORSE TEE, ",39.99
286171714,"WMNS DARK HORSE TEE, ",39.99
286174402,WW CAMO HOODIE KHAKI,89.99
286174403,WW CAMO HOODIE KHAKI,89.99
286174406,WW CAMO HOODIE KHAKI,89.99
286189002,MW BK SS COLOR,39.99
286189102,MW BK LS SCRIPT TEE S,39.99
286189103,MW BK LS SCRIPT TEE M,39.99
286189106,MW BK LS SCRIPT TEE L,39.99
286189109,MW BK LS SCRIPT TEE XL,39.99
286189112,MW BK LS SCRIPT TEE,39.99
286189114,MW BK LS SCRIPT TEE,39.99
286189302,MW RD SS MOTORCYCLE,39.99
286189303,MW RD SS MOTORCYCLE,39.99
286189306,MW RD SS MOTORCYCLE,39.99
286189309,MW RD SS MOTORCYCLE,39.99
286189312,MW RD SS MOTORCYCLE,39.99
286189502,MW RD SS ACTIVE TEE S,54.99
286189503,MW RD SS ACTIVE TEE M,54.99
286189506,MW RD SS ACTIVE TEE L,54.99
286189509,MW RD SS ACTIVE TEE XL,54.99
286190106,MW GY LS SL PRINT,74.99
286190109,MW GY LS SL PRINT,74.99
286190112,MW GY LS SL PRINT,74.99
286190114,MW GY LS SL PRINT,74.99
286191301,WW RD SS MOTORCYCLE,39.99
286191302,WW RD SS MOTORCYCLE,39.99
286191303,WW RD SS MOTORCYCLE,39.99
286191306,WW RD SS MOTORCYCLE,39.99
286191312,WW RD SS MOTORCYCLE,39.99
286191314,WW RD SS MOTORCYCLE,39.99
286192006,WW GR SS TIE BACK TEE,34.99
286192802,WW BK SS SCRIPT LOGO,34.99
286192803,WW BK SS SCRIPT LOGO,34.99
286192806,WW BK SS SCRIPT LOGO,34.99
286192812,WW BK SS SCRIPT LOGO,34.99
286193302,MW BK SS SCRIPT LOGO,34.99
286193303,MW BK SS SCRIPT LOGO,34.99
286193306,MW BK SS SCRIPT LOGO,34.99
286193309,MW BK SS SCRIPT LOGO,34.99
286193312,MW BK SS SCRIPT LOGO,34.99
286193314,MW BK SS SCRIPT LOGO,34.99
286263406,MENS FREEWAY JACKET,529.99
286263409,MENS FREEWAY JACKET,529.99
286263412,MENS FREEWAY JACKET,529.99
286263502,WMNS FREEWAY JACKET,529.99
286263503,WMNS FREEWAY JACKET,529.99
286263506,WMNS FREEWAY JACKET,529.99
286263509,WMNS FREEWAY JACKET,529.99
286263512,WMNS FREEWAY JACKET,529.99
286263602,MENS DETROIT BOMBER,249.99
286263603,MENS DETROIT BOMBER,249.99
286263606,MENS DETROIT BOMBER,249.99
286263609,MENS DETROIT BOMBER,249.99
286263612,MENS DETROIT BOMBER,249.99
2862639,PROUD OWNER SIGN,14.99
286273803,"MENS WESTERN VEST BK, ",199.99
286273806,"MENS WESTERN VEST BK, ",199.99
286273809,"MENS WESTERN VEST BK, ",199.99
286273812,"MENS WESTERN VEST BK, ",199.99
286273902,"WMNS LINDY VEST BK, S",199.99
286273903,"WMNS LINDY VEST BK, M",199.99
286273906,"WMNS LINDY VEST BK, L",199.99
286273909,"WMNS LINDY VEST BK, XL",199.99
286273912,"WMNS LINDY VEST BK, ",199.99
286274003,MENS CASUAL BOMBER,149.99
286274006,MENS CASUAL BOMBER,149.99
286274009,MENS CASUAL BOMBER,149.99
286274012,MENS CASUAL BOMBER,149.99
2862742,"I ICON TRUCKER HAT, ",24.99
2862744,"CONTRAST STITCH CAP, ",24.99
2862745,"DIAMOND PATCH CAP, ",29.99
286275006,MW GY CONTINENTAL,34.99
286275009,MW GY CONTINENTAL,34.99
286275012,MW GY CONTINENTAL,34.99
286275014,MW GY CONTINENTAL,34.99
286275103,MW BL VINTAGE GRAPHIC,39.99
286275106,MW BL VINTAGE GRAPHIC,39.99
286275109,MW BL VINTAGE GRAPHIC,39.99
286275112,MW BL VINTAGE GRAPHIC,39.99
286275114,MW BL VINTAGE GRAPHIC,39.99
286275202,MW BK TEAM JERSEY S,49.99
286275203,MW BK TEAM JERSEY M,49.99
286275206,MW BK TEAM JERSEY L,49.99
286275209,MW BK TEAM JERSEY XL,49.99
286275314,MW BK INDIAN POLO,44.99
286275706,MW BK SCRIPT SHOP,69.99
286275712,MW BK SCRIPT SHOP,69.99
286275714,MW BK SCRIPT SHOP,69.99
286275802,MW BK EST. 1901 TEE S,29.99
286275803,MW BK EST. 1901 TEE M,29.99
286275806,MW BK EST. 1901 TEE L,29.99
286275812,MW BK EST. 1901 TEE 2XL,29.99
286276002,MW WT V-TWIN ENGINE,39.99
286276003,MW WT V-TWIN ENGINE,39.99
286276012,MW WT V-TWIN ENGINE,39.99
286276103,MW GY HEXAGON,34.99
286276109,MW GY HEXAGON,34.99
286276112,MW GY HEXAGON,34.99
286276202,MW GY ATHLETE TEE S,44.99
286276203,MW GY ATHLETE TEE M,44.99
286276212,MW GY ATHLETE TEE 2XL,44.99
286276214,MW GY ATHLETE TEE 3XL,44.99
286276402,MW CH IMC MARL TEE S,34.99
286276403,MW CH IMC MARL TEE M,34.99
286276406,MW CH IMC MARL TEE L,34.99
286276409,MW CH IMC MARL TEE XL,34.99
286276412,MW CH IMC MARL TEE 2XL,34.99
286276414,MW CH IMC MARL TEE 3XL,34.99
286276506,MW BK IM GRAPHIC LS,39.99
286276509,MW BK IM GRAPHIC LS,39.99
286276512,MW BK IM GRAPHIC LS,39.99
286276514,MW BK IM GRAPHIC LS,39.99
286276603,MW BK EMBROIDERED,99.99
286276606,MW BK EMBROIDERED,99.99
286276609,MW BK EMBROIDERED,99.99
286276612,MW BK EMBROIDERED,99.99
286276712,MW GY WATERCOLOR,34.99
286276714,MW GY WATERCOLOR,34.99
286276802,MW GR IM BLOCK LOGO,29.99
286276906,MW BL RAGLAN  ACTIVE,44.99
286276909,MW BL RAGLAN  ACTIVE,44.99
286276912,MW BL RAGLAN  ACTIVE,44.99
286277201,WW GY CONTINENTAL,34.99
286277206,WW GY CONTINENTAL,34.99
286277212,WW GY CONTINENTAL,34.99
286277214,WW GY CONTINENTAL,34.99
286277309,WW BK GLITTER GRAPHIC,39.99
286277312,WW BK GLITTER GRAPHIC,39.99
286277403,WW RD SCRIPT DIAMANTE,44.99
286277406,WW RD SCRIPT DIAMANTE,44.99
286277409,WW RD SCRIPT DIAMANTE,44.99
286277412,WW RD SCRIPT DIAMANTE,44.99
286277506,WW GR ORIGINAL EMB,44.99
286277509,WW GR ORIGINAL EMB,44.99
286277512,WW GR ORIGINAL EMB,44.99
286277601,WW BL ALL OVER STONE,44.99
286277602,WW BL ALL OVER STONE,44.99
286277603,WW BL ALL OVER STONE,44.99
286277606,WW BL ALL OVER STONE,44.99
286277609,WW BL ALL OVER STONE,44.99
286277612,WW BL ALL OVER STONE,44.99
286277701,WW BK SCRIPT SHOP,69.99
286277702,WW BK SCRIPT SHOP,69.99
286277703,WW BK SCRIPT SHOP,69.99
286277706,WW BK SCRIPT SHOP,69.99
286277709,WW BK SCRIPT SHOP,69.99
286277712,WW BK SCRIPT SHOP,69.99
286277714,WW BK SCRIPT SHOP,69.99
286277802,WW RD SCRIPT EMB,69.99
286277803,WW RD SCRIPT EMB,69.99
286277809,WW RD SCRIPT EMB,69.99
286277812,WW RD SCRIPT EMB,69.99
286278209,WW BK ICON GRAPHIC,44.99
286278212,WW BK ICON GRAPHIC,44.99
286278301,WW GR OPEN BACK TEE,39.99
286278302,WW GR OPEN BACK TEE S,39.99
286278306,WW GR OPEN BACK TEE L,39.99
286278309,WW GR OPEN BACK TEE,39.99
286278401,WW GR ATHLETE TEE XS,44.99
286278402,WW GR ATHLETE TEE S,44.99
286278403,WW GR ATHLETE TEE M,44.99
286278406,WW GR ATHLETE TEE L,44.99
286278409,WW GR ATHLETE TEE XL,44.99
286278412,WW GR ATHLETE TEE 2XL,44.99
286278414,WW GR ATHLETE TEE 3XL,44.99
286278706,WW BL PERFORMANCE,39.99
286278712,WW BL PERFORMANCE,39.99
286278901,WW RED LONG SLEEVE,44.99
286278902,WW RED LONG SLEEVE,44.99
286278903,WW RED LONG SLEEVE,44.99
286278906,WW RED LONG SLEEVE,44.99
286278909,WW RED LONG SLEEVE,44.99
286278912,WW RED LONG SLEEVE,44.99
286278914,WW RED LONG SLEEVE,44.99
2862793,"BLOCK RIPSTOP CAP, ",29.99
2862794,"ICON PATCH CAP, KHAKI",24.99
2862796,"LEATHER CHAIN WALLET, ",59.99
2862801,SHIELD LOGO KEY RING,14.99
2862802,ICON RUBBER KEY RING,17.99
2862803,IMC CLIP RING,14.99
2862804,ICON METAL SIGN,19.99
2862806,V TWIN METAL SIGN,14.99
286280702,MODULAR MATTE,299.99
286280703,MODULAR MATTE,299.99
286280709,MODULAR MATTE,299.99
286280712,MODULAR MATTE,299.99
2862809,MONACO SUNGLASSES,29.99
2862810,DAYTONA SUNGLASSES,29.99
2862811,HAYDON SUNGLASSES,39.99
2862812,DENTON SUNGLASSES,39.99
2862813,ARIZONA SUNGLASSES,39.99
2862814,GETAWAY SUNGLASSES,39.99
2862815,PERFORMANCE,99.99
2862836,2022 ROCKERS PATCH,2.99
286283703,MW BLACK HILLS JKT CE,259.99
286283706,MW BLACK HILLS JKT CE,259.99
286283709,MW BLACK HILLS JKT CE,259.99
286283712,MW BLACK HILLS JKT CE,259.99
286283802,WW BLACK HILLS JKT CE,259.99
286283803,WW BLACK HILLS JKT CE,259.99
286283806,WW BLACK HILLS JKT CE,259.99
286283809,WW BLACK HILLS JKT CE,259.99
286284303,MW BECKMAN JKT 2 CE,429.99
286284306,MW BECKMAN JKT 2 CE,429.99
286284309,MW BECKMAN JKT 2 CE,429.99
286284312,MW BECKMAN JKT 2 CE,429.99
286284403,MW DENIM JACKET BLU M,99.99
286284406,MW DENIM JACKET BLU L,99.99
286284503,WW DENIM JACKET BLUE,99.99
286284506,WW DENIM JACKET BLUE,99.99
286284509,WW DENIM JACKET BLUE,99.99
28628463232,MW RIDING JEAN CE BLK,219.99
28628463432,MW RIDING JEAN CE BLK,219.99
28628463434,MW RIDING JEAN CE BLK,219.99
28628463632,MW RIDING JEAN CE BLK,219.99
28628463634,MW RIDING JEAN CE BLK,219.99
28628463832,MW RIDING JEAN CE BLK,219.99
28628464032,MW RIDING JEAN CE BLK,219.99
286284802,MW CLASSIC GLOVE 2 CE,74.99
286284803,MW CLASSIC GLOVE 2 CE,74.99
286284806,MW CLASSIC GLOVE 2 CE,74.99
286284809,MW CLASSIC GLOVE 2 CE,74.99
286284812,MW CLASSIC GLOVE 2 CE,74.99
286284814,MW CLASSIC GLOVE 2 CE,74.99
286284902,WW CLASSIC GLOVE 2 CE,74.99
286284903,WW CLASSIC GLOVE 2 CE,74.99
286284906,WW CLASSIC GLOVE 2 CE,74.99
286284909,WW CLASSIC GLOVE 2 CE,74.99
286285002,MW SOFTSHELL GLOVE,79.99
286285003,MW SOFTSHELL GLOVE,79.99
286285006,MW SOFTSHELL GLOVE,79.99
286285009,MW SOFTSHELL GLOVE,79.99
286285012,MW SOFTSHELL GLOVE,79.99
286285014,MW SOFTSHELL GLOVE,79.99
286285302,WW RIDING LEGGING BLK,229.99
286285303,WW RIDING LEGGING BLK,229.99
286285306,WW RIDING LEGGING BLK,229.99
286285309,WW RIDING LEGGING BLK,229.99
286285312,WW RIDING LEGGING BLK,229.99
286285403,MW CASUAL CAMO,149.99
286285406,MW CASUAL CAMO,149.99
286285409,MW CASUAL CAMO,149.99
286285412,MW CASUAL CAMO,149.99
2862866,PROUD OWNER PATCH,4.99
286287101,WMNS ROADMASTER T,29.99
286287102,WMNS ROADMASTER T,29.99
286287103,WMNS ROADMASTER T,29.99
286287106,WMNS ROADMASTER T,29.99
286287109,WMNS ROADMASTER T,29.99
286287112,WMNS ROADMASTER T,29.99
286287402,MW BK 1922 CHIEF TEE S,34.99
286287414,MW BK 1922 CHIEF TEE,34.99
286287502,MW GY FACTORY SIGN,39.99
286287503,MW GY FACTORY SIGN,39.99
286287801,WW BK 1922 CHIEF TEE,34.99
286287802,WW BK 1922 CHIEF TEE S,34.99
286287803,WW BK 1922 CHIEF TEE M,34.99
286287806,WW BK 1922 CHIEF TEE L,34.99
286287809,WW BK 1922 CHIEF TEE,34.99
286287812,WW BK 1922 CHIEF TEE,34.99
286287901,WW GY FACTORY SIGN,39.99
286287902,WW GY FACTORY SIGN,39.99
286287903,WW GY FACTORY SIGN,39.99
286287906,WW GY FACTORY SIGN,39.99
286287909,WW GY FACTORY SIGN,39.99
286288003,FACTORY SIGN TEE HAT,24.99
286288202,MW BL USA FLAG LOGO,34.99
286288203,MW BL USA FLAG LOGO,34.99
286288206,MW BL USA FLAG LOGO,34.99
286288209,MW BL USA FLAG LOGO,34.99
286288212,MW BL USA FLAG LOGO,34.99
286288214,MW BL USA FLAG LOGO,34.99
286288306,MW WT AMERICA'S FIRST,34.99
286288309,MW WT AMERICA'S FIRST,34.99
286288312,MW WT AMERICA'S FIRST,34.99
286288314,MW WT AMERICA'S FIRST,34.99
286288402,MW GR HENDEE TEE S,39.99
286288403,MW GR HENDEE TEE M,39.99
286288406,MW GR HENDEE TEE L,39.99
286288409,MW GR HENDEE TEE XL,39.99
286288412,MW GR HENDEE TEE 2XL,39.99
286288414,MW GR HENDEE TEE 3XL,39.99
286288502,MW RD SPIRIT LAKE TEE,39.99
286288503,MW RD SPIRIT LAKE TEE,39.99
286288506,MW RD SPIRIT LAKE TEE L,39.99
286288509,MW RD SPIRIT LAKE TEE,39.99
286288514,MW RD SPIRIT LAKE TEE,39.99
286288602,MW BK EST.1901 MARL,34.99
286288706,MW GR RHOMBUS TEE L,34.99
286288709,MW GR RHOMBUS TEE XL,34.99
286288714,MW GR RHOMBUS TEE,34.99
286288806,MW BK CAMO POCKET,39.99
286288809,MW BK CAMO POCKET,39.99
286288812,MW BK CAMO POCKET,39.99
286288814,MW BK CAMO POCKET,39.99
286288902,MW BK IMC CIRCLE TEE S,39.99
286288903,MW BK IMC CIRCLE TEE M,39.99
286288906,MW BK IMC CIRCLE TEE L,39.99
286288909,MW BK IMC CIRCLE TEE,39.99
286288912,MW BK IMC CIRCLE TEE,39.99
286288914,MW BK IMC CIRCLE TEE,39.99
286289202,MW GR ICON KHAKI TEE S,29.99
286289203,MW GR ICON KHAKI TEE M,29.99
286289209,MW GR ICON KHAKI TEE,29.99
286289306,MW RD 2 IN 1 LS TEE L,49.99
286289309,MW RD 2 IN 1 LS TEE XL,49.99
286289903,MW BK IMC CAMO HOODIE,99.99
286289906,MW BK IMC CAMO HOODIE,99.99
286289909,MW BK IMC CAMO HOODIE,99.99
286289912,MW BK IMC CAMO HOODIE,99.99
286290003,MW BL PULLOVER,99.99
286290006,MW BL PULLOVER,99.99
286290009,MW BL PULLOVER,99.99
286290012,MW BL PULLOVER,99.99
286290014,MW BL PULLOVER,99.99
286290303,MW BL TOLEDO PLAID,79.99
286290306,MW BL TOLEDO PLAID,79.99
286290309,MW BL TOLEDO PLAID,79.99
286290312,MW BL TOLEDO PLAID,79.99
286290314,MW BL TOLEDO PLAID,79.99
286290501,WW ROSE GOLD PRINT,39.99
286290502,WW ROSE GOLD PRINT,39.99
286290503,WW ROSE GOLD PRINT,39.99
286290506,WW ROSE GOLD PRINT,39.99
286290602,WW RD AMERICA'S FIRST,39.99
286290603,WW RD AMERICA'S FIRST,39.99
286290606,WW RD AMERICA'S FIRST,39.99
286290609,WW RD AMERICA'S FIRST,39.99
286290701,WW BL USA FLAG LOGO,39.99
286290702,WW BL USA FLAG LOGO,39.99
286290703,WW BL USA FLAG LOGO,39.99
286290706,WW BL USA FLAG LOGO,39.99
286290709,WW BL USA FLAG LOGO,39.99
286290712,WW BL USA FLAG LOGO,39.99
286290714,WW BL USA FLAG LOGO,39.99
286290801,WW PORT MARL TEE XS,34.99
286290802,WW PORT MARL TEE S,34.99
286290803,WW PORT MARL TEE M,34.99
286290806,WW PORT MARL TEE L,34.99
286290812,WW PORT MARL TEE 2XL,34.99
286290901,WW BK BLUE GRAPHIC,34.99
286290902,WW BK BLUE GRAPHIC,34.99
286290903,WW BK BLUE GRAPHIC,34.99
286290906,WW BK BLUE GRAPHIC,34.99
286290909,WW BK BLUE GRAPHIC,34.99
286291101,WW GR RHOMBUS TEE XS,34.99
286291102,WW GR RHOMBUS TEE S,34.99
286291103,WW GR RHOMBUS TEE M,34.99
286291106,WW GR RHOMBUS TEE L,34.99
286291201,WW BK MARL EST. 1901,34.99
286291202,WW BK MARL EST. 1901,34.99
286291203,WW BK MARL EST. 1901,34.99
286291209,WW BK MARL EST. 1901,34.99
286291301,WW BL BLOCK LOGO TEE,34.99
286291302,WW BL BLOCK LOGO TEE,34.99
286291303,WW BL BLOCK LOGO TEE,34.99
286291306,WW BL BLOCK LOGO TEE,34.99
286291309,WW BL BLOCK LOGO TEE,34.99
286291502,WW GY INDIAN SIGN TEE,34.99
286291503,WW GY INDIAN SIGN TEE,34.99
286291506,WW GY INDIAN SIGN TEE,34.99
286291509,WW GY INDIAN SIGN TEE,34.99
286291512,WW GY INDIAN SIGN TEE,34.99
286291701,WW RD SPIRIT LAKE LS,49.99
286291702,WW RD SPIRIT LAKE LS,49.99
286291703,WW RD SPIRIT LAKE LS,49.99
286291706,WW RD SPIRIT LAKE LS,49.99
286291709,WW RD SPIRIT LAKE LS,49.99
286291712,WW RD SPIRIT LAKE LS,49.99
286291901,WW BK IMC GRAPHIC LS,44.99
286291902,WW BK IMC GRAPHIC LS,44.99
286291903,WW BK IMC GRAPHIC LS,44.99
286291906,WW BK IMC GRAPHIC LS,44.99
286291909,WW BK IMC GRAPHIC LS,44.99
286292102,WW CH CONTRAST,89.99
286292109,WW CH CONTRAST,89.99
286292112,WW CH CONTRAST,89.99
286292201,WW RD HEATHER PLAID,69.99
286292202,WW RD HEATHER PLAID,69.99
286292203,WW RD HEATHER PLAID,69.99
286292206,WW RD HEATHER PLAID,69.99
286292209,WW RD HEATHER PLAID,69.99
286292212,WW RD HEATHER PLAID,69.99
286292214,WW RD HEATHER PLAID,69.99
2862927,EST.1901 CAMO CAP,29.99
286292803,CIRCLE GRAPHIC CAP,29.99
286292806,CIRCLE GRAPHIC CAP,29.99
2862929,IM TRUCKER CAP BLACK,29.99
2862930,FISHERMAN BEANIE,34.99
286293203,KIDS BL USA FLAG LOGO,19.99
286293206,KIDS BL USA FLAG LOGO,19.99
286293209,KIDS BL USA FLAG LOGO,19.99
286293302,BABY SS BODYSUIT S,44.99
2862936,11 INCH IMRG PATCH,14.99
2862938,IMC GROWLER BLACK,49.99
2862939,SPIRIT LAKE SIGN PORT,14.99
2862942,IMC WALL FLAG BLACK,49.99
2862948,INDIAN SIGN PATCH,10.99
2862949,USA FLAG LOGO PATCH,10.99
2862950,AMERICA'S 1ST PATCH,10.99
2862951,USA FLAG LOGO PIN,10.99
2862952,INDIAN SIGN PIN MULTI,10.99
286295402,SPRT FULL FCE MAT,269.99
286295403,SPRT FULL FCE MAT,269.99
286295409,SPRT FULL FCE MAT,269.99
286295412,SPRT FULL FCE MAT,269.99
2862958,IMC LOGO PATCH MULTI,10.99
286296003,MW GY ATHLETE TANK M,34.99
286296006,MW GY ATHLETE TANK L,34.99
286296009,MW GY ATHLETE TANK XL,34.99
286296012,MW GY ATHLETE TANK,34.99
286296014,MW GY ATHLETE TANK,34.99
286296203,MW GY LS THUMB,54.99
286296206,MW GY LS THUMB,54.99
286296209,MW GY LS THUMB,54.99
286296212,MW GY LS THUMB,54.99
286296214,MW GY LS THUMB,54.99
286296303,MW BK ATHLETE HOODIE,69.99
286296306,MW BK ATHLETE HOODIE,69.99
286296309,MW BK ATHLETE HOODIE,69.99
286296312,MW BK ATHLETE HOODIE,69.99
286296502,WW GY FLUID ATHLETE,44.99
286296503,WW GY FLUID ATHLETE,44.99
286296506,WW GY FLUID ATHLETE,44.99
286296509,WW GY FLUID ATHLETE,44.99
286296609,WW BL RACERBK,39.99
286296703,MW BK CAMO LNE PKT,39.99
286296706,MW BK CAMO LNE PKT,39.99
286296709,MW BK CAMO LNE PKT,39.99
286296712,MW BK CAMO LNE PKT,39.99
286296714,MW BK CAMO LNE PKT,39.99
286296803,MW GR STEN B ICN TEE M,44.99
286296806,MW GR STEN B ICN TEE L,44.99
286296809,MW GR STEN B ICN TEE,44.99
286296812,MW GR STEN B ICN TEE,44.99
286296814,MW GR STEN B ICN TEE,44.99
286296903,MW GR STEN B ICN TANK,29.99
286296906,MW GR STEN B ICN TANK,29.99
286296909,MW GR STEN B ICN TANK,29.99
286296912,MW GR STEN B ICN TANK,29.99
286297003,MW GR LS STEN B ICN,54.99
286297006,MW GR LS STEN B ICN,54.99
286297009,MW GR LS STEN B ICN,54.99
286297012,MW GR LS STEN B ICN,54.99
286297103,MW GR STEN B ICN SHIRT,69.99
286297106,MW GR STEN B ICN SHIRT,69.99
286297109,MW GR STEN B ICN SHIRT,69.99
286297112,MW GR STEN B ICN SHIRT,69.99
286297303,MW GR STEN B ICN,89.99
286297306,MW GR STEN B ICN,89.99
286297309,MW GR STEN B ICN,89.99
286297312,MW GR STEN B ICN,89.99
286297314,MW GR STEN B ICN,89.99
286297602,WW BK STEN B ICN TANK,34.99
286297603,WW BK STEN B ICN TANK,34.99
286297606,WW BK STEN B ICN TANK,34.99
286297609,WW BK STEN B ICN TANK,34.99
286297612,WW BK STEN B ICN TANK,34.99
2862978,CAMO PEAK TCK CAP,29.99
286297903,I ICON CAMO CAP BLACK,29.99
286297906,I ICON CAMO CAP BLACK,29.99
2863628,CIRCLE PATCH HAT,29.99
2863673,INDIAN LOGO PIN BADGE,10.99
286369602,INDIAN HALF HELMET 1-S,139.99
286369603,INDIAN HALF HELMET 1-M,139.99
286369606,INDIAN HALF HELMET 1-L,139.99
286369609,INDIAN HALF HELMET 1-XL,139.99
286369612,INDIAN HALF HELMET 1,139.99
286369802,MEN CASUAL SHIRT,74.99
286369803,MEN CASUAL SHIRT,74.99
286369812,MEN CASUAL SHIRT,74.99
286369814,MEN CASUAL SHIRT,74.99
286371209,MENS CHAPS-XL,309.99
286371212,MENS CHAPS-2XL,309.99
286371606,WMNS VEST 2-L,149.99
2863727,BLACK LOGO HAT-(6),29.99
286381602,MEN SCOUT LOGO RED,34.99
2863861,IND LOGO PATCH,10.99
286436702,INDIAN HALF HELMET 2-S,139.99
286436706,INDIAN HALF HELMET 2-L,139.99
286436709,INDIAN HALF HELMET 2-XL,139.99
286436712,INDIAN HALF HELMET 2-,139.99
2864404,MENS SUNGLASSES-SEMI,64.99
286441109,MEN WORTHINGTON,319.99
286441112,MEN WORTHINGTON,319.99
2864642,BLACK FULL FACE,24.99
286464306,MW SAN PEDRO MESH,259.99
286464309,MW SAN PEDRO MESH,259.99
286464312,MW SAN PEDRO MESH,259.99
286464314,MW SAN PEDRO MESH,259.99
286464315,MW SAN PEDRO MESH,259.99
286464316,MW SAN PEDRO MESH,259.99
2864644,SILVR MIRROR FULFACE,24.99
286465003,MDLR FREEWY HLMT ECE,299.99
286465006,MDLR FREEWY HLMT ECE,299.99
286465009,MDLR FREEWY HLMT ECE,299.99
286465103,WW AUSTIN MESH,279.99
286465106,WW AUSTIN MESH,279.99
286465109,WW AUSTIN MESH,279.99
2864652,AVIATOR SUNGLASSES,54.99
286465303,MW SAN PEDRO MESH,64.99
286465306,MW SAN PEDRO MESH,64.99
286465309,MW SAN PEDRO MESH,64.99
286465312,MW SAN PEDRO MESH,64.99
286465402,WW SAN PEDRO MESH,64.99
286465403,WW SAN PEDRO MESH,64.99
286465406,WW SAN PEDRO MESH,64.99
286465409,WW SAN PEDRO MESH,64.99
286465903,MW FREEWAY GLOVE CE,84.99
286465906,MW FREEWAY GLOVE CE,84.99
286465909,MW FREEWAY GLOVE CE,84.99
286465912,MW FREEWAY GLOVE CE,84.99
286465914,MW FREEWAY GLOVE CE,84.99
2864662,IMC TRAVEL MUG,39.99
2864665,IMC LOGO DECAL,7.99
2864667,CIRCLE LEGENDARY,10.99
286476103,MW BK POCK ORIGIN,39.99
286476106,MW BK POCK ORIGIN,39.99
286476109,MW BK POCK ORIGIN,39.99
286476112,MW BK POCK ORIGIN,39.99
286476203,MW GR TONAL,39.99
286476206,MW GR TONAL,39.99
286476209,MW GR TONAL,39.99
286476212,MW GR TONAL,39.99
286476503,MW WT USA SCRIPT,39.99
286476506,MW WT USA SCRIPT,39.99
286476509,MW WT USA SCRIPT,39.99
286476512,MW WT USA SCRIPT,39.99
286476603,MW GY ATHLETE SCRIPT,44.99
286476606,MW GY ATHLETE SCRIPT,44.99
286476609,MW GY ATHLETE SCRIPT,44.99
286476612,MW GY ATHLETE SCRIPT,44.99
286476614,MW GY ATHLETE SCRIPT,44.99
286476703,MW BK RECTANGLE IMC,34.99
286476706,MW BK RECTANGLE IMC,34.99
286476709,MW BK RECTANGLE IMC,34.99
286476712,MW BK RECTANGLE IMC,34.99
286476903,MW BK TRI COLOR LOGO,34.99
286476906,MW BK TRI COLOR LOGO,34.99
286476909,MW BK TRI COLOR LOGO,34.99
286476912,MW BK TRI COLOR LOGO,34.99
286476914,MW BK TRI COLOR LOGO,34.99
286477103,MW GY ATHLETE LGO,44.99
286477106,MW GY ATHLETE LGO,44.99
286477109,MW GY ATHLETE LGO,44.99
286477112,MW GY ATHLETE LGO,44.99
286477603,MW GY IMC RACING LS,44.99
286477606,MW GY IMC RACING LS,44.99
286477609,MW GY IMC RACING LS,44.99
286477612,MW GY IMC RACING LS,44.99
286477703,MW GR ATHLET SCRIP,89.99
286477706,MW GR ATHLET SCRIP,89.99
286477709,MW GR ATHLET SCRIP,89.99
286477712,MW GR ATHLET SCRIP,89.99
286477803,MW GY COLORB SCRIPT,99.99
286477806,MW GY COLORB SCRIPT,99.99
286477809,MW GY COLORB SCRIPT,99.99
286477812,MW GY COLORB SCRIPT,99.99
286477903,MW GR TROPICAL PRINT,79.99
286477906,MW GR TROPICAL PRINT,79.99
286477909,MW GR TROPICAL PRINT,79.99
286477912,MW GR TROPICAL PRINT,79.99
286477914,MW GR TROPICAL PRINT,79.99
286478106,MW GY PHOENIX PLAID,79.99
286478109,MW GY PHOENIX PLAID,79.99
286478112,MW GY PHOENIX PLAID,79.99
286478114,MW GY PHOENIX PLAID,79.99
286478301,WW PU GLITTER ORI,44.99
286478302,WW PU GLITTER ORI,44.99
286478303,WW PU GLITTER ORI,44.99
286478306,WW PU GLITTER ORI,44.99
286478309,WW PU GLITTER ORI,44.99
286478502,WW WT USA SCRIPT,34.99
286478506,WW WT USA SCRIPT,34.99
286478509,WW WT USA SCRIPT,34.99
286478702,WW BK SCRIPT LOGO,29.99
286478703,WW BK SCRIPT LOGO,29.99
286478706,WW BK SCRIPT LOGO,29.99
286478709,WW BK SCRIPT LOGO,29.99
286478801,WW BK TRI COLOR LOGO,34.99
286478802,WW BK TRI COLOR LOGO,34.99
286478803,WW BK TRI COLOR LOGO,34.99
286478806,WW BK TRI COLOR LOGO,34.99
286478809,WW BK TRI COLOR LOGO,34.99
286478812,WW BK TRI COLOR LOGO,34.99
286478814,WW BK TRI COLOR LOGO,34.99
286479602,WW GY EST 1901 HENL LS,49.99
286479603,WW GY EST 1901 HENL LS,49.99
286479606,WW GY EST 1901 HENL LS,49.99
286479609,WW GY EST 1901 HENL LS,49.99
2864801,HEADDRESS EMBROID,29.99
286480203,LOGO PRINT PERFO CAP,34.99
286480206,LOGO PRINT PERFO CAP,34.99
286482402,RAINSUIT JACKET UNISEX,119.99
286482403,RAINSUIT JACKET UNISEX,119.99
286482406,RAINSUIT JACKET UNISEX,119.99
286482409,RAINSUIT JACKET UNISEX,119.99
286482412,RAINSUIT JACKET UNISEX,119.99
286482503,RAINSUIT BOTTOM,84.99
286482506,RAINSUIT BOTTOM,84.99
286482509,RAINSUIT BOTTOM,84.99
286482512,RAINSUIT BOTTOM,84.99
286482902,CLASSIC HALF HELMET,139.99
286482903,CLASSIC HALF HELMET,139.99
286482906,CLASSIC HALF HELMET,139.99
286482909,CLASSIC HALF HELMET,139.99
286482912,CLASSIC HALF HELMET,139.99
2864832,IMC NUMBER PLATE,24.99
2864833,IMC WALL BOTTLE,17.99
2864834,NEVADA WALLET DARK,34.99
2864838,CIRCLE HEADDRESS,7.99
2864839,CIRCLE HEADDRESS,17.99
2864840,HEADDRESS ICON SIGN,14.99
2864842,HEXAGON PATCH,10.99
2864844,HEXAGON PIN,10.99
2864845,CHECKERBOARD,17.99
286484806,MW NIAGARA JACKET,299.99
286484809,MW NIAGARA JACKET,299.99
286484812,MW NIAGARA JACKET,299.99
286484903,WW NIAGARA JACKET,299.99
286484906,WW NIAGARA JACKET,299.99
286484909,WW NIAGARA JACKET,299.99
286485006,MW RAVINE JACKET,499.99
286485009,MW RAVINE JACKET,499.99
286485012,MW RAVINE JACKET,499.99
286485208,MW MILESTONE MESH,139.99
286485209,MW MILESTONE MESH,139.99
286485210,MW MILESTONE MESH,139.99
286485211,MW MILESTONE MESH,139.99
286485212,MW MILESTONE MESH,139.99
286485307,WW MILESTONE MESH,139.99
286485308,WW MILESTONE MESH,139.99
286485309,WW MILESTONE MESH,139.99
2864854,FELT PATCH TRUCKER,34.99
2864855,WOOL FELT CAP NAVY,39.99
2864856,EST. 1901 BANDANA NAVY,17.99
286491503,MW RD USA FLAG LOGO,34.99
286491506,MW RD USA FLAG LOGO,34.99
286491509,MW RD USA FLAG LOGO,34.99
286491512,MW RD USA FLAG LOGO,34.99
286491514,MW RD USA FLAG LOGO,34.99
286491903,MW BK CIRCLE ICON TEE,34.99
286491906,MW BK CIRCLE ICON TEE,34.99
286491909,MW BK CIRCLE ICON TEE,34.99
286491912,MW BK CIRCLE ICON TEE,34.99
286492103,MW GY IMC ICON POCKET,39.99
286492106,MW GY IMC ICON POCKET,39.99
286492109,MW GY IMC ICON POCKET,39.99
286492112,MW GY IMC ICON POCKET,39.99
286492203,MW BK HEXAGON,34.99
286492206,MW BK HEXAGON,34.99
286492314,MWS BL EST 1901 CHECK,34.99
286492503,MW GY 2 COL SCRIPT LS,44.99
286492506,MW GY 2 COL SCRIPT LS,44.99
286492509,MW GY 2 COL SCRIPT LS,44.99
286492512,MW GY 2 COL SCRIPT LS,44.99
286492703,MW BK CHAINS EMB LS,44.99
286492706,MW BK CHAINS EMB LS,44.99
286492709,MW BK CHAINS EMB LS,44.99
286492712,MW BK CHAINS EMB LS,44.99
286492803,MW BK 1901 SLV PRIN LS,44.99
286492806,MW BK 1901 SLV PRIN LS,44.99
286492809,MW BK 1901 SLV PRIN LS,44.99
286492812,MW BK 1901 SLV PRIN LS,44.99
286493103,MW GY LOGO HEAD,99.99
286493106,MW GY LOGO HEAD,99.99
286493109,MW GY LOGO HEAD,99.99
286493112,MW GY LOGO HEAD,99.99
286493702,WW RD USA FLAG LOGO,39.99
286493703,WW RD USA FLAG LOGO,39.99
286493706,WW RD USA FLAG LOGO,39.99
286493709,WW RD USA FLAG LOGO,39.99
286493712,WW RD USA FLAG LOGO,39.99
286493901,WW NY GLITTER LOGO,39.99
286494102,WW GY BLOCK LOGO,34.99
286494103,WW GY BLOCK LOGO,34.99
286494106,WW GY BLOCK LOGO,34.99
286494109,WW GY BLOCK LOGO,34.99
286494202,WW BK IMC DIAMANTE,44.99
286494203,WW BK IMC DIAMANTE,44.99
286494206,WW BK IMC DIAMANTE,44.99
286494209,WW BK IMC DIAMANTE,44.99
286494602,WW GY OUTLINE,49.99
286494603,WW GY OUTLINE,49.99
286494606,WW GY OUTLINE,49.99
286494609,WW GY OUTLINE,49.99
286494702,WW GY CHAINS EMB LS,44.99
286494703,WW GY CHAINS EMB LS,44.99
286494706,WW GY CHAINS EMB LS,44.99
286494709,WW GY CHAINS EMB LS,44.99
286494802,WW BK I SCIPT HENLY LS,49.99
286494803,WW BK I SCIPT HENLY LS,49.99
286494806,WW BK I SCIPT HENLY LS,49.99
286494809,WW BK I SCIPT HENLY LS,49.99
2864953,FISHERMAN BEANIE RED,34.99
2864955,IMC EMBROIDER PATCH,29.99
286495603,HEADDRESS PATCH CAP,34.99
286495606,HEADDRESS PATCH CAP,34.99
2864957,BLOCK LOGO PATCH CAP,29.99
2864959,EMB LOGO PART SERVICE,34.99
286496102,YTH BK EST 1901 TEE 6-7,19.99
286496103,YTH BK EST 1901 TEE 8-9,19.99
286496106,YTH BK EST 1901 TEE 10-,19.99
286496109,YTH BK EST 1901 TEE 12-,19.99
286496503,MW GR EST1901 SHADOW,34.99
286496506,MW GR EST1901 SHADOW,34.99
286496509,MW GR EST1901 SHADOW,34.99
286496512,MW GR EST1901 SHADOW,34.99
286496514,MW GR EST1901 SHADOW,34.99
286496703,MW GY I SCRIPT PATCH,49.99
286496706,MW GY I SCRIPT PATCH,49.99
286496709,MW GY I SCRIPT PATCH,49.99
286496712,MW GY I SCRIPT PATCH,49.99
286496802,WW GY I SCRIPT PATCH,49.99
286496803,WW GY I SCRIPT PATCH,49.99
286496806,WW GY I SCRIPT PATCH,49.99
286496809,WW GY I SCRIPT PATCH,49.99
286497103,MW GR TROPICAL PRINT,79.99
286497106,MW GR TROPICAL PRINT,79.99
286497112,MW GR TROPICAL PRINT,79.99
286497114,MW GR TROPICAL PRINT,79.99
2865535,2024 ROCKERS PATCH,2.99
2865537,CANYON SUNGLASSES,29.99
286555003,WW PORTLAND DENIM,99.99
286555006,WW PORTLAND DENIM,99.99
286555009,WW PORTLAND DENIM,99.99
286555103,HEADDRESS HALF,169.99
286555106,HEADDRESS HALF,169.99
286555109,HEADDRESS HALF,169.99
286555112,HEADDRESS HALF,169.99
2865552,HEADDRESS COTON,29.99
2865554,INDIAN OGIO MACH LH,149.99
2865555,IMC LEATHER CARD,29.99
2865556,IMC CIRCLE ICON SIGN,14.99
2865557,ESTABLISHED BLOCK,14.99
2865558,SCRIPT LOGO DECAL,7.99
2865559,IMC CIRCLE ICON PATCH,10.99
2865560,ESTABLISHED BLOCK,10.99
2865561,ESTABLISHED BLOCK PIN,10.99
2865564,2025 ROCKERS PATCH,2.99
286560003,MW BK ESSENTIAL LOGO,24.99
286560006,MW BK ESSENTIAL LOGO,24.99
286560009,MW BK ESSENTIAL LOGO,24.99
286560012,MW BK ESSENTIAL LOGO,24.99
286560014,MW BK ESSENTIAL LOGO,24.99
286560015,MW BK ESSENTIAL LOGO,24.99
286560016,MW BK ESSENTIAL LOGO,24.99
286560103,MW BK HEADDRESS ICON,34.99
286560106,MW BK HEADDRESS ICON,34.99
286560109,MW BK HEADDRESS ICON,34.99
286560112,MW BK HEADDRESS ICON,34.99
286560114,MW BK HEADDRESS ICON,34.99
286560203,MW GY DISTRESS HEAD,34.99
286560206,MW GY DISTRESS HEAD,34.99
286560209,MW GY DISTRESS HEAD,34.99
286560212,MW GY DISTRESS HEAD,34.99
286560214,MW GY DISTRESS HEAD,34.99
286560703,MW BK IMC CIRCLE ICON,34.99
286560706,MW BK IMC CIRCLE ICON,34.99
286560709,MW BK IMC CIRCLE ICON,34.99
286560712,MW BK IMC CIRCLE ICON,34.99
286560803,MW GY TRIANGLE PRINT,34.99
286560806,MW GY TRIANGLE PRINT,34.99
286560809,MW GY TRIANGLE PRINT,34.99
286560812,MW GY TRIANGLE PRINT,34.99
286560903,MW BK INDIAN EST 1901,29.99
286560906,MW BK INDIAN EST 1901,29.99
286560909,MW BK INDIAN EST 1901,29.99
286560912,MW BK INDIAN EST 1901,29.99
286561703,MW BK IMC ICON POCK LS,44.99
286561706,MW BK IMC ICON POCK LS,44.99
286561709,MW BK IMC ICON POCK LS,44.99
286561712,MW BK IMC ICON POCK LS,44.99
286561903,MW BK ESSENTIAL LOGO,39.99
286561906,MW BK ESSENTIAL LOGO,39.99
286561909,MW BK ESSENTIAL LOGO,39.99
286561912,MW BK ESSENTIAL LOGO,39.99
286562303,MW RD HEADR COL,89.99
286562306,MW RD HEADR COL,89.99
286562309,MW RD HEADR COL,89.99
286562312,MW RD HEADR COL,89.99
286562314,MW RD HEADR COL,89.99
286562503,MW GR PALM SCRIPT,89.99
286562506,MW GR PALM SCRIPT,89.99
286562509,MW GR PALM SCRIPT,89.99
286562512,MW GR PALM SCRIPT,89.99
286562514,MW GR PALM SCRIPT,89.99
286562702,WW BK ESSENTIAL LOGO,24.99
286562703,WW BK ESSENTIAL LOGO,24.99
286562706,WW BK ESSENTIAL LOGO,24.99
286562709,WW BK ESSENTIAL LOGO,24.99
286562712,WW BK ESSENTIAL LOGO,24.99
286562714,WW BK ESSENTIAL LOGO,24.99
286564102,WW BK ESSENTIAL LOGO,39.99
286564103,WW BK ESSENTIAL LOGO,39.99
286564106,WW BK ESSENTIAL LOGO,39.99
286564109,WW BK ESSENTIAL LOGO,39.99
286564302,WW RD HEADR COL,79.99
286564303,WW RD HEADR COL,79.99
286564306,WW RD HEADR COL,79.99
286564309,WW RD HEADR COL,79.99
2865644,SPIRIT PATCH TRUCKER,29.99
2865645,SCRIPT ICON EMB CAP,29.99
286564703,HEADDRES PERFORM,34.99
286564706,HEADDRES PERFORM,34.99
2865648,IMC CIRCLE ICON CAP,29.99
2865649,BLOCK LOGO PATCH,29.99
2865650,AMERICA FIRST EMB CAP,34.99
2865682,HEADDRESS SIGN,14.99
2865683,SCRIPT ICON SIGN,14.99
2865684,SCRIPT LOGO SIGN,14.99
2865685,SCRIPT ICON PATCH,10.99
2865686,HEADDRESS FLAG,29.99
2865687,HEADDRESS 40FLOZ,44.99
2865689,PURSUIT LEATHR KEY,29.99
2865691,SCRIPT LOGO DOORMAT,49.99
286569403,SPRT RAVINE FL FC HLMT,269.99
286569406,SPRT RAVINE FL FC HLMT,269.99
286569409,SPRT RAVINE FL FC HLMT,269.99
286570903,MW RD DISTRESS,34.99
286570906,MW RD DISTRESS,34.99
286570909,MW RD DISTRESS,34.99
286570912,MW RD DISTRESS,34.99
286571003,MW RD CIRCLE SCRIPT,44.99
286571006,MW RD CIRCLE SCRIPT,44.99
286571009,MW RD CIRCLE SCRIPT,44.99
286571012,MW RD CIRCLE SCRIPT,44.99
286571403,MW GY INDIAN SCOUT 101,39.99
286571406,MW GY INDIAN SCOUT 101,39.99
286571409,MW GY INDIAN SCOUT 101,39.99
286571412,MW GY INDIAN SCOUT 101,39.99
286571503,MW WT HEADDRESS,34.99
286571506,MW WT HEADDRESS,34.99
286571509,MW WT HEADDRESS,34.99
286571512,MW WT HEADDRESS,34.99
286571802,MW GR INDIAN COMPANY,34.99
286571803,MW GR INDIAN COMPANY,34.99
286571806,MW GR INDIAN COMPANY,34.99
286571809,MW GR INDIAN COMPANY,34.99
286571812,MW GR INDIAN COMPANY,34.99
286571814,MW GR INDIAN COMPANY,34.99
286571903,MW GY IMC MULTI LOGOS,34.99
286571906,MW GY IMC MULTI LOGOS,34.99
286571909,MW GY IMC MULTI LOGOS,34.99
286571912,MW GY IMC MULTI LOGOS,34.99
286572003,MW BK HEADDRESS,34.99
286572006,MW BK HEADDRESS,34.99
286572009,MW BK HEADDRESS,34.99
286572012,MW BK HEADDRESS,34.99
286572403,MW BK ESSENTIAL SCR,29.99
286572406,MW BK ESSENTIAL SCR,29.99
286572409,MW BK ESSENTIAL SCR,29.99
286572412,MW BK ESSENTIAL SCR,29.99
286572603,MW BK OUTLINE ATHLE,54.99
286572606,MW BK OUTLINE ATHLE,54.99
286572609,MW BK OUTLINE ATHLE,54.99
286572612,MW BK OUTLINE ATHLE,54.99
286572803,MW BK ESSENTIAL QUA,49.99
286572806,MW BK ESSENTIAL QUA,49.99
286572809,MW BK ESSENTIAL QUA,49.99
286572812,MW BK ESSENTIAL QUA,49.99
286572903,MW BK ESSENTIAL SCRIP,49.99
286572906,MW BK ESSENTIAL SCRIP,49.99
286572909,MW BK ESSENTIAL SCRIP,49.99
286572912,MW BK ESSENTIAL SCRIP,49.99
286573502,WW PU HEADDRES,39.99
286573503,WW PU HEADDRES,39.99
286573506,WW PU HEADDRES,39.99
286573509,WW PU HEADDRES,39.99
286573802,WW RD DIAMANTE,49.99
286573803,WW RD DIAMANTE,49.99
286573806,WW RD DIAMANTE,49.99
286573809,WW RD DIAMANTE,49.99
286574302,WW BK OUTLINE ATHLETE,44.99
286574303,WW BK OUTLINE ATHLETE,44.99
286574306,WW BK OUTLINE ATHLETE,44.99
286574309,WW BK OUTLINE ATHLETE,44.99
286574602,WW RD STAMP CIRCLE,34.99
286574603,WW RD STAMP CIRCLE,34.99
286574606,WW RD STAMP CIRCLE,34.99
286574609,WW RD STAMP CIRCLE,34.99
286574802,WW BK ESSENTIAL LS,29.99
286574803,WW BK ESSENTIAL LS,29.99
286574806,WW BK ESSENTIAL LS,29.99
286574809,WW BK ESSENTIAL LS,29.99
286574902,WW BK ESSENTIAL SCRIP,49.99
286574903,WW BK ESSENTIAL SCRIP,49.99
286574906,WW BK ESSENTIAL SCRIP,49.99
286574909,WW BK ESSENTIAL SCRIP,49.99
286575002,WW RD ZIP THRU FLEECE,109.99
286575003,WW RD ZIP THRU FLEECE,109.99
286575006,WW RD ZIP THRU FLEECE,109.99
286575009,WW RD ZIP THRU FLEECE,109.99
286575402,YTH BK HEADDR ICON,19.99
286575403,YTH BK HEADDR ICON,19.99
286575406,YTH BK HEADDR ICON,19.99
286575409,YTH BK HEADDR ICON,19.99
286575502,YTH GY DISTRES HEADR,19.99
286575503,YTH GY DISTRES HEADR,19.99
286575506,YTH GY DISTRES HEADR,19.99
286575509,YTH GY DISTRES HEADR,19.99
2865756,COLORBLOCK HEAD,29.99
2865757,HEADDRESS FLAT PEAK,34.99
2865758,IMC LOGO FLAT PEAK,34.99
2865759,01 PATCH TRUCKER,29.99
2865760,TRI COLOR LOGO,29.99
286578502,MW BK LS SCRIPT TEE S,39.99
286578503,MW BK LS SCRIPT TEE M,39.99
286578506,MW BK LS SCRIPT TEE L,39.99
286578509,MW BK LS SCRIPT TEE XL,39.99
286578512,MW BK LS SCRIPT TEE,39.99
286578514,MW BK LS SCRIPT TEE,39.99
286578702,MW BK ESSENTIAL LOGO,24.99
286578703,MW BK ESSENTIAL LOGO,24.99
286578706,MW BK ESSENTIAL LOGO,24.99
286578709,MW BK ESSENTIAL LOGO,24.99
286578712,MW BK ESSENTIAL LOGO,24.99
286578714,MW BK ESSENTIAL LOGO,24.99
286578715,MW BK ESSENTIAL LOGO,24.99
286578716,MW BK ESSENTIAL LOGO,24.99
286578801,WW BK ESSENTIAL LOGO,24.99
286578802,WW BK ESSENTIAL LOGO,24.99
286578803,WW BK ESSENTIAL LOGO,24.99
286578806,WW BK ESSENTIAL LOGO,24.99
286578809,WW BK ESSENTIAL LOGO,24.99
286578812,WW BK ESSENTIAL LOGO,24.99
286578814,WW BK ESSENTIAL LOGO,24.99
286578903,MW BK HEADDRESS ICON,34.99
286578906,MW BK HEADDRESS ICON,34.99
286578909,MW BK HEADDRESS ICON,34.99
286578912,MW BK HEADDRESS ICON,34.99
286578914,MW BK HEADDRESS ICON,34.99
286579003,MW BK ESSENTIAL SCRIP,49.99
286579006,MW BK ESSENTIAL SCRIP,49.99
286579009,MW BK ESSENTIAL SCRIP,49.99
286579012,MW BK ESSENTIAL SCRIP,49.99
286579102,WW BK ESSENTIAL SCRIP,49.99
286579103,WW BK ESSENTIAL SCRIP,49.99
286579106,WW BK ESSENTIAL SCRIP,49.99
286579109,WW BK ESSENTIAL SCRIP,49.99
286579203,MW BK HEADDRESS,34.99
286579206,MW BK HEADDRESS,34.99
286579209,MW BK HEADDRESS,34.99
286579212,MW BK HEADDRESS,34.99
286579303,MW DENIM JACKET BLU M,99.99
286579306,MW DENIM JACKET BLU L,99.99
286579406,MENS BK APPLI HEAD,89.99
286579409,MENS BK APPLI HEAD,89.99
286579412,MENS BK APPLI HEAD,89.99
286617214,MEN SSLV SCOUT SCRIPT,39.99
286617314,MEN SSLV SCOUT,39.99
286628012,WMN LS DIAMOND TEE,49.99
286628112,WMN LS STAR WREATH,49.99
2866528,HEADDRESS GLASS 2,29.99
286657803,MW RD CIRCLE,34.99
286657806,MW RD CIRCLE,34.99
286657809,MW RD CIRCLE,34.99
2866659,LEATHER FOB KEY,24.99
286757312,WMNS SILVER SPARKLE,29.99
2867600,BI-FOLD WALLET - BLACK,44.99
286795302,MEN SHOP SHIRT ANT,64.99
286796012,WMN RAGLAN LACE TEE,34.99
286869303,INDIAN SCRIPT FLEX FIT,19.99
286880002,WMNS STUD SHOULDER,39.99
286886903,RETRO OPEN HELMET MT,179.99
286886912,RETRO OPEN HELMET MT,179.99
286892806,MENS ICON 1/4 ZIP,79.99
286963402,INDIAN HALF HELMET 3-S,139.99
286963403,INDIAN HALF HELMET 3-M,139.99
286963406,INDIAN HALF HELMET 3-L,139.99
286963409,INDIAN HALF HELMET 3-XL,139.99
286963412,INDIAN HALF HELMET 3-,139.99
2869639,SCRIPT ICON TRUCKER,24.99
2869642,HEADDRESS MULTI,17.99
2869643,HEADDRESS HEAD TIE,17.99
2869646,LIBERTY SUNGLASSES,44.99
286967103,WOMENS PORT SPARKLE,34.99
286967709,WOMENS OPEN BACK,34.99
286967902,WOMENS QUICK DRY,44.99
2869714,ATLANTA SUNGLASSES,34.99
286971702,MENS CLASSIC GLOVE,74.99
286971703,MENS CLASSIC GLOVE,74.99
286971706,MENS CLASSIC GLOVE,74.99
286971709,MENS CLASSIC GLOVE,74.99
286971712,MENS CLASSIC GLOVE,74.99
286971714,MENS CLASSIC GLOVE,74.99
286973612,MENS MERINO HALF ZIP-,149.99
286974902,MNS 1901 MUNRO,39.99
286974903,MNS 1901 MUNRO,39.99
2869765,MERINO WOOL SCARF,59.99
286979803,MW CH RIDER TEE -M,34.99
286980106,WW GY CONTRAST ZIP,79.99
286980302,WW BL LS INDIAN MOTIF,34.99
2869832,IMRG LAPEL PIN,2.99
2871095-329,"CAM SPANNER WRENCH, ",34.99
2876049,"KIT-IGNITION COIL,TWIN ",299.99
2879530-156,"KIT-TIP,EXHAUST,BLT ",344.99
2879530-266,"KIT-TIP,EXHAUST,BLT ",369.99
2879532-156,"KIT-TIP,EXHAUST,FISH ",239.99
2879542-02,"KIT-BACKREST,RIDER,",399.99
2879542-06,"KIT-BACKREST,RIDER,",429.99
2879542-VBA,"K-BACKREST,RIDER, BLK ",429.99
2879543,"K-MOUNT,RIDER ",189.99
2879563-640,"KIT-MDLN,PRMRYCVR,",49.99
2879572-156,"KIT-PEG,HWY,VINT 1,CHR",349.99
2879574-02,"KIT-WINDSHIELD,CRSR,",749.99
2879577-01,"KIT-BAG,WINDSHIELD,BLK ",199.99
2879577-05,"KIT-BAG,WINDSHIELD,TAN ",229.99
2879578-02,"KIT-SEAT,LOW,RIDR,HTD,",679.99
2879582-156,"KIT-HIGHWAY BAR,REAR,",369.99
2879582-266,"KIT-HIGHWAY BAR,REAR,",389.99
2879583-05,"KIT-FLAP,FNDR,FRT,CHF,",99.99
2879600,VICTORY 4.5 QT OIL,91.49
2879606-01,"KIT-PAD,FLOORBOARD,",229.99
2879666-01,"KIT-PAD,BACKREST,PASS,",299.99
2879666-06,"KIT-PAD,BACKREST,PASS,",299.99
2879666-VBA,"K-PAD,BACKREST,PASS,",299.99
2879737-266,"KIT-BACKREST,PASS,CSR,",464.99
2879740,"KIT-MOUNT,CSR,",84.99
2879768-266,"KIT-EXHAUST,STAGE 1,50,",799.99
2879769-156,"KIT-EXHAUST,STAGE1,50,",839.99
2879769-922,"KIT-EXHAUST,STAGE1,50,",839.99
2879992-156,"K-ARM,CLUTCH PINION,",54.99
2879999-01,"KIT-WRAP,GRIP,BLK",79.99
2879999-05,"KIT-WRAP,GRIP,TAN",79.99
2880007-03,"KIT-WRAP,FLOORBOARD,",204.99
2880008-01,"KIT-FLAP,FENDER,FRT,",94.99
2880012,"OIL-20W-40,INDIAN,QUART ",15.99
2880016,"FLUID-INDIAN,BRAKE DOT ",10.99
2880032-156,"KIT-ARMREST,CHR",399.99
2880032-266,"KIT-ARMREST,BLK",419.99
2880041-01,"KIT-PAD,ARMREST,BLK",99.99
2880041-05,"KIT-PAD,ARMREST,TAN",114.99
2880041-VBA,"KIT-PAD,ARMREST,",99.99
2880103-156,"KIT-SHIFTER,HEAL,CHR",179.99
2880103-458,"KIT-SHIFTER,HEEL,MTBLK",179.99
2880103-463,"KIT-SHIFTER,HEAL,FBLK",179.99
2880132-156,"KIT-MIRROR,INDIAN,",219.99
2880137,KIT-CUP HOLDER,99.99
2880142-01,"KIT-POUCH,TANK,BLK",119.99
2880152-410,"KIT-HANDLEBAR,EXT RCH,",164.99
2880183,Indian Motorcycle Phone,39.99
2880187,"OIL-15W60,INDIAN,QUART ",19.99
2880191,"KIT-OIL CHANGE,INDIAN ",91.99
2880222-02,"KIT-WINDSHIELD,FLARE,",329.99
2880231-156,"KIT-BRKT,BACKREST,",154.99
2880232-156,"KIT-BACKREST,PASS,N,",449.99
2880232-658,"K-BACKREST,PASS,N,BLK",449.99
2880234-01,"KIT-SADDLEBAGS,N,BLK","1,049.99"
2880234-05,"KIT-SADDLEBAGS,N,TAN","1,099.99"
2880236-156,"KIT-WINDSHIELD,LOW,N,",529.99
2880237-156,"KIT-WINDSHIELD,MID,N,",529.99
2880239-626,"KIT-CONTROLS,RR,N,BLK",199.99
2880239-650,"KIT-CONTROLS,RR,N,TI ",199.99
2880241-01,"KIT-SEAT,DRVR,RR,N,BLK",229.99
2880241-05,"KIT-SEAT,DRVR,RR,N,TAN",279.99
2880287-266,"KIT-HWY BAR,LWR FAIR,",359.99
2880288,"KIT-MNT,PASS FLRBRD,",124.99
2880289,"KIT-LIGHTS,LED",409.99
2880293,"KIT-FLOORBOARD,PASS",214.99
2880405-266,SUBSTITUTED BY,549.99
2880619-01,"KIT-POUCH,TANK,N,BLK",179.99
2880627,SUBSTITUTED BY 2881166,149.99
2880654-156,"KIT-AIRBOX,INDN,50 ST,",549.99
2880654-266,"KIT-AIRBOX,INDN,50 ST,",569.99
2880664-266,"KIT-LIGHTS,REAR,BLK",309.99
2880665-266,"KIT-HEADDRESS,BLK",119.99
2880666,"KIT-SEAT,PASS",329.99
2880668,KIT-OIL COOLER,329.99
2880669-156,"KIT-PASS BCKRST,CRSR,",469.99
2880671-266,"KIT-TIP,EXHAUST,",299.99
2880726-266,"KIT-SIGNAL,TURN,FRONT,",99.99
2880728-156,"KIT-PEG,SHIFTER,TOE,",99.99
2880728-468,"KIT-PEG,SHIFTER,TOE,",99.99
2880729-156,"KIT-PEG,SHIFTER,HEEL,",59.99
2880729-468,"KIT-PEG,SHIFTER,HEEL,",59.99
2880730,"KIT-FENDER TRIM,BLK",104.99
2880732-463,"KIT-DRIVING LIGHTS,FLAT ",314.99
2880736-156,SUBSTITUTED BY,519.99
2880761,"K-WINDSCREEN,CRSR,",769.99
2880768,"KIT-ANTENNA,SHORT",44.99
2880785-266,"KIT-COVER,PRIMARY ",199.99
2880798,KIT-EXHAUST SHIELDS.,299.99
2880799-266,"KIT-EXH TIP,GROOVED,",349.99
2880827-01,"KIT-PAD,BACKREST,N,BLK",199.99
2880827-05,"KIT-PAD,BACKREST,N,TAN",219.99
2880832-156,"KIT-BCKRST,PASS,TOUR,",449.99
2880833-266,"KIT-BCKRST,PASS,TOUR,",479.99
2880876-156,"KIT-EXH,SLIP-ON,50 ST,N,",799.99
2880900-156,"KIT-RACK,SOLO,MS,CHR",209.99
2880901-01,"KIT-BAG,WINDSHIELD,MS,",214.99
2880903-01,"KIT-SEAT,PASS,TOUR,MS,",279.99
2880905-01,"K-SEAT,BOBBER,BLK",399.99
2880905-05,"K-SEAT,BOBBER,TAN",399.99
2880925,"KIT-HARNESS,TRUNK,",99.99
2880930,"KIT-MOUNT,GPS ",99.99
2880943-01,"KIT-WRAP,HWY BAR,RR,",164.99
2880951,"KIT-AIR CLEANER BASE,",39.99
2880955-156,"K-RACK,PASS BACKREST,",279.99
2880955-266,"K-RACK,PASS BACKREST,",279.99
2880966,"ANTI-FREEZE,INDIAN,1 QT",9.99
2880986,"KIT-HARNESS,AUDIO,",99.99
2881013-463,"K-MIRROR,IND,FL BLK",199.99
2881124-02,"K-WINDSHIELD-SHORT,",199.99
2881127-650,"K-BACKREST,PASS,N,",319.99
2881166,"K-SPOOL,N,LNR",179.99
2881174-447,"K-INNER FRNG,IND,BLUE ",569.99
2881174-639,"K-INNER FRNG,IND,INDN ",569.99
2881186-156,"K-CVR,STRUT,WSHR,CHR",44.99
2881186-687,"K-CVR,STRUT,WSHR,ENG ",39.99
2881188-156,"K-COVER,CLUTCH,N,CHR",74.99
2881328-687,"K-BUCKET,HEADLIGHT,",99.99
2881330-687,"K-BEZEL,SPEEDOMETER,",54.99
2881413,"CARBON CLEAN FI,12OZ",19.99
2881476,"K-HARDWARE,WS",59.99
2881539-156,"KIT-RACK,BCKRST,N,CHR",229.99
2881542-640,"K-CNSLE,CRSR,FUEL ",319.99
2881676,"K-ST2,IND 111 CAMS 50ST",629.99
2881756-156,"K-HIGHWAY BAR,N,CHR",349.99
2881756-266,"K-HIGHWAY BAR,N,BLK",369.99
2881769,"K-TRIM,SDLBAG",74.99
2881769-156,CHR SADDLEBAG TRIM,69.99
2881779-156,K-ACCY-AIRBOX-INDIAN-,579.99
2881779-521,K-ACCY-AIRBOX-INDIAN-,579.99
2881788,"K-PLUG,BACKREST",34.99
2881790-463,"K-SHOCK-REAR,SCOUT,",999.99
2881796,"K-WINDSHIELD,TOURING",369.99
2881797-02,SUBSTITUTED BY,174.99
2881799,"K-WINDSCREEN,TOUR,",349.99
2881847-02,"K-APPL,CONSOLE,",154.99
2881847-03,"K-APPL,CONSOLE,",154.99
2881911,CARBON CLEAN-INDIAN,15.99
2881963-266,"K-RAIL,SEAT,SOLO,N,BLK",214.99
2881964-266,"K-GRIP,ACC OVERSIZED ",79.99
2881994-472,"K-ROD,SHIFT,SCOUT,STD,",84.99
2881995-468,"K-ROD,SHIFT,SCOUT,EXT ",99.99
2882001-468,"K-COVER,TSTAT,NS,BLK",269.99
2882012-266,"K-EXH,SLIP-ON,50 ST,ISO,",824.99
2882132,K-GARAGE DOOR,179.99
2882221,"K-WINDSHIELD,FLARE,",699.99
2882229,"K-BOLT,BLACK,BEZEL",24.99
2882251-626,"K-PEG,PASS,N2,JT BLK",199.99
2882251-650,"K-PEG,PASS,N2,TI SLV",199.99
2882516-266,"K-RACK,SOLO,SC ",279.99
2882517,"K-HEADLIGHT,LED,MID",329.99
2882518-01,"K-SADDLEBAG,SC,BLK",279.99
2882519,"K-INTAKE,PERFORMANCE,",179.99
2882520-266,"K-GRIP,SC BOBBER BAR ",79.99
2882563-02,"KIT-SEAT,HEATED,1PC,",949.99
2882765,ROADMASTER CLASSIC,69.99
2882767-01,"K-SEAT,PASSENGER,BLK",329.99
2882828-156,"K-GRIPS,IND,CHR",199.99
2882828-468,"K-GRIPS,IND,BLK",199.99
2882853-LNA,"K-SEAT,PASS,SC,",479.99
2882853-VBA,"K-SEAT,PASS,SC,",449.99
2882863-156,"K-LP FRM,SCRIPT,NA,CHR",99.99
2882864-156,"K-LP FRM,HDDRESS,NA,",99.99
2882866-468,"K-FLOORBOARD,PASS,",449.99
2882919-410,SUBSTITUTED BY 9999999,214.99
2883021-156,"K-FLOORBOARD,DRVR,",549.99
2883021-468,"K-FLOORBOARD,DRVR,",599.99
2883055-LNA,"K-SEAT,PASS,SC,W/O ",379.99
2883055-VBA,"K-SEAT,PASS,SC,W/O ",349.99
2883056-266,"K-FLOORBOARD,SC,GLS ",329.99
2883056-658,"K-FLOORBOARD,SC,BLK",329.99
2883271-626,"K-MOUNT,EXT RCH FOOT ",184.99
2883309-266,"K-WNDSHLD,SPFLD,LOW,",649.99
2883315,"K-DIPSTICK, CHR",34.99
2883403-156,"K-RACK,SOLO,CHR",309.99
2883406,"K-LINES,ACC HANDLEBAR ",119.99
2883449-266,"K-HNDLBAR,MID-APE,BLK",379.99
2883450-266,"K-HNDLBAR,MIDRISE,BLK",449.99
2883482-266,"K-SHIELD,EXHAUST,",199.99
2883505,"K-PLATE,NUMBER,SIDE",249.99
2883511,K-LUGGAGE RACK,279.99
2883516,K-SIDEBAG MOUNT,149.99
2883517-FBA,"K-TANKBAG,CVS,BLK",299.99
2883518-FBA,"K-REARBAG,WTRPRF,BLK",204.99
2883519,"K-EXH,SLIP-ON,HIGH","1,749.99"
2883520,"K-EXH,SLIP-ON,LOW","1,544.99"
2883521,"K-FOOTPEG,DRVR",289.99
2883638,K-SPLIT NUT,79.99
2883663-VBA,"K-SEAT,GF,N,BLK",479.99
2883664-VBA,"K-SEAT,GF,EXT R,N,BLK",479.99
2883665-156,"K-GRILLS,SBAG AUDIO,",219.99
2883665-266,"K-GRILLS,SBAG AUDIO,",239.99
2883666-266,"K-AUDIO LIDS,FLAT,BLK",534.99
2883666-509,"K-LID-AUDIO LIDS,",599.99
2883666-694,"K-LID-AUDIO LIDS,FLAT,",599.99
2883666-711,"K-LID-AUDIO LIDS,FLAT,",599.99
2883666-800,"K-LID-AUDIO LIDS,FLAT,",599.99
2883666-866,"K-LID-AUDIO LIDS,FLAT,",599.99
2883666-870,"K-LID-AUDIO LIDS,FLAT,",599.99
2883666-977,"K-LID-AUDIO,SBAG,B,",599.99
2883689,"K-USB,19 USB Charging ",99.99
2883706-02,"K-WINDSHIELD,FLIP,TINT",299.99
2883707-02,"K-WINDSHIELD,LOW,TINT",199.99
2883708-02,"K-WINDSHIELD,MID,TINT",299.99
2883709-01,"K-WINDSHIELD,TALL,",299.99
2883728-VBA,"K-PAD,PASS BACKREST,",279.99
2883730-468,"K-MIRROR,BAREND,",259.99
2883737-266,"K-ACCY-AIRBOX-INDIAN,",479.99
2883771,K-MIRROR ACCY,399.99
2883795-687,"K-LEVER,IND,BRNZ",154.99
2883842,K-BRKT REAR MOUNT,99.99
2883864,"K-LINES,ACC HNDLBR ",119.99
2883869-VBA,"K-SEAT,DRIVER/PASS,",479.99
2883886,VINT/CLSC ALL WEATHER,209.99
2883887,SCOUT ALL WEATHER,209.99
2883888,CHF ALL WEATHER FULL,209.99
2883889,CHF DUST COVER,209.99
2883895,"K-COVER,ROADMASTER,",209.99
2883921,"K-ST3,IND 116 MY19","2,934.99"
2883924,"K-HARNESS,AUDIO,SB,B",114.99
2883926,K-100W-525-SPKR-FA,554.99
2883927,K-100W-525-SPKR-TR,629.99
2883957,"K-CLUTCH,",329.99
2883984-669,"K-LWR FAIRINGS,",999.99
2884005-02,"K-SADDLEBAG,SOF,BLK","1,499.99"
2884007,"K-TRUNK INTEGRATION,",189.99
2884008,"K-TRUNK INTEGRATION,",189.99
2884010,"K-WINDSCREEN,LOW,",179.99
2884011,K-WINDSCREEN MOUNT,289.99
2884012-266,"K-HANDLEBAR,MINI-APE,",179.99
2884046-617,"K-TRUNK,IND,CRSWHT","1,999.99"
2884046-675,"K-TRUNK,IND,PWHTSMK","1,999.99"
2884046-711,"K-TRUNK,IND,MRNMET","1,999.99"
2884046-752,"K-TRUNK,IND,BLKCANDY","1,999.99"
2884046-774,"K-TRUNK,IND,GHWTMET","1,999.99"
2884046-866,"K-TRUNK,IND,","1,999.99"
2884048-156,"K-ASM,LARGE TRUNK ",549.99
2884060,"K-LICENSE PLATE MOUNT, ",299.99
2884060-385,"K-LICENSE PLATE MOUNT,",349.99
2884062,"K-ST3,IND 116","2,934.99"
2884069,"K-MOUNT-FOOTPEG,",104.99
2884088,"K-FENDER,FRONT,CF",329.99
2884089,"K-COVER,AIRBOX,CF",649.99
2884093,"K-COVER,ENG,RSD",109.99
2884100,"K-GRIPS,PROTAPER",39.99
2884110-266,"K-MUFFLER,STG 1,BLK (No ",899.99
2884113,"K-BAG,RACK,SCOUT",279.99
2884116,"K-FAIRING,MINI,SCOUT",849.99
2884116-266,"K-FAIRING,MINI,SCOUT,","1,199.99"
2884116-629,"K-FAIRING,MINI,SCOUT,","1,199.99"
2884129,"K-LENS,SIGNAL,SCOUT,",49.99
2884130-156,"K-HANDLEBAR,BEACH,",229.99
2884130-266,"K-HANDLEBAR,BEACH",239.99
2884143-1807,"K-CVR,AIRBOX,PEARL ",514.99
2884144-VBA,"K-SEAT,TRACKER,VNL,",204.99
2884145-666,"K-BODYWORK,TRACKER,",309.99
2884155,"K-PAD,PASS,FLRBRD,",224.99
2884156,"K-TURN SIGNAL,CLR",129.99
2884164,"K-LINES,APE,HNDLBR,",109.99
2884168-156,"K-WINDSHIELD,MID,TINT,",529.99
2884169-156,"K-WINDSHIELD,TALL,TINT,",529.99
2884171,KIT OIL CHANGE-15W60,117.99
2884177-156,"K-HWY BAR,FRT,CHROME",474.9
2884177-266,"K-HWY BAR,FRT,BLACK",494.99
2884178,"K-MOUNT,DRVR ",199.99
2884182,"KIT-OIL CHANGE, INDIAN ",91.99
2884186-156,"K-BACKREST,PASS,CHR",499.99
2884186-266,"K-BACKREST,PASS,BLK",479.99
2884187-156,"K-EXHAUST,STAGE1S ","1,099.99"
2884190,"K-COVER,FTR1200,ALL,",199.99
2884226-VBA,"K-SEAT,DRIVER,COMF,",299.99
2884226-VNA,"K-SEAT,DRIVER,COMF,",299.99
2884244,"OIL-INDIAN,FORK TYPE II ",19.99
2884295,"K-DEFLECTOR-WIND,MID,",199.99
2884296,"K-DEFLECTOR-WIND,",199.99
2884308,"K-LIGHT,PUDDLE,WHT",104.99
2884309,"K-65-SPKR,AUDIO,FA",684.99
2884322,"K-ST3,IND 116,MY20","3,199.99"
2884323,"K-ST2,IND 116,20,CAMS",849.99
2884342,"K-65-SPKR,AUDIO,SB,V2",849.99
2884389-410,"K-HNDLBAR,MIDRISE,CMF,",449.99
2884390-410,"K-HNDLBAR,PULLBACK,",229.99
2884419-VBA,"K-SEAT,HT-CL,IND,TOUR,",999.99
2884422,"K-LED HEADLIGHT,",449.99
2884425-266,"K-ASM,BAR,MUSTACHE,",494.99
2884428-VBA,"K-PAD,ARMREST,NAD,VBA",109.99
2884429-VBA,"K-PAD,TRUNK,NAD,VBA",399.99
2884442-156,"K-HEADLIGHT,ADAPTIVE,7 ",649.99
2884446-156,"K-LIT,FIN-HEADDRESS,",119.99
2884452-156,"K-TRUNK,AL RACK,",344.99
2884452-266,"K-TRUNK,AL RACK.BLK",369.99
2884461-266,"K-ACCY,AIRBOX,IND,50ST,",479.99
2884463,"K-FENDER-FRONT 17,CF",299.99
2884464,"K-GUARD-CHAIN,UPPER,",239.99
2884466,"K-WING,RADIATOR,CF",299.99
2884468,"K-NAV,UPGRADE,GEN2,",549.99
2884470-266,"K-DRIVING LIGHTS,CRSR,",449.99
2884573,"K-STG2,IND 108 CAMS",749.99
2884574-266,"K-HNDLBAR,MIDRISE,BLK",449.99
2884575-266,"K-HNDLBAR,MIDRISE,CMF,",449.99
2884619-156,"K-BACKREST,PASS,CHR",344.99
2884619-266,"K-BACKREST,PASS,BLK",369.99
2884620-VBA,"K-PAD,PASS BACKREST,",199.99
2884631-156,"K-PASS,BACKREST,FIXED,",344.99
2884631-266,"K-PASS,BACKREST,FIXED,",349.99
2884632-156,"K-PASS,BACKREST,LCK ",344.99
2884632-266,"K-PASS,BACKREST,LCK ",369.99
2884643-VBA,"K-SEAT,BAGR,RDU,BLK",214.99
2884644-VBA,"K-SEAT,PASS,BLK",214.99
2884644-VBC,"K-SEAT,PASS,BLK2, ",214.99
2884667,"K-GRIP,HEATED",249.99
2884672-266,"K-RACK,SOLO,BLK",229.99
2884677,K-WIND DEFLECTOR,199.99
2884688,"K-WIND DEFLECTOR,",149.99
2884689,"K-WIND DEFLECTOR,",129.99
2884693-266,"K-WS,TALL,CLR,BLK",529.99
2884708-156,"K-LIGHT,DRIVING,LED,",219.99
2884708-266,"K-LIGHT,DRIVING,LED,BLK",229.99
2884711-156,"K-LIGHT,MNT,CHFTN,CHR",199.99
2884711-266,"K-LIGHT,MNT,CHFTN,BLK",229.99
2884718-266,"K-ASM,BAR,HGWY,BLK",419.99
2884720-458,"K-EXH,SLIP-ON,BLK",749.99
2884721-156,"K-EXH TIP,SLASH,CHR",329.99
2884721-266,"K-EXH TIP,SLASH,BLK",299.99
2884726,EYOUTH FTR JR,849.99
2884727-VBA,"K-PAD,PASS BACKREST,",199.99
2884772-156,"K-SHIFTER HEEL,CHR",179.99
2884772-266,"K-SHIFTER HEEL,BLK",189.99
2884775-266,"K-FOG LIGHT,BLK ",319.99
2884801-VBA,"K-BACKREST,TOURING,",199.99
2884802-VBA,"K-BACKREST,PASS SLIM,",199.99
2884830-FBA,"K-BAG,REAR,RACK,BLK",279.99
2884860-266,"K-HEADLISHT,ADAPTIVE,7 ",649.99
2884862-VBA,"K-BAG,SOLO RACK,BLK",294.99
2884899-266,"K-MOUNT,DRIVING LIGHT,",219.99
2884900,K-HEATED GRIP (2884951-,279.99
2884902-266,"K-HARDWARE,WS,BLK",79.99
2884906,"K-CLOSEOUT,LOWER,CMF",219.99
2884924-VBA,"K-SADDLEBAGS,BLK","1,099.99"
2884949-VBC,"K-SEAT,FLOATING,BLK",249.99
2884950-266,"K-AIRBOX,IND,BLK",599.99
2884951-266,"K-SWITCH,PANEL,BLK ",79.99
2884965-01,"K-SADDLEBAG,BOB.BLK",299.99
2884995-156,"K-HDLT,ADAPT,5 ,CHR",529.99
2884995-266,"K-HDLT,ADAPT,5 ,BLK",529.99
2884996-266,"K-HDLT,ADAPT,5 ,H4,BLK",549.99
2884997-266,"K-HNDLBAR,PULLBACK,",199.99
2884999-266,"K-HNDLBAR,HLWD,BLK",199.99
2885000-266,"K-HNDLBAR,STD,BLK",199.99
2885001-266,"K-HNDLBAR,MINIAPE,BLK",199.99
2885004-266,"K-RACK,SOLO,BLK",329.99
2885099,"K-LINES,ACC HNDLBR ",189.99
2885100,"K-LINES,ACC HNDLBR ",189.99
2885131,"K-FITTED BAG,",189.99
2885133-156,SUBSTITUTED BY,229.99
2885133-266,"K-RACK,SOLO,SCOUT,BLK",239.99
2885137-266,"K-HNDLBAR,MID-APE,BLK",279.99
2885138-266,"K-HNDLBAR,MIDRISE,BLK",379.99
2885138-410,"K-HNDLBAR,MIDRISE,POL",379.99
2885148,K-ACC HNDLBR INSTL,79.99
2885149,"K-ACC HNDLBR INSTL,",79.99
2885158,"K-ST3,IND 116,LO","3,199.99"
2885159-266,"K-TRIM,BLACK TRUNK",299.99
2885177-410,"K-HNDLBAR,LOWRISE,POL",279.99
2889016,"K-SVC,GRFX,TANK,",179.99
2889056-VBA,"K-PAD,TRUNK,TN,VBA",399.99
2889056-VBB,"K-PAD,TRUNK,UP,VBB",399.99
2889057,"K-SPEAKER,5.25,100W,",649.99
2889065,K-TRUNK INTEGRATION,189.99
2889113,"K-MOUNT,SEAT",189.99
2889144-VBA,"K-BAG,WKND,TOUR",399.99
2889145-VBA,"K-BAG,DAY,TOUR",219.99
2889213-266,"K-PSNGR FOOT CNTRLS,",199.99
2889214-266,"K-DRVR FT CNTRLS,MID,",329.99
2889215-266,"K-DRVR FT CNTRLS,FWD,",379.99
2889216-266,"K-DRVR FT CNTRLS,",479.99
2889217-458,"K-EXHAUST SHIELDS,BLK ",214.99
2889224,K-ACCY SADDLEBAG,199.99
2889282-VBA,"K-SADDLEBAG,SEMI-RIGID ",749.99
2889284-VBA,"K-SEAT,SPORT,BOB,BLK",429.99
2889294,"K-ACCY,LWR,SPEAKER",179.99
2889299-VBA,"K-ACCY BACKREST PAD,",114.99
2889301-156,"K-HANDLEBAR,REDRCH,V,",209.99
2889301-266,"K-HANDLEBAR,REDRCH,V,",219.99
2889304-01,"K-GAUGE,TACH,IND,BLK",299.99
2889311,"KIT-OIL CHANGE,INDIAN ",107.99
2889332-VBA,"K-SEAT,DRIVER,COMF,",299.99
2889332-VNA,"K-SEAT,DRIVER,COMF,",299.99
2889333-156,"K-HNDLBAR,MITER,",379.99
2889333-266,"K-HNDLBAR,MITER,",399.99
2889337,"K-LWR,FAIRING,",209.99
2889346,"K-SIGNAL,BOBBER,",209.99
2889365,"K-COVER,FULL,TRUNK,",209.99
2889385-VBB,"K-SEAT,SYNSOLO,BLKVYL",249.99
2889406-VBA,"K-BAG,CARRYON,TOUR",219.99
2889429-VBA,"K-PAD,PSS BCKRST,SPRT,",149.99
2889459-156,"K-HEADLIGHT,ADAPT,7 ,",629.99
2889459-266,"K-HDLT,ADAPT,7 ,SAE,BLK",649.99
2889475-617,"K-ACCY,LWR,FAIRING,",999.99
2889475-632,"K-ACCY,LWR,FAIRING,",999.99
2889475-640,"K-ACCY,LWR,FAIRING,",999.99
2889475-675,"K-ACCY,LWR,FAIRING,",999.99
2889475-685,"K-ACCY,LWR,FAIRING,",979.99
2889475-752,"K-ACCY,LWR,FAIRING,",999.99
2889475-786,"K-ACCY,LWR,FAIRING,",999.99
2889476-266,"K-ACCY,LWR,FOG-LIGHT,",139.99
2889570-463,"K-FAIRING,QRTR,BLKSMK",529.99
2889570-520,"K-COWL,CLUB,",529.99
2889570-760,"K-FAIRING,QRTR,",529.99
2889570-800,"K-FAIRING,QRTR,",529.99
2889573,"K-EFTR,MINI,US",529.99
2889582-VBA,"K-SEAT,HT-CL,CAN,","1,299.99"
2889592,K-HEADLIGHT,99.99
2889595-156,"K-GRILLS,LWR,AUDIO,CHR",219.99
2889595-266,"K-GRILLS,LWR,AUDIO,BLK",219.99
2889596,"K-ANTENNA,TRUNK",249.99
2889605-156,"K-BASE,LOW PROFILE ",399.99
2889605-266,"K-BASE,LOW PROFILE ",399.99
2889606,K-LINER-TRUNK,129.99
2889609-463,"K-TRUNK,FBLK","1,799.99"
2889609-653,"K-TRUNK,TTNMMET","1,799.99"
2889609-800,"K-TRUNK,ONYXBLK","1,799.99"
2889609-866,"K-TRUNK,ONYXBLKSMK","1,799.99"
2889617-266,"K-SIDESTAND, Reduced ",159.99
2889636,"K-HARNESS,JUMPER,7 ,",29.99
2889641,"K-ACCY,SHOCK,E-",999.99
2889653-156,"K-PEG,HWY,VINT 1,CHR",349.99
2889653-266,"K-PEG,HWY,VINT 1,BLK",344.99
2889663-VBA,"K-SEAT,CHIEF-SPORT,",249.99
2889664-VBA,"K-SEAT,CHIEF-GF-2UP,",279.99
2889668,EFTR HOOLIGAN 1.2,"3,599.99"
2889685-VBA,"K-SEAT,CHIEF-COMFORT,",249.99
2889805-VBA,"K-SEAT,GUNFIGHTER,BLK",479.99
2889806-VBA,"K-SEAT,CHIEF-GF-2UP,",279.99
2889807-156,"K-PASS,BACKREST,FIXED,",294.99
2889807-266,"K-PASS,BACKREST,FIXED,",294.99
2889808-VBA,"KIT,BAG,HANDLEBAR,",134.99
2889839,"K-ANTENNA,MOUNT",114.99
2889858-266,"K-WINDSHIELD MOUNT,",219.99
2889915-02,"K-ACCY,DEFLECTOR-",169.99
2889916-02,"K-ACCY,DEFLECTOR-",169.99
2890036-VBB,"K-PAD,PSS BCKRST,",109.99
2890077,K-CRUZTOOLS 19X22,19.99
2890088,"K-SHOCK,REAR,ADJ","1,599.99"
2890089,"K-ACCY,RISER",179.99
2890100-VBA,"K-SEAT,HEAT,COOL,BLK","1,299.99"
2890106-FBA,"KIT-BAG,REAR,BLK",124.99
2890108-02,"K-DEFLECTOR,MID,TINT",169.99
2890110-01,17.8 in Quick Release Low,529.99
2890111,"K-EFTR,MINI,US/CND,PNK",529.99
2890119-685,"K-ACCY,COWL,",599.99
2890119-950,"K-ACCY,COWL,SPFG BLUE ",599.99
2890126,K-FOB HOUSING,39.99
2890127,"K-FOB HOUSING,2BTN",39.99
2890139,"K-CAP,RADIATOR,GILLES",99.99
2890143-800,"K-CHIN,FAIRING,ONYX ",249.99
2890148-156,"K-RACK,SOLO,CHR",209.99
2890148-266,"K-RACK,SOLO,BLK",209.99
2890218,"K-GRIP,HEATED,CLAMP",344.99
2890219,"K-GRIP,CLAMP",199.99
2890220,"K-GRIP,HEATED,CLAMP",279.99
2890230-266,"K-HANDLEBAR,MOTO,BLK",199.99
2890235-VBB,"K-SEAT,SOLO,SPORT,BLK",249.99
2890236-VBB,"K-SEAT,SOLO,BOB,BLK *",249.99
2890237-VBA,"K-SEAT,2-UP,GNFTR,STD-",399.99
2890238-VBA,"K-SEAT,2-UP,GNFTR,EXT-",399.99
2890248,"K-CAP,CONSOLE,MAGNET",34.99
2890252-156,"K-BAR,HWY,CHR",334.99
2890252-266,"K-BAR,HWY,BLK",334.99
2890253-266,"K-LIGHT,MNT,BLK",229.99
2890254,K-SPOOLS,79.99
2890256-156,"K-BACKREST,PASS,CHR",314.99
2890256-266,"K-BACKREST,PASS,BLK",314.99
2890257-VBA,"K-SADDLEBAGS,BLK",849.99
2890283-VBA,"K-SADDLEBAG,BOB,LH,",314.99
2890284-VBA,"K-SADDLEBAG,BOB,RH,",314.99
2890296-156,"K-SIGNAL,CLASSIC,",229.99
2890297-266,"K-SIGNAL,BOB,NA,SMOKE,",229.99
2890337-266,"K-WS,LOW,TINT,BLK",449.99
2890338-266,"K-WS,MID,CLEAR,BLK",499.99
2890338-410,"K-WS,MID,CLEAR,PLSHD",499.99
2890339-266,"K-WS,LOW,CLEAR,BLK",449.99
2890357-VBD,"K-PAD,BKRST,BLK,W/PIPE",149.99
2890358-VBA,"K-PAD,BKRST,TOURING,",149.99
2890359-266,"K-BACKREST-DRIVER,BLK",149.99
2890364-VBA,"K-SEAT,PILLION,BLK ",229.99
2890451,"K-ACCY,RISER,6 INCH",199.99
2890452,"K-ACCY,RISER,10 INCH",199.99
2890453,"K-LINES,ACC HNDLBR ",189.99
2890502-156,"K-ASM,TRUNK FRAME,",579.99
2890502-266,"K-ASM,TRUNK FRAME,",549.99
2890503-156,"K-BASE,TRUNK FRAME,",579.99
2890503-266,"K-BASE,TRUNK FRAME,",549.99
2890504,"K-LICENSE PLATE,CNTR ",179.99
2890513,"K-GRIP,HEATED",279.99
2890532,"K-MODULE-USB,CHRG ",79.99
2890533-266,"K-PEDAL,BRAKE,CMF,BLK",169.99
2890541-1715,"K-LEVERS,BRAKE & ",169.99
2890543-156,"K-PEDAL,BRAKE,CHR",169.99
2890543-266,"K-PEDAL,BRAKE,BLK",169.99
2890547-626,"K-DRVR FT CNTRLS,",399.99
2890548-626,"K-DRVR FT CNTRLS,MID,",349.99
2890549-266,K-HANDLEBAR-EXTENDED,219.99
2890551-266,K-HANDLEBAR-REDUCED,219.99
2890552-266,"K-HANDLEBAR-MOTO,BLK",199.99
2890553-266,"K-HANDLEBAR-MINI-APE,",209.99
2890555-266,"K-RISERS,3.5IN,BLK",199.99
2890557-658,"K-RISERS,UPGRADE,BLK",199.99
2890559-440,"K-RISERS,10IN,BLK/MACH",249.99
2890574,"K-100W,5.25,SPKR,2.0",599.99
2890575,"K-100W,6.5,SPKR,2.0",699.99
2890576,"K-100W,6.5,SPKR,SB,2.0",899.99
2890577,"K-100W,5.25,SPKR,TRUNK,",699.99
2890594,"K-100W,5.25,SPKR,2.0,NL ",549.99
2890595,"K-100W,6.5,SPKR,2.0,NL",649.99
2890596,"K-100W,6.5,SPKR,SB,2.0,",849.99
2890597,"K-100W,5.25,SPKR,",529.99
2890598,"K-ROPE,WINCH,1500 ",34.99
2890610-626,"K-PEG,PASS,N2,JT BLK",199.99
2890678,"K-HEADLIGHT,LED,5""",329.99
2890683,"K-SIGNAL,BOBBER,",119.99
2890836,"K-IGNITION,KEYLESS",299.99
2890837,K-DIGITAL ROUND GAUGE,999.99
2890869,K-CONNECTED UPGRADE,549.99
2890959,"K-WH/TR,15,VGS,BLK,","2,049.99"
2890997-VBA,"K-SEAT,CHIEF-CLUB-2UP,",349.99
2890999,"K-SADDLEBAGS,TXTRD",999.99
2891001,K-CRUISER AUDIO,699.99
2891002,"K-CRUISER AUDIO,",74.99
2891022-463,"K-HNDLBAR,MIDRISE,",399.99
2891023-463,"K-HNDLBAR,MITERMID,",399.99
2891039,"K-SHOCKS,PIGGYBACK,",829.99
2891061-02,"K-WINDSHIELD,FLARE,",349.99
2891066,"K-CARD-CAL,",129.99
2891099,SUBSTITUTED BY,259.99
2891099-468,"K-MIRROR,BAREND,",259.99
2891101,"K-LEVERS,BLACK",199.99
2891111,"K-100W,5.25,SPKR,TRUNK,",649.99
2891186,"K-AUDIO,MOUNT,",99.99
2891187,"K-AUDIO,MOUNT,W/O ",99.99
2891208,"K-FUEL,CAP,BLACK",79.99
2891210-520,"K-SBAGS,PAINTED,","1,499.99"
2891210-759,"K-SBAGS,PAINTED,","1,499.99"
2891210-872,"K-SBAGS,PAINTED,","1,499.99"
2891211,"K-SADDLEBAGS,INSTALL",199.99
2891245,K-PERF CAL SOFTWARE,219.99
2891283,"K-CLUTCH CABLE,1731MM",79.99
2891338,"KIT-OIL CHANGE,25+ ",99.99
2891341-266,"K-FLOORBOARD,SC,BLK",279.99
2891364,"K-PAD,BKRST,BLK,W/PIPE",149.99
2891396,"K-SEAT,TOUR,HWLC,","1,299.99"
2891413,"K-ACCY,LWR,FOG-LIGHT,",199.99
2891473,"K-DEFLECTORS,",149.99
2891548,"K-MOUNT,SDLBG,HARD",79.99
2891560-156,"K-HNDLBAR,PULLBACK,",229.99
2891560-463,"K-HNDLBAR,PULLBACK,",129.99
2891561,"K-BBK,IND 112,LS","1,499.99"
2891563,"K-ACCY,LOWER,FOG-",559.99
2891565,"K-MOUNT,FOG LIGHT,3.5"",",299.99
2891581,"K-100W,5.25,SPKR,2.0,V2",599.99
2891582,"K-100W,6.5,SPKR,2.0,V2",699.99
2891583,"K-100W,6.5,SPKR,2.0,NL,",649.99
2891654-156,"K-EXH,SLIP-ON,CHF,S1,",799.99
2891654-922,"K-EXH,SLIP-ON,CHF,S1,",799.99
2891715-266,"K-ASM,BAR,HGWY,BLK",379.99
2891743,"K-LEVERS,CLUTCH,",349.99
2891759,"K-BRACKET,SUPPORT,",99.99
2891788,"K-DEFLECTOR-TALL,TINT",169.99
3022493,TENSIONER ASSEMBLY,9.99
3022580,SPRING SEAT VALVE,29.99
3022626,HYDRAULIC ROLLER,59.99
3022662,SPARK PLUG-10 MM (4),11.99
3022668,CYLINDER HEAD,"1,374.99"
3023225-657,SUBSTITUTED BY,849.99
3023232,CYLINDER HEAD,"1,219.99"
3023605-657,"ASM-CYL HEAD,",899.99
3070202,SPARK PLUG(10),9.99
3070482,SPARKPLUG-10MM,13.99
3076352,SPARK PLUG-10MM (96402,23.95
3088051,"PLUG,SPARK DCPR8E(10)",7.99
3211168,"BELT-IND DRIVE,152T,",279.99
3211176,"BELT-DRIVE,141TX22MM,",229.99
3211217,"BELT-IND HS DRIVE,152,24",279.99
3211222,"BELT-DRIVE,146T,22MM",279.99
3222308,"X-RING CHAIN ASSEMBLY, ",204.99
3222335,"CHAIN-525,114 LINK",189.99
3235414,"SPROCKET-DRIVE,30 ",204.99
3236117,"DRIVE SPROCKET, 17 ",79.99
3280569,"ASM-SPEEDOMETER,",399.99
3280593,SUBSTITUTED BY 3280825,249.99
3280669,"ASM-FLEX,IND","1,179.99"
3280783,SPEEDOMETER,529.99
3280837,SUBSTITUTED BY 3280931,949.99
3280839,DISPLAY W/ MAPS,"3,184.99"
3280840,"GAUGE-FUEL, IND,BK,BK, ",529.99
3280903,"DISP-PGM,IND,FTR,4.3","1,114.99"
3280931,"DISP-PGM,IND,FTR,4.3",949.99
3286826,SUBSTITUTED BY 3287053,"1,999.99"
3286836,"ASM-SPEEDO,IND,HWLC,",389.99
3286933,"DISP-PGM,IND,RND,500K,","1,029.99"
3286966,"DISP-PGM,IND,500K,NAV, ","2,399.99"
3286972,"DISP-PGM,IND,RND 500K,",829.99
3286973,"ASM-TACH,IND,HWLC,BLK",389.99
3286988,"DISP-PGM,P7"",IND,500K,","2,399.99"
3287004,"DISP-PGM,IND,RND,PRG,",789.99
3287005,"DISP-PGM,IND,500K,NAV,","2,399.99"
3287053,"DISP-PGM,IND,500K,NAV,","2,399.99"
3287070,"DISP-PGM,IND,RND,500K,",789.99
3330304,"ASY,SCREEN ",10.99
3330305,"ASY,SCREEN ",14.99
3512106,"BEARING,NDL,M7X11X9,",24.99
3512106-CO,"BEARING-NDL,M7X11X9,",24.99
3514405,"BEARING-BALL,",24.99
3514416,"BEARING-NDL,30X55X17,",44.99
3514544,NEEDLE ROLLER,29.99
3514549,"BEARING,BALL,47X25X12,",29.99
3514565,"BRG-FLANGE,8X10X7MM",6.49
3514751,"BALL BEARING, 25 X 47 X ",29.99
3514836,THRUST BEARING,3.99
3514853,"BRG-FLANGE,10X12X4.0",7.99
3515150,"FLANGE BEARING, 8 MM X ",3.99
3515151,"FLANGE BEARING, 12 MM ",4.99
3552105,"BEARING,NDL,M12X16X10,",24.99
3610094,SEAL-30X52X7,39.99
3610096,SEAL,14.99
3610154,"SEAL-SHAFT,12X22X7",9.99
3610157,FORK OIL SEAL,39.99
3610157H,"SEAL,OIL",39.99
3610158,SEAL-DUST,44.99
3610158H,SEAL-DUST,44.99
3610210,"SEAL,44X65X10 DOUBLE V",44.99
3610213,"SEAL,40X  X8 DB LIP FKM",24.49
3610249,"SEAL-VALVE COVER,FRT",54.99
3610250,"SEAL-VALVE COVER,",54.99
4010425,SUBSTITUTED BY 2876049,175.99
4011284,SINGLE POLE DOUBLE,44.99
4011303,CANISTER PURGE VALVE,74.99
4011371,"BREAKER-CIRCUIT,10 ",19.99
4011372,"BREAKER-CIRCUIT,20 ",54.99
4011379,"BULB-HS-1,12V,35/35W",29.99
4011496,"BATTERY-YTX20HL,18AH,",159.99
4011524,"HEADLIGHT BULB, 55/60 ",44.99
4011603,SUBSTITUTED BY 4011379,14.49
4011884,SENSOR-VEHICLE SPEED,239.99
4012017,"SOLENOID-STARTER,",99.99
4012017H,SUBSTITUTED BY 4081642,99.99
4012274,"MOUNT-ANTENNA,90-DEG ",54.99
4012393,12V OUTLET,44.99
4013251,SENSOR-WHEEL SPEED,249.99
4013251H,SUBSTITUTED BY 4081069,249.99
4013891,"FUSE-CARTRIDGE,40A",34.99
4013892,"FUSE-CARTRIDGE,50A",34.99
4014102,SUBSTITUTED BY 4016373,54.99
4014104,SWITCH-FOG LIGHTS,39.99
4014111,REMOTE CONTROL-FOB(1,169.99
4014111H,SUBSTITUTED BY,169.99
4014121,"REMOTE CONTROL-FOB,",169.99
4014121H,SUBSTITUTED BY,169.99
4014216,"SENSOR-WHEEL SPEED,",264.99
4014216H,SUBSTITUTED BY 4081070,264.99
4014240,SPARK PLUG FRONT,134.99
4014241,"LEAD,SPARK PLUG-REAR ",134.99
4014289,"SWITCH-SIDESTAND,",79.99
4014434-385,"ASM-IGN/FUEL,IND,SLV",194.99
4014449,"CUBE-SWITCH,IND,LH",344.99
4014471,"SOLENOID-STARTER,",49.99
4014471H,SUBSTITUTED BY,49.99
4014655,SEALED STARTER,54.99
4014667,BRAKE PRESSURE,84.99
4014691,"BULB-REPLACEMENT,H8",44.99
4014692,"SWITCH-CLUTCH,IND",79.99
4014694,SWITCH-AUDIO CONTROL,89.99
4014718,"SWITCH-GEAR,N-6,",84.99
4014767,SUBSTITUTED BY 4017209,399.99
4014769,SWITCH-TRUNK LIGHT,13.49
4014770,"BATTERY-12V,210CCA,",139.99
4014788,SUBSTITUTED BY 4016373,64.99
4014811,"GPS-ANTENNA,RECEIVER,",459.99
4014860,"BULB-HB2,OSRAM 9003L",49.99
4014901,TRUNK PUSHBUTTON,129.99
4015014,SUBSTITUTED BY 4015333,429.99
4015068,CRANK POSITION,139.99
4015220,SUBSTITUTED BY 4016189,729.99
4015260,SUBSTITUTED BY 4017209,429.99
4015261,BULB-POSITION,29.99
4015333,STATOR-ALTERNATOR,509.99
4015350,"PORT-USB,DUAL",28.08
4015586,SCOUT STATOR,394.99
4015684,SUBSTITUTED BY 4019062,399.99
4016021,SENSOR-OXYGEN,209.99
4016186,SUBSTITUTED BY 4016819,17.49
4016189,MODULE-VEHICLE,629.99
4016252,"FOG SWITCH, LONG",64.99
4016373,SWITCH-SYSTEM POWER,84.99
4016374,SWITCH-FOG LIGHTS,43.99
4016708,"DRIVE-USB,INDIAN,8GB",19.99
4016819,"RELAY-SPST,12V,20A,",44.99
4016868,VOLTAGE REGULATOR,164.99
4016936-385,"ASM-IGN/FUEL/FRK LK,I,",219.99
4016998,"POWER SWITCH, BLACK, ",84.99
4016999,"FOG SWITCH, 38 MM, ",74.99
4017110,SWITCH-SADDLEBAG,119.99
4017209,"ASM-MOTOR,STARTER,",429.99
4017226,"LEAD,SPARK PLUG-",84.99
4017227,"LEAD,SPARK PLUG-REAR ",109.99
4017528,SUBSTITUTED BY 4019453,64.99
4017581,"BATTERY-12V240CCA,",134.99
4017585,"ECM-NO START,ME17 ",959.99
4017675,TIP-ANTENNA,4.99
4017740,"AMP SPEAKER, 5.25 IN, ",229.99
4017741,"SPEAKER-6.5 ,100W,AMP",389.99
4017761,"KEYFOB-GEN2,NOKEY,2B,",374.99
4017768,"KEYFOB-GEN2,NOKEY,0B,",299.99
4017786,STATOR,529.99
4017819,"BATTERY-12V,245CCA,",149.99
4017838,"LOCK-ELECTRONIC,",309.99
4017989,SWITCH-OIL PRESSURE,54.99
4018099,"WHEEL SPEED SENSOR, ",239.99
4018203,"ECM-HARD,MG1,112P ",869.99
4018205,"GAUGE SENSOR, AIR ",74.99
4018362,"SENSOR,WSS,20X23.5,",154.99
4018445,"SWITCHCRL,3ROW,RH",549.99
4018447,"SWITCH CONTROL, 3 ",549.99
4018449,LEAD-IGNITION COIL,49.99
4018465,"3 ROW SWITCH CONTROL, ",549.99
4018516,"ASM-MOTOR,",449.99
4019046,"ANTNA-GPS,GNSS,BED,",174.99
4019062,"ASM-LOCK,TRUNK",559.99
4019238,"SWITCH-GEAR,N-6, ",39.99
4019242,"BATTERY-YTX20HL,18AH,",159.99
4019308,"HORN-DISK,76MM DIA",94.99
4019442,"ASM-MOTOR-STARTER,",379.99
4019454,GEAR POSITION SENSOR,114.99
4019515,LEAD-IGNITION COIL,29.99
4019661,"REGULATOR-VOLT,IXYS ",394.99
4019683,"ANTNA-GPS,GNSS,BED,",234.99
4080020,"VCM-GEN2,",274.99
4080060,"LEAD,SPARK PLUG-",109.99
4080599,"ANTENNA-MAST,AM/FM ",154.99
4080606,STATOR,504.99
4080683,SENSOR-OXYGEN,109.99
4080915,"GCM-HARD,4CH,0L,G1,V1",399.99
4081069,"SENSOR-WHEEL SPEED,",239.99
4081070,"SENSOR-WHEEL SPEED,",239.99
4081090,"ASM-MOTOR,",249.99
4081182,FLYWHEEL,449.99
4081311,BATTERY-KEY FOB,10.99
4081320,REMOTE CONTROL-FOB,209.99
4081321,"REMOTE CONTROL-FOB,",209.99
4081463,STATOR,514.99
4081613,"MODULE-USB PORT,CHRG ",124.99
4081641,"SOLENOID-STARTER,XR,",49.99
4081787,"SPEAKER-5.25"",100W,AMP,",369.99
4081788,"SPEAKER-6.5"",100W,AMP,",389.99
4081841,"BATTERY-YTX20HL,18AH,",159.99
4081841H,SUBSTITUTED BY 4083074,159.99
4081963,"BATTERY-YTX20HL,18AH,",159.99
4081983,COIL-IGNITION,104.99
4082075,"BATT-12V240CCA,12AH,",139.99
4082236,"VCM-GEN2.1,",304.99
4082489,"ECM-HARD,MG1,112P,",344.99
4082719,"GCM-HARD,4CH,SHORT,",344.99
4082949,"BATTERY-YUASA,",209.99
4082949H,SUBSTITUTED BY,209.99
4083074,"BATTERY-YUASA,",209.99
4083333,"SPKR-5.25"",100W,AMP,2.0,",349.99
4083335,"SPKR-6.5"",100W,AMP,2.0,",369.99
4083375,"ANTENNA-MAST,AM/FM,",144.99
4110239,BLANK IGNITION KEY,17.99
5132040,"STUD,EXH MNT M8X1.",6.99
5134083,TURN SIGNAL MOUNT,3.99
5134094,"NUT-STEERING HEAD,PM",39.99
5136821,BUSHING,19.99
5136821H,PISTON,19.99
5136822,SLIDE-METAL,44.99
5136822H,SLIDE-METAL,44.99
5137946,DRIVE SPROCKET,59.99
5138351-626,"SUPT-FLRBRD,DRIVER,LH,",279.99
5138357,"LEVER-SHIFTER,",64.99
5138405-463,"LEVER-SHIFTER,FBLK",209.99
5138467,SUPPORT-WINDSHIELD,104.99
5138483,ROCKER PIVOT,59.99
5138509,AXLE-FRONT,89.99
5138687,VALVE COVER INSERT,59.99
5138767,"AXLE, FRONT",39.99
5138777,"SPACER-LATCH,SDLBAG,",10.99
5138833,"SHIFTER LEVER, ",84.99
5138840,"GRIP-LH,IND",99.99
5138881,COMPRESSION CYLINDER,154.99
5138885-658,"PEDAL-BRAKE,N,C GLS ",79.99
5138965,PEG-PEDAL,39.99
5139110-458,"HEADLIGHT MOUNT, ",49.99
5139112,"SLEEVE-MOUNT,",14.99
5139225,"SPACER-LATCH,",14.99
5139472,"BADGE-ROADMASTER,LH",97.99
5139473,"BADGE-ROADMASTER,RH",97.99
5139627,"GRIP-HEATED,LH",174.99
5139652-626,"FRAME, FRONT, JET ","1,559.99"
5139675-266,"FLOORBOARD PASS-LH,",109.99
5139676-266,"FLOORBOARD PASS-RH,",109.99
5139695,"MOUNT-SEAT,IND",34.99
5139710,"SPOOL-TOURING,7075",64.99
5139983-156,"SIDESTAND-IND,CHR",329.99
5139983-463,SIDESTAND-IND.FBLK,164.99
5140399,"GRIP, RIGHT",109.99
5140401,"HEATED GRIP, RIGHT",199.99
5140611,DART-SEAT RETENTION,34.99
5140782,PIN-THREADED PIVOT,34.99
5140871,"BSHG-FLG,18X10X6",10.99
5141001-626,"SUPT-FLRBRD,DRIVER,",369.99
5141282,"FOOTPEG,DRIVER,LH",84.99
5141284,PEG-FEELER,7.99
5141916-626,"MOUNT-FOOTPEG,LH,",204.99
5141992-266,"COVER-VALVE,FRT,GLBLK",339.99
5141993-266,"COVER-VALVE,REAR,",339.99
5141994-266,"COVER-ACG,MACH,GLBLK",179.99
5141997-266,"COVER-PRIMARY,COLD ",289.99
5142112-463,"SPRT-FLRBRD,DRVR,LH,",279.99
5142481-626,"LINK-WINDSHIELD,BLK",59.99
5142522,"SLEEVE-TOPHAT,",6.99
5142629,"ROD-PIVOT,WS",59.99
5142936-658,"CLMP-TRPL, UPR, MACH,",184.99
5143006-266,"PEDAL-SHIFT,BLK",189.99
5143227-463,"SPRT-FLRBRD,DRVR,RH,",279.99
5143285-626,SUBSTITUTED BY,279.99
5143391,"SPROCKET,45T",84.99
5143494-266,HOUSING-REAR,114.99
5143587-329,"CAST-FRAME,MID,LH,E-",839.99
5143842-626,"FRAME-FRONT,",404.99
5144053,"ADAPTER-OIL FILTER,",97.99
5144206,"HUB-INNER,CLUTCH",144.99
5144207,"HUB-MOVEABLE,CLUTCH",219.99
5144230-626,"SUPPORT-WINDSHIELD,",114.99
5144515-266,"MOUNT-GAUGE,BLK",94.99
5144841-626,SUBSTITUTED BY,269.99
5246008,GASKET-EXHAUST,39.99
5255106,"SHIM-SENSOR,ABS,0.5MM",6.99
5256327,GASKET-CYL HEAD,54.99
5257156,GASKET-EXHAUST,16.99
5257410-156,SUBSTITUTED BY,229.99
5257410-266,"PRIMARY CAP COVER, ",289.99
5257830-156,"AIRBOX COVER,CHR",399.99
5258057,ANTENNA BRACKET,13.99
5258421-922,"TIP-MUFFLER,G BLK",74.99
5260170-626,"NACELLE COVER, REAR, ",289.99
5261515,"GASKET-EXHAUST,",29.99
5262804-01,"CONSOLE-INNER,",114.99
5262804-03,"CONSOLE-INNER,BLK CHR",119.99
5263068,"BRKT-HARNESS, FRNT ",44.99
5263208-408,"BRKT-FRONT HEAD,BLK ",13.99
5263833-21,"BADGE-AIRBOX CVR,116.",74.99
5263835-04,"BADGE-OUTR PRIMY CVR,",74.99
5263835-16,"BADGE-OUTR PRIMY CVR,",79.99
5264599,CLIP-WIRE RETENTION,5.99
5265021,SUBSTITUTED BY 5268451,64.99
5266759-266,"CONSOLE-OUTER,STAMP,",594.99
5266759-463,"CONSOLE-OUTER,STAMP,",634.99
5266961-626,"NACELLE COVER, FRONT, ",289.99
5267149,KEY-MANUAL LOCK Key,12.99
5267312,"GASKET, EXHAUST ",36.49
5268113,"BLANK KEY, FTR",29.99
5268451,BATTERY COVER,89.99
5268466-156,"COVER, AIRBOX,CHR",124.99
5268466-626,"COVER,AIRBOX,TXBLK",124.99
5268515-266,"COVER-SIDE,LH,GL BLK",129.99
5269243-01,"COVER-HINGE,SBAG,LH.",159.99
5269243-02,"COVER-HINGE,SBAG,LH,",159.99
5269244-01,"COVER-HINGE,SBAG,RH,",159.99
5269267-266,"SHIELD-EXH,TRANS,",139.99
5271166-01,"BADGE-CHRG PORT,IND,",7.99
5271416,"GASKET-EXHAUST,",29.99
5272924,KEY-MANUAL LOCK Key,16.99
5273237-156,SUBSTITUTED BY,229.99
5273237-922,"SHIELD-EXHAUST,TRANS,",234.99
5273424-266,"TIP-MUFFLER,BLK",69.99
5273450,BUSBAR,15.99
5273906-266,"BADGE-TANK,BLOCK,BLK",84.99
5275718-266,"BADGE-TANK,999,BLOCK,",79.99
5341085-266,"HANDLEBAR-MINIAPE,BLK",124.99
5411331,"O-RING, 17.12 X 2.62",1.99
5411356,O-RING,2.99
5411364,"PAD,SHIFT PEDAL",34.99
5412027,"O-RING, 10.90 X 1.78",2.49
5412070,"ISOLATOR-CVR,SPRKT,",5.49
5412071,O-RING,34.99
5412094,FUEL PUMP GROMMET,15.99
5412480,SUBSTITUTED BY 5414144,1.79
5412493,PAD-SHIFTER,44.99
5412530,O-RING-26.65X2.,1.99
5412891,"O-RING, BOSCH, E10076",1.79
5413033,"BUMPER-GROMMET,7MM ",4.99
5413055,GROMMET-ROUND,1.49
5413212,"SEAL-STAT-O-3/8,70EP(10)",5.99
5413212-CO,"SEAL-STAT-0-3/8,70EP",5.99
5413397,SUBSTITUTED BY 5417526,354.99
5413491,"FLANGE BUSHING, 12 X ",2.99
5413605,PLUG-HOLE,5.99
5414144,"TANK ISOLATOR, ",3.99
5414383,"O-RING, 1.237 X .103",4.49
5414514,"FUEL SEAL, MOLDED",54.99
5414562,STATOR COVER GASKET,89.99
5414563,GASKET-PRIMARY COVER,89.99
5414630,"TIRE-FRONT,130/90/16,",299.99
5414631,"TIRE-REAR,180/65-16,",299.99
5414662,AIRBOX CONNECTOR,69.99
5414663,GROMMET,5.99
5414683,"O-RING,34.5I.D.X3.53W",4.99
5414721,GASKET-HEAD DRESS,9.49
5414746,GASKET-CLUTCH COVER,44.99
5414749,RETAINER PLATE FILTER,19.99
5414770,"WSHR-RBR,3MMX35ODX8.",1.99
5414783,AIRBOX COVER SEAL,6.99
5414785,LOCK LEVER GRIP,13.99
5414790,"BUSHING-ANCHOR,",2.49
5414808,CAM CARRIER SEAL,4.49
5414809,SPARK PLUG TUBE SEAL,8.99
5414821,"TURN SIGNAL MOUNT, ",49.99
5414822,"SIGNAL MOUNT, FRONT, ",44.99
5414859,SEAL-ROCKER COVER,49.99
5414884,GROMMET-HARNESS,7.99
5414974,SEAL-SDLBAG,33.99
5415023,"GASKET-HBMC COVER,",34.99
5415025,"GASKET-RMC COVER,IND",24.49
5415039,END CAP BOOT,49.99
5415040,"PAD-FLRBRD,DRIVER",159.99
5415190,VALVE COVER ISOLATOR,24.99
5415214,"PAD-FLRBRD,PASS",49.99
5415232,"VALVE COVER SEAL, ",64.99
5415233,"VALVE COVER SEAL, ",89.99
5415246,BOOT-BATTERY,4.99
5415263,"SEAL-SADDLEBAG,MECH",48.79
5415264,SCT LH GRIP,34.99
5415270,AIRBOX BASE,129.99
5415288,HEADLIGHT ISOLATOR,5.99
5415311,"SEAL-TRUNK,SHORT",23.49
5415358H,SUBSTITUTED BY 5418868,229.99
5415476,GASKET-ACG,54.99
5415644,"ISOLATOR-PASSBKRST,",9.99
5415725,SHIFTER SLEEVE,5.99
5415825,FILTER-AIR-INTAKE,104.99
5415871H,SUBSTITUTED BY 5417407,69.99
5415899,VALVE ISOLATOR COVER,14.99
5415929,"SCT GRIP-HANDLEBAR,",39.99
5416074,O-RING,4.99
5416129,SUBSTITUTED BY,49.99
5416228,LH GRIP-NON-THROTTLE,89.99
5416281,GRIP-THROTTLE,119.99
5416282,"GRIP-NON-THROTTLE,",135.49
5416299,"TIRE, FRONT, 130/90-16",199.99
5416560,"TIRE, FRONT, 120/70R19",249.99
5416596,GASKET-PRIMARY,12.99
5416597,O-RING COVER COLD,5.99
5416598,BASE-AIRBOX,119.99
5416725,"SIGNAL MOUNT, FRONT, ",59.99
5416820,"BUSHING,FLANGE,",2.99
5416824,GROMMET-ANTENNA,4.99
5416842,"TRIM-CONSOLE,EDGE",49.99
5416857,SUBSTITUTED BY 5145707,12.99
5416870,"SEAL-FUEL,MOLDED",54.99
5416879,"GROMMET-BEZEL,",39.99
5416881,"SEAL-SADDLEBAG,MECH",69.99
5416885,"CLAMP-RUBBER,84MM",4.99
5416926,"TIRE-REAR,MT60RS,",249.99
5416941,"GASKET-HEADDRESS,",8.99
5416972,SADDLEBAG SEAL,39.99
5417129,"ISOLATOR-TANK,RR,CSR",5.99
5417163,PLUG-FOG BUTTON,9.99
5417164,"TIRE-FT,PRLI STR ",199.99
5417165,"TIRE-RR,PRLI STR ",179.99
5417175,SEAL-AIRBOX,7.99
5417234,"GASKET-HEADDRESS,",29.99
5417237,"TIRE-REAR,180/65B16,PND",299.99
5417308,GASKET-HEADDRESS,6.99
5417359,BOOT-RUBBER END CAP,5.99
5417407,"LINE-FUEL,SVC",89.99
5417417,"ISOLATOR-EXHAUST,SIL",7.99
5417503,"O-RING,DRAINPLUG,6.07",6.99
5417526,"TIRE-RR,180/60R16 ",299.99
5417557,"STORAGE-LINER,LH",44.99
5417558,"STORAGE-LINER,RH",44.99
5417861,"RING-HEADLIGHT,COWL",39.99
5417862,"MOUNT-COWL,LOWER",49.99
5417892,TIRE-FT 130/90B16 73H,229.99
5417959,"TRIM-CONSOLE,EDGE",39.99
5417983,"BUMPER-RUBBER,28H X ",6.99
5418065,"PAD-FLRBRD,DRVR",149.99
5418116,"SEAL-FUEL,MOLDED",54.99
5418512,"GRIP,LH",39.99
5418513,"GRIP,RH",44.99
5418558,JUNCTION-COOLANT,14.99
5418862,"TIRE-FT,130/60B19 66H ",199.99
5418868,"TIRE-FT,130/90B16 73H R, ",229.99
5419255,GRIP-LH,44.99
5419256,GRIP-RH,44.99
5433833,GROMMET-SIDE COVER,5.29
5437099,GROMMET-OIL LINE,3.99
5437772,"GROMMET, 4 MM",3.99
5437772H,GROMMET-4MM,3.99
5439859,CAN TO PURGE FUEL LINE,99.99
5439860,"FUEL LINE, PURGE TO TB",184.99
5450006,BREATHER HOSE,44.99
5450176-156,"CVR-SPEEDO,BEZEL,IND,",50.99
5450213-2262,"LID-SDLBAG,LH,BLKTTMT",774.99
5450213-266,"SADDLEBAG LID, LEFT, ",774.99
5450220-156,CHROME SADDLEBAG,79.99
5450222-156,"TRIM-SDLBAG,RR,CHR",79.99
5450243-463,"COVER-SIDE,UPR,RH,",544.99
5450243-629,SIDE COVER UPPER,474.99
5450308,INSERT-AIRBOX,24.99
5450470-156,"TRIM-TIP,FRT FNDR,CHR",184.99
5450471-156,"TRIM-TIP,REAR FNDR,CHR",184.99
5450554,"DOOR-COMPARTMENT,LH,",13.39
5450607,BRACKET,54.99
5450761,SUBSTITUTED BY 5456170,39.99
5450762,SUBSTITUTED BY 5456171,54.99
5450763,SUBSTITUTED BY 5456172,29.99
5450764,SUBSTITUTED BY 5456173,34.99
5450765,"RR,RH RR FENDER TRIM",34.99
5450922-156,"LOCK BEZEL, TRUNK, ",114.99
5450922-266,"BEZEL-LOCK,TRUNK,GBLK",329.99
5450948-156,"CAP, END,CHROME",59.99
5451128,SUBSTITUTED BY 2205522,599.99
5451398,SUBSTITUTED BY 5453395,24.99
5451750,"BSHG-SPOOL,TRUNK",9.49
5451808-266,"TRUNK LID, CRUISER ","1,429.99"
5451834,BATTERY BOX,34.99
5451975,"BELT GUARD, UPPER",49.99
5452357-266,"FAIRING, OUTER, LOWER, ",719.99
5452357-629,FAIRING OUTER LWR,719.99
5452574,"LID-STORAGE,DOOR",19.99
5452757,"COVER-SPEEDO,CPI",49.99
5452757H,"COVER-SPEEDO,CPI",49.99
5452784-463,LH FBLK DVR LGHT CVR,123.99
5452785-463,RH FBLK DRV LGHT CVR,123.99
5453395,"BRACKET, UPPER",44.99
5453428,"BADGE-ROADMASTER,",114.99
5454018,PAD CAM,16.99
5454240-675,"CVR-DRVNG LIGHT,LH,",174.99
5454240-729,"CVR-DRVNG LIGHT,LH ",194.99
5454240-794,"CVR-DRVNG LIGHT,LH,",194.99
5454313,"CLIP-ROUTING,8",3.99
5454592-01,"BADGE-INDIAN,FAIRING,",54.99
5454592-02,"BADGE-INDIAN,FAIRING,",74.99
5454612-731,"BEZEL-LOCK,SADDLEBAG,",154.99
5454613-463,SUBSTITUTED BY,189.99
5454613-632,"CLOSEOUT-FENDER,UPR,",179.99
5454613-731,SUBSTITUTED BY,189.99
5454614-463,SUBSTITUTED BY,189.99
5454614-632,"CLOSEOUT-FENDER,UPR,",179.99
5454614-731,"CLOSEOUT-FENDER,UPR,",194.99
5454616-731,SUBSTITUTED BY,169.99
5454625-731,SUBSTITUTED BY,109.99
5454985-156,"TRIM-TIP,REAR FNDR,CHR",179.99
5454986-156,"TRIM-TIP,FRNT FNDR,CHR",184.99
5455004-2267,"COVER-SIDE,LWR,LH,",509.99
5455021-731,"BEZEL-LOCK,SADDLEBAG,",154.99
5455021-866,"BEZEL-LOCK,SADDLEBAG,",129.99
5455069,"BUSHING-SPOOL,TRUNK",5.99
5455122-653,SUBSTITUTED BY,599.99
5455260,"GUARD-FORK,BLK",11.99
5455342,"WINDSHIELD,LEXAN",509.99
5455468-800,"CENTER-BEZEL,",214.99
5455549,SUPPORT-DASH,59.99
5455552,"DEFLECTOR-AIR,LOW,FIX,",34.99
5455553,"DEFLECTOR-AIR,LOW,FIX,",34.99
5455563,"TRAY-HARNESS,FENDER",34.99
5455576,"SUPPORT-DOOR,LH",44.99
5455577,"SUPPORT-DOOR,RH",44.99
5455611,BRACKET-LICENSE PLATE,54.99
5455634,"CLOSEOUT-DASH,LH",44.99
5455635,"CLOSEOUT-DASH,RH",44.99
5455636,"DUCT-INNER,LH",39.99
5455637,"DUCT-INNER,RH",39.99
5455638,"DUCT-OTR,LH",69.99
5455658,"DOOR-DAMPER,LH",39.99
5455936,TRAY-FAIRING,59.99
5456170,TRIM-FRT FENDER,74.99
5456173,"TRIM-RR FENDER,LH,RR",59.99
5456313,"CLIP-TRIM,PLASTIC,WHITE",1.99
5456381-2267,"BIN-SADDLEBAG,LH,","1,949.99"
5456381-866,"BIN-SADDLEBAG,LH,",969.99
5456382-866,"BIN-SADDLEBAG,RH,",969.99
5456385-2262,"ASM-BIN,SDLBAG,LH,","1,319.99"
5456425-2370,"ASM-LID,SBAGAUDIO,RH,",804.99
5456425-872,"ASM-LID,AUDIO,RH,SBLSM",804.99
5456483,"BASE, AIRBOX",119.99
5456676,"LID-STORAGE,DOOR",44.99
5456733-632,SUBSTITUTED BY,629.99
5456739-2229,"FAIRING-OUTER,","2,604.99"
5456739-2250,"FAIRING-OUTER,","2,524.99"
5456739-866,"FAIRING-OUTER,","1,169.99"
5456851,"HINGE-MOUNT,BLOCK,LH",13.99
5456852,"HINGE-MOUNT,BLOCK,RH",13.99
5456853,"TRIM-SIGNAL,LH",94.99
5456854,"TRIM-SIGNAL,RH",94.99
5456855,"CENTER-BEZEL,",79.99
5456886-632,"DASH-LH,SMKTITNMET",274.99
5456886-800,"DASH-LH,ONYXBLK",274.99
5456887-800,"DASH-RH,ONYXBLK",274.99
5456888,"DASH-LH,TXT",74.99
5456889,"DASH-RH,TXT",69.99
5457560-872,"COVER-SIDE,UPR,LH,",349.99
5457561-872,"COVER-SIDE,UPR,RH,",349.99
5457562-800,"BEZEL-DISPLAY,ONYXBLK",789.99
5457566-800,"STORAGE-DOOR,LH,",194.99
5457567-800,"STORAGE-DOOR,RH,",194.99
5457573-463,"CLOSEOUT-FENDER,LWR,",264.99
5457573-666,"CLOSEOUT-FENDER,LWR,",264.99
5457573-675,"CLOSEOUT-FENDER,LWR,",264.99
5457573-804,"CLOSEOUT-FENDER,LWR,",264.99
5457574-463,"CLOSEOUT-FENDER,LWR,",264.99
5457574-666,"CLOSEOUT-FENDER,LWR,",264.99
5457574-675,"CLOSEOUT-FENDER,LWR,",264.99
5457574-731,"CLOSEOUT-FENDER,LWR,",264.99
5457578-731,"VENT-DOOR,RH,BRZSMK",159.99
5457625-463,"CLOSEOUT-FENDER,UPR,",264.99
5457625-632,"CLOSEOUT-FENDER,UPR,",264.99
5457625-666,"CLOSEOUT-FENDER,UPR,",264.99
5457625-675,"CLOSEOUT-FENDER,UPR,",264.99
5457625-731,"CLOSEOUT-FENDER,UPR,",264.99
5457626-463,"CLOSEOUT-FENDER,UPR,",264.99
5457626-632,"CLOSEOUT-FENDER,UPR,",264.99
5457626-666,"CLOSEOUT-FENDER,UPR,",264.99
5457626-675,"CLOSEOUT-FENDER,UPR,",264.99
5457626-731,"CLOSEOUT-FENDER,UPR,",264.99
5457808,"MOUNT-CONSOLE,",59.99
5457857,"COVER-SIDE,UPR,LH,",114.99
5457922,"COVER-SIDE,UPR,RH,",114.99
5458248-804,"FAIRING-LWR,LH,",804.99
5458252,"FAIRING-LOWER,FOG,",15.99
5458253,"FAIRING-LOWER,FOG,",15.99
5458315-266,"BADGE-PURSUIT-FLAT,",34.99
5458346,"DIPSTICK-OIL FILL,M30",39.99
5458387-800,COWL BODY-BOBBER,409.99
5458388-02,COWL WIND DEFL-,244.99
5458867,"COVER-SIDE,LWR,LH,",99.99
5464975,"WINDSHIELD-LOW,CLEAR",169.99
5465355-800,"TRIM-DASH,LH,",119.99
5465356-800,"TRIM-DASH,RH,",119.99
5465576-800,"LID-STORAGE,DOOR,",59.99
5466728,BRKT-BATTERY,19.99
5522014,COVER-WIRE,16.49
5522014-CO,COVER-WIRE,39.99
5522310,"TRIM-EDGE,DASH",9.99
5632541,"RING-TONE,ABS",79.99
5632575,"MOUNT-SPEED SENSOR,",44.99
5632801,CAST AIR BOX,39.99
5632961-472,"CVR-STRUT,WSHR,CL AN ",8.99
5633405,"MEDALLION-HEADDRESS,",44.99
5633598,"FLANGED BUSHING, 8.2 X ",3.99
5633606,"RING-TONE,ABS",22.49
5633638,"GASKET,AIRBOX",29.99
5633816-626,LICENSE PLATE BRACKET,84.99
5633817,"BRKT-LP,SIDE",39.99
5633981-02,SADDLEBAG HINGE,159.99
5633981-03,"COVER-HINGE,SBAG,LH,",124.99
5633982-03,"COVER-HINGE,SBAG,RH,",124.99
5634142-626,"BRKT-FAIRING,LWR,LH,",99.99
5634143-626,"BRKT-FAIRING,LWR,RH,",99.99
5634443,SUBSTITUTED BY 5639343,199.99
5634662-266,"COVER-V,LH,GBLK",154.99
5634663-266,"COVER-V,RH,GBLK",154.99
5639343,"BRKT-FAIRING,V2",244.99
5810290,BATTERY PAD,8.99
5813074,"AIR FILTER, FLAT",24.99
5813188,"WSHR-FL,11X18X1.59MM",1.49
5813714,"STRAP-RIM,16""",24.99
5813767,"STRAP-RIM,LACED ",49.99
5813878,"GASKET-CYL HEAD,FRT",69.99
5813886,THROTTLE BODY GASKET,6.99
5813897,GASKET-PRIMARY COVER,79.99
5813960,"GASKET-CYL HEAD,REAR",69.99
5813976,"AIR FILTER,FULL SZ",34.99
5814001,"FILM-PROTECTION,RR ",12.49
5814541,"CYLINDER HEAD GASKET, ",64.99
5814797-265,"SEAL-FOAM,1/8""",1.49
5814797-590,"SEAL-FOAM,1/8""",1.99
5814842,"TAPE-DOOR,STORAGE",11.99
5814888,GASKET-CYLINDER HEAD,69.99
5814902,"FILTER, AIR",34.99
5814987,WASHER-RUBBER,3.99
5815068,FILTER-AIR,34.99
6237721,"GEAR-BALANCER, DRIVE",269.99
7041583,SHIFTER SPRING,34.99
7041623,"SPRING,F BOARD ",39.99
7043056,SPRING-SIDESTAND,49.99
7043056H,SUBSTITUTED BY 7045661,49.99
7045048,"SPRING-COMPR,LP,SIDE ",11.99
7045661,SPRING-SIDESTAND,74.99
7045983,SHOCK,39.99
7052306H,"PLUG-SOCKET,M12X1.5 ",18.99
7052600,DOUBLE ACTING,54.99
7080138,CABLE TIE (10),2.99
7080807,CLAMP-HOSE,11.99
7080813,"CLAMP-WORM DRIVE,.",5.99
7080983,CLAMP-REAR BRAKE,1.99
7081179,"EXHAUST CLAMP, ",54.99
7081305,CLIP-U SPEED NUT,2.49
7081334,STRAP-TREE MOUNT,1.99
7081334-CO,"CABLE-TIE,DIA10-50MM,",1.99
7081395,"AIR FILTER, PLASTIC",24.99
7081457,CLAMP-OIL LINE,6.99
7081496,CLIP-ROUTING(10),5.99
7081600,MANUAL CLUTCH CABLE,174.99
7081602,MANUAL CLUTCH CABLE,184.99
7081856,SUBSTITUTED BY 7082130,159.99
7081909,"CLIP-M5,STUD MOUNT ",4.99
7082079,CABLE-CLUTCH,179.99
7082099,SUBSTITUTED BY 7082203,159.99
7082130,"CABLE-CLUTCH,1628MM",214.99
7082203,"CABLE-CLUTCH,8MM,",194.99
7082219,DAMPER-STORAGE,5.99
7082251,FILTER-AIR,34.99
7082318,"CABLE-CLUTCH,M8,17MM ",194.99
7082461,"FILTER-AIRBOX,ACCY",34.99
7082510,STRAP-CABLE TIE W/SIDE,5.99
7082576,"CABLE-CLUTCH,1414MM",134.99
7082614,CABLE-CLUTCH,134.99
7082702,"FILTER-AIR,N/V MEP",34.99
7083070,"CABLE-CLUTCH,17MM ",69.99
7083071,"CABLE-CLUTCH,17MM ",69.99
7083072,"CABLE-CLUTCH,17MM ",69.99
7170107,DECAL-SVC BULL.,0.39
7179360,"CVR-OUTERCAMCAP,CHR",45.49
7179677,CVR-OUTER PRIMARY,46.49
7179683,"CVR-HORN COVER CAP,",37.99
7179931,"DECAL-FAIR,STORAGE",39.99
7180111,"DECAL-INDIAN LOGO,FOB",11.99
7187067-02,"BADGE-TANK,RH,DH",84.99
7189290-02,"BADGE-CONSOLE,RR,",84.99
7192350-02,CVR-OUTER PRIMARY,199.99
7516738,"SCREW,SOCHD,M8X20",8.99
7517254,HEX HEAD FLANGE,29.99
7517272,"SCREW,SOCHD,M6X15",8.99
7517305,"SCREW,SOCHD,M6X20",5.99
7517337,SCREW (10),6.99
7517359,SCREW,5.99
7517361,SCREW,29.99
7517406,SCREW,5.99
7517410,"SCREW,SOCHD,M8X20",10.99
7517410-CO,SCR-SH-M8X1.25X20 8.8,10.99
7517429,"SCREW,HEXHD,M6X20",5.99
7517506,"SCREW,SOCHD,M6X20",4.99
7517523,"SCR-SOCHD,M8X16",5.99
7517704,SCREW,8.99
7517753,"SCR,SOCHD,M8X12",14.99
7517781,"SCR,SOCHD,M6X12",3.99
7517881,HEX HEAD FLANGE,2.49
7517990,"SCR-SOCHD,M10X25 ",3.99
7518086,"SCR-SOCHD,M5X25",4.49
7518125,"SCR-HEXHD,M12X1.75",13.99
7518141,"SCR-HXFLGHD,M6X20,ZPC",5.99
7518178,"SCR-SOCHD,M8X40",8.99
7518334,SCR-M10X1.50X35 HX/FL-,5.99
7518347,"SCR-HXSOC,M8X35,ZPC",6.99
7518576,"HEX FLANGE SCREW, 6 ",3.99
7518579,"SCR-HXFLGHD,M6X40,",4.99
7518591,"SCR-HXFLGHD,M6X16,",3.99
7518702,"HEX FLANGE BOLT, 8 MM ",4.99
7518788,"BLT-SHD,M6X1.0,7MM,",8.99
7519000,"SCR-BTNHD,M6X12,",2.99
7519061,SCR-HXBH-M6X1.0X14,4.99
7519075,"SCR-SHCS,SHLDR,",29.99
7519082,BOLT,6.99
7519092,SCR-TXTH-M6X1.0X15 ZPB,1.49
7519184,SCR-TXTH-M6X1.0X20 SS,5.99
7519232,SCR-SH-M8X1.25X30 8.8,4.99
7519292,SCR-M4X0.7X8MM TX,0.99
7519303,SCR-SH-M6X1.0X16 8.8,4.99
7519303-CO,SCR-SH-M6X1.0X16 8.8,4.99
7519309,SCR-HXBH M4.2X1.4X25,8.99
7519774,"SCR-HXBH,M6X1.0X15,8.8,",4.99
7519794,SCR-HXFL-M12X1.75X120,29.99
7519796,SCR-TPMS,15.49
7519818,SCR-HXFL-M8X1.25X120,10.49
7519844,SCR-SH-M10X1.5X30 8.8,5.99
7519844-CO,SCR-SH-M10X1.5X30 8.8,5.99
7519875,SCR-HEADLIGHT ADJ,8.99
7519876,SCR-FLHD-M5X.8X8.8 ZNC,4.99
7519889,SCR-HXBH-M6X1.0X16 A2-,29.99
7519932,SCR-HXBH-M6X1.0X12 A2-,5.99
7519953,SCR-SHFL-M6X1.0X25 12.9,8.99
7519975,SCR-TXBH-M6X1.0X8 8.8,3.99
7520004,SCR-SH-M8X1.25X30 10.9,3.49
7520011,"BOLT, M6 X 1.0 X 15",2.99
7520031,SCR-HXFL-M8X1.25X20 8.8,4.99
7520084,SCR-PHPHD-#12-24X.75,4.99
7520093H,SCR-SH-M8X1.25X60 10.9,12.99
7520122,SCR-HXFL-M6X1.0X20 8.8,5.99
7520148,SCR-HXFL-M10X1.5X30 8.8,12.99
7520231,SCR-HXBH-M4X0.7X14,9.99
7520232,SCR-SH-M6X1.0X16 8.8,3.49
7520392,SCR-SH-M6X1.0X16 8.8,4.99
7520392-CO,SCR-SH-M6X1.0X16 8.8,4.99
7520456,SCR-HXBH-M8X1.25X16,8.99
7520510,"BLT-SHD,M6X1.0,7MM,",9.99
7520549,SCR-M8X1.25X45 8.8 DOG,4.99
7520696,"SCR-FLHD,M6X1.0X14 A2 ",3.99
7520714,SCR-M6SH-M6X1X30 8.8,5.99
7520719,"SCR-HXFL-M10X1.5X35,",5.99
7520742,"SCR-HH,M8X1.25X18,8.8,",13.49
7520830,SCR-TXBH-M6X1.0X15 10.9,5.49
7520887,DOUBLE STUD CALIPER,39.99
7520937,SCR-HH-M8X1.25X38 10.9,12.99
7520960,"SCR-SWPH-#8X19,MAGNI,",4.99
7521013,SCR-HXBH-M6X1.0X10 8.8,1.99
7521014,"SCR-HXFL,M8X1.25X25,",1.99
7521021,"BLT-SHD,M6X1.0,7MM,",4.99
7521022,"BLT-SHD,M6X1.0,7MM,",5.99
7521068,SCR-M6X1.0X16 SHLD ZPB,3.99
7521069,SCR-SHSHDR-M6X1.0X20,5.99
7521070,SCR-SHSHDR-M6X1.0X51,6.99
7521092,"SCR-SCHD,M5X0.8X16,304 ",6.99
7521201,"SCR-HXBH-M6X1.0X12,",7.99
7521257,SCR-HXFL-M6X1.0X20 ZPB,5.99
7521333-25,SCR-HXFL-M10X1.5X25,1.99
7521333-30,SCR-HXFL-M10X1.5X30,2.99
7521333-60,SCR-HXFL-M10X1.5X60,3.99
7521338,"SCREW-TPMS,GEN2",6.99
7528117,SCR-HXBH-10X32X1.0 10.9,3.99
7528207,"SCR-M6X1.0X10,HEX,BUT,",1.99
7528228,SCR-SH-M8X1.25X35 8.8,3.99
7528343,SCR-SHFL-M6X1.0X25 10.9,2.99
7546601,NYLOK NUT,1.49
7547014,"NUT,HXFLGHD,M8",8.99
7547017,NUT,6.99
7547039,NUT,5.99
7547115,"NUT-ACRON,M6,SS,DIN ",11.99
7547144,"NUT,NYLOK M8X1.25(10)  *",0.99
7547232,"HEX HEAD NUT, 12 MM",29.99
7547232H,"NUT-HEXHD,M12,DIN980V,",29.99
7547300,TNUT-M6,1.99
7547386,"NUT-CLIP,U SPEED,M4.2",2.99
7547453,NUT-HXFL-M6X1.0 8 ZB3,1.99
7547455-156,"NUT-MIRROR POST,EU,",16.49
7547456-156,"NUT-JAM,MIRROR,LH-",9.49
7547477,"HEX NUT, 20 MM X 1.5 MM",19.99
7547673,"NUT-NYLOCK,M8X1.25 ",4.99
7547673-CO,"NUT-NYLOCK,M8X1.25",4.99
7547685,"NUT-M18X1.5,NYLOCK,",10.99
7547709-156,"NUT-JAM,MIRROR,IND,",29.99
7547709-463,SUBSTITUTED BY,14.99
7547769-463,"NUT-JAM,MIRROR,IND,",29.99
7547772H,GROMMET - 4MM CN,8.99
7548101,WELLNUT-10X32X.71,1.99
7552801,"WASHER, SPRING LOCK",2.99
7555988,"WASHER,FL,M8.4X1.6",0.99
7556094,WASHER,2.99
7556219,"WSHR-FLAT,8.4X30.0X2.",7.99
7556254,"WSHR-FL,8.4X1.6X16.",3.49
7556254-CO,"WSHR-FL,8.4X16.0X1.6 EP",2.99
7556273,"WASHER-WAVE,M19 (10)",3.99
7556305,"WSHR-FL,8.4X1.6X16",1.99
7556352,"WSHR-FL,8X1.6,0600090",5.99
7556372,WASHER-COPPER,1.59
7556477,"WSHR-FL,4.3X14X0.",3.99
7556493,WASHER,5.99
7556544,WSHR-5.3X30X1.5 FLAT,2.99
7556832,"WSHR-THRUST,10X18X1.0",7.99
7556884,"WSHR-M8X1.6X1.6 NYL,",3.99
7556969,"WASHER, 8.4 X 20 X 1.6",5.99
7557165,WSHR-28X9X10 THK,29.99
7557229,WSHR-.203X.438X.063,8.99
7558756,"WSHR-DELRIN,5.3X12.5X0.",3.99
7558796,"WSHR-RET,NYLON, M6",1.99
7661010,"PIN, COTTER",1.19
7661064,TRUSS RIVET,2.99
7661855,TUFLOK RIVET,1.49
7661873,"PIN-CLEVIS,M6X15,E-CLIP",29.99
7661922,"RIVET-PLASTIC,(.236-.394)",1.99
7661970,"PIN-DOWEL,5/32""X7/8"",ZPC",1.99
7661979,"PIN-PIVOT,FLOORBOARD,",12.99
7661980,"PIN-PIVOT,FOOTPEG",13.99
7662160,"ANCHOR PIN, CRUISER",15.99
7662396,"PIN-PIVOT,STORAGE",12.99
7663068,"RUE-CLEVIS-PIN,0.25-ID",2.99
7663096,SUBSTITUTED BY,3.99
7670090,"CLIP,PLASTIC DART,",1.99
7710495,NUT,5.99
7710509,"RING-RET, INT,1""",9.49
7710568,"E-CLIP-M5,SS,0600101",3.99
7710628H,"RING,SNAP",1.99
7710644,"RING-RTNG,SPIRAL,EXT,",3.99
7710747,"RING-RTG,",15.99
8360149,"TRIM-EDGE,FENDER,INTL",49.99
9918278,TAG-WARRANTY PARTS,0
9930222,INDIANESCBROCHURES-,0
9930447,IMC PREMIUM CARE BRO,0
9931551,"MAN-OWN, 21 IND RM,SP,",29.99
9940084,"MAN-OWN,22,IND,ALL ",29.99
9941349,"MAN-SVC, 2020-2024 IND ",89.99
9941414,"MAN-SVC,19-20,22-24,FTR",89.99
9941419,"MAN-SVC,2018-2024 ",89.99
9941836,"MAN-OWN, 25 INDIAN ",29.99
9942024,"MAN-OWN, 25 INDIAN ",29.99
9959074,IND FREE DECAL WITH,0
9959114,MY25 IMC ACC/APP CAT,13.6
9990000,"N/A,USE COMPONENTS",0
N10301120,"PISTON RING SET, STD",134.99
N10600001,ROCKER BOX GASKET,47.98
N10601252,RevB-CAM COVER,8.99
N10601259,ROCKER BOX SEAL,29.99
N10601260,CHIMNEY SEAL,34.99
N10601266,HEAD GASKET,94.99
N10601924,UNDERWASHER SEAL,5.99
N11096022,"REVB-OIL FILTER,BLK",9.99
N60800000,"RevA-ENGINE TEMP, ",144.99
N61100003,SPARK PLUG WIRE,49.99
N61200015156,"REVB-SWITHC CUBE,LH,",369.99
N70200001,RevA-6mm1/4 TRNSTUD,34.99
N90300006,"RevB-KIT,PRIMARY GSKT - ",249.99
Supplier Code: PO sub totals (3366 records),,
Supplier Code: PPI,,
09-090-100-21,90/100-21 FRONT ( TUBE,144.99
09-130-090-18,130/90-18 REAR ( TUBE,173.99
25-090-090-21TT,90/90-21 FRONT ( TUBE,138.99
Supplier Code: PPI sub totals (3 records),,
Supplier Code: PRI,,
2A000633,"Oil Filter, Moto Guzzi V85TT",17.99
Supplier Code: PRI sub totals (1 record),,
Supplier Code: PU,,
0100-1633,HELMET SPTMOD H-VIS,849.95
0100-1826,HELMET SPT-MOD,849.95
0100-1831,HELMET SPT-MOD SHARP,849.95
0100-1832,HELMET SPT-MOD SHARP,849.95
0100-1833,HELMET SPT-MOD SHARP,849.95
0100-2640,HELMET XD-5 TRAIL,"1,039.95"
0101-14997,HLMT AFLTMIPS OMCRX,265
0101-15074,HLMT AFP TOPSHELF RD,390
0101-15886,HELMT CORSAIR-X,"1,069.95"
0101-15939,HELMT CORSAIR-X BLACK,869.95
0101-16014,HLMT AFLT FLYBOY BL XL,299
0101-16339,HELMET GRINGO S GL,249.95
0101-16340,HELMET GRINGO S GL,249.95
0101-16670,HLMT AFLT DARK RUB BK,250
0101-16984,S-R10 TEAM HELMET,"1,379.95"
0101-16995,S-R10 ELEMENT HELMET,"1,379.95"
0101-17033,S-R10 SOLID HELMET BLK,"1,149.95"
0101-17034,S-R10 SOLID HELMET BLK,"1,149.95"
0101-17035,S-R10 SOLID HELMET BLK,"1,149.95"
0101-17037,S-R10 SOLID HELMET,"1,149.95"
0101-17039,S-R10 SOLID HELMET,"1,149.95"
0101-17040,S-R10 SOLID HELMET,"1,149.95"
0101-17364,HLMT AFLT,299
0101-17365,HLMT AFLT,299
0101-17369,HELMET AFP REENTRY SV,390
0101-17370,HELMET AFP REENTRY SV,390
0101-17371,HELMET AFP REENTRY SV,390
0101-17640,HELMET CORSAIR-X MVK,"1,119.95"
0101-17962,HLMT K7 SUPER 46 MD,759
0101-18029,HLMT K7 MONO WT MD,639
0101-18593,HELMET CORSAIR-X,979.95
0101-18598,HELMET QUANTUM-X,959.95
0101-18994,HELMET S-R7 SOLID BK,679.95
0101-18996,S-R7 SOLID BK MATT,679.95
0101-19001,HELMET S-R7 SOLID BK,679.95
0101-19002,HELMET S-R7 SOLID BK,679.95
0101-19003,HELMET S-R7 SOLID BK,679.95
0101-19008,HELMET S-R7 SOLID GY,679.95
0101-19014,S-R7 SOLID WT  GLOSS,679.95
0101-19026,HELMET S-R7 ZEAL YL,749.95
0101-19032,HELMET S-R7 A-CORE,749.95
0101-19038,HELMET S-R7 A-CORE,749.95
0101-19043,HELMET S-R7 A-CORE,749.95
0101-19044,HELMET S-R7 A-CORE,749.95
0101-19045,HELMET S-R7 A-CORE,749.95
0101-19050,HELMET S-R10 ARIUS,"1,379.95"
0101-19055,HELMET S-R10 ARIUS,"1,379.95"
0101-19056,HELMET S-R10 ARIUS,"1,379.95"
0101-19063,HELMET S-R10 ARIUS,"1,379.95"
0101-20186,HELMET CONTOUR-X,999.95
0101-20314,HELMET GRINGO S,274.95
0102-0342,HELMET Y10 SOLID,119.99
0102-0343,HELMET Y10 SOLID,119.99
0102-0344,HELMET Y10 SOLID,119.99
0104-2954,HELMT CLASSIC-V WHITE,489.95
0104-2961,HELMT CLASSIC-V BLACK,489.95
0104-3318,HELMET ELSN MONOTYPE,275
0110-6773,HLMT SECTR FADER,80
0110-7192,HLMT RISE MC,99.95
0111-1435,HLM CH RISE FLM BLUE,79.95
0130-1234,SHIELD XD-5 VAS-A MAX-V,78.95
0130-1235,SHIELD XD-5 VAS-A MAX-V,78.95
0130-1712,SHIELD S.02.1-R AV,129.95
0131-0108,SHIELD BUBBLE BLU,24.95
0134-4052,INTPAD XD-5  II- 5MM,65.95
0136-0026,HELMET SERVICE PAD,20
0140-0284,HELMET XD-5 ALUMINUM,849.95
0140-0302,HELMET XD-5 FLUOR,909.95
0140-0303,HELMET XD-5 FLUOR,859.95
0140-0313,HELMET XD-5 DISCOVERY,949.95
0140-0317,HELMET XD-5 COSMIC,949.95
0140-0318,HELMET XD-5 COSMIC,949.95
0140-0393,HELMET XD-5 MOJAVE,939.95
0140-0430,HELMET XD-5 DISCOVERY,"1,039.95"
0140-0431,HELMET XD-5 DISCOVERY,"1,039.95"
0140-0443,HELMET XD-5 DISCOVERY,"1,039.95"
0140-0561,HELMET XD-5 TRAIL BLUE,"1,039.95"
0140-0567,HELMET XD-5 TRAIL,"1,039.95"
0210-0399,RIM 10 SP KICKBACK,"1,299.95"
0214-3235,AXLE SLIDERS FRONT,69.18
0214-3239,AXLE SLIDERS REAR,73.39
0301-0081,TIRE PWR 2CT 120/70ZR17,186.95
0301-0100,TIRE PWR 2CT 120/60ZR17,175.95
0301-0134,TIRE MOTION 120/70ZR,185.43
0301-0422,TIRE Z8-M 120/70ZR17,206.65
0301-0424,TIRE ANGEL GT,228.59
0301-0448,TIRE D-ROSSO 2 - D,188.1
0301-0502,TIRE RD 4 120/70ZR17 58W,228.95
0301-0503,TIRE RD 4-GT 120/70ZR17,246.95
0301-0513,TIRE ST M7RR 120/60ZR17,195.58
0301-0553,TIRE ANGEL GT-,240.05
0301-0568,TIRE SPT ATCK 120/70,191.66
0301-0596,TIRE R-T RR 120/70ZR17,264.1
0301-0604,TIRE RDT 01HWM,240.29
0301-0605,TIRE S-ROSSO 3,224.25
0301-0629,TIRE D-ROSSO 3,219.86
0301-0662,TIRE ELITE4 130/70R18,356.95
0301-0664,TIRE SM GPR300,154.95
0301-0683,TIRE D-ROSSO 3,214.71
0301-0688,TIRE R-SMART 3,232.95
0301-0690,TIRE R-SMART 3,233.95
0301-0698,TIRE TL ME 888,315.15
0301-0716,TIRE RD5 120/60ZR17 55W,237.95
0301-0717,TIRE RD5 120/70ZR17 58W,238.95
0301-0732,TIRE SCOR RALLY,255.67
0301-0738,TIRE H50 120/70ZR19 60W,325.67
0301-0754,TIRE SM GPR300,146.95
0301-0767,TIRE AV91 120/70R19 60W,318.52
0301-0774,TIRE CRZTC 120/70ZR19,323.53
0301-0791,TIRE RDSPORT 2,152.95
0301-0792,TIRE RDSPORT 2,159.95
0301-0824,TIRE CRZTC 130/70R18,309.62
0301-0828,CMDR3 TRG 120/70R19,308.95
0301-0829,POWER 5 120/70ZR17,238.95
0301-0844,TIRE S-ATCK 4 120/70,277.45
0301-0859,TIRE SPTC M9RR 120/7,235.79
0301-0863,TIRE RTC 01 SE 120/70-17,252.31
0301-0878,TIRE RTEC 01 120/70R,218.95
0301-0890,TIRE RS11F 120/70ZR17,324.36
0301-0902,TIRE R-SMART 4,248.95
0301-0903,TIRE R-SMART 4,263.95
0301-0912,TIRE D-ROSSO 4,253.09
0301-0915,MUTANT 120/70ZR17 (58W),258.95
0301-0917,MUTANT 120/70ZR19 (60W),267.95
0301-0931,TIRE RD 6 110/70ZR17 54W,284.95
0301-0932,TIRE RD 6 110/80ZR19 59W,298.95
0301-0933,TIRE RD 6 120/60ZR17 55W,310.95
0301-0934,TIRE RD 6 120/70ZR17 58W,316.95
0301-0936,TIRE RD 6 TRAIL,298.95
0301-0938,TIRE RA4 120/70ZR17,320.95
0301-0952,TIRE D-ROSSO 4,229.42
0301-0954,TIRE D-ROSS IV CORSA,264.85
0301-0959,TIRE RTC 01 SE,279.43
0301-0965,TIRE RA4 GT 120/70ZR17,334.45
0301-0967,TIRE RA4 120/70ZR19 60W,351.45
0301-0970,TIRE Q5 120/70ZR17 (58W),269.95
0301-0972,TIRE Q5S 120/70ZR17,248.95
0301-0975,DIASCV4 120/70ZR17 (,318.28
0301-0982,TIRE CRUSTEC 150/80R17,393.06
0301-0983,TIRE R-SMART 4,267.95
0301-0991,TIRE R-TEC 02 110/80R19,268.58
0301-0992,TIRE R-TEC 02 120/70ZR19,326.5
0301-0993,TIRE SCRP TRL 3,297.64
0301-1000,TIRE SM2 120/70-17F 58H,287.95
0301-1002,TIRE POWER 6 120/70ZR17,269.95
0301-1003,TIRE POWER GP2,302.95
0301-1023,TIRE R-TEC 02 120/70ZR17,269.97
0301-1029,TIRE T33 120/70ZR17 58W,288.21
0301-1074,TIRE SPRTC 01,231.39
0302-0137,TIRE PWR 2CT 180/55ZR17,233.95
0302-0139,TIRE PWR 2CT 190/55ZR17,278.95
0302-0234,TIRE MOTION 160/60ZR17,248.65
0302-0235,TIRE MOTION 180/55ZR17,255.06
0302-0236,TIRE MOTION 190/50ZR17,266.39
0302-0251,TIRE C-MTN 170/60ZR1,258.04
0302-0491,TIRE Z8-INT 170/60ZR,271.69
0302-0558,TIRE D-ROSSO 2,218.27
0302-0593,TIRE SPT ATCK 2 190/55,329.95
0302-0619,TIRE D-ROSSO 2,234.66
0302-0645,TIRE N-DRG 130/90-16 73H,214.05
0302-0690,TIRE Z8-O 180/55ZR17 73W,283.93
0302-0698,TIRE ANGEL GT 180/55,291.18
0302-0699,TIRE ANGEL GT 160/60R17,279.89
0302-0700,TIRE ANGEL GT-A,313.12
0302-0812,TIRE Z8 INT-M 180/55ZR17,283.93
0302-0842,TIRE ME888 180/60R 16,423.96
0302-0848,TIRE RD 4 190/55ZR17 75W,319.95
0302-0850,TIRE RD 4-GT 180/55ZR17,310.95
0302-0852,TIRE RD 4-GT 190/55ZR17,339.95
0302-0870,TIRE ST M7RR 190/55ZR17,294.58
0302-0939,TIRE SPT ATCK,263.66
0302-0995,TIRE R-T RR 190/55ZR17,405.74
0302-0996,TIRE R-T RR 200/55ZR17,434.59
0302-1000,TIRE SM GPR300,219.95
0302-1005,TIRE RTC 01HWM,319
0302-1007,TIRE RTC 01HWM,339.23
0302-1012,TIRE S21 190/55ZR17 75W,0
0302-1096,TIRE MT60RS 180/55ZR17,359.39
0302-1097,TIRE RTEC 01 170/60R17,283.93
0302-1098,TIRE ELITE4 180/60R16,459.95
0302-1100,TIRE PWR 2CT 170/60ZR17,235.95
0302-1103,TIRE SM GPR300,188.95
0302-1140,TIRE R-SMART 3,254.95
0302-1142,TIRE R-SMART 3,283.95
0302-1143,TIRE R-SMART 3,292.95
0302-1144,TIRE R-SMART 3,301.95
0302-1145,TIRE R-SMART 3,310.95
0302-1186,TIRE RD5 160/60ZR17 69W,298.95
0302-1187,TIRE RD5 180/55ZR17,314.95
0302-1188,TIRE RD5 190/50ZR17 73W,330.95
0302-1189,TIRE RD5 190/55ZR17 75W,346.95
0302-1217,TIRE SCOR RALLY,388.72
0302-1238,ME888 160/60R18 76V,430.01
0302-1249,TIRE SM GPR300,187.95
0302-1262,TIRE AV92 180/70R16 77V,381.65
0302-1265,TIRE AV92 240/50R16 84V,596.85
0302-1271,TIRE AV92 200/55R18 79V,483.04
0302-1292,TIRE D-ROSSO 3,401.13
0302-1293,DIA SC V3 180/55ZR17 73W,359.52
0302-1295,DIA SC V3 190/55ZR17 75W,454.16
0302-1296,DIA SC V3 200/55ZR17 78W,483.26
0302-1299,TIRE CRZTC 180/60R16,429.21
0302-1342,TIRE RDSPORT 2,195.95
0302-1345,TIRE RDSPORT 2,239.95
0302-1347,TIRE S22 160/60ZR17 69W,279.86
0302-1351,TIRE S22 200/55ZR17 78W,367.06
0302-1398,TIRE ELITE4 200/55R16,477.95
0302-1405,TIRE CRZTC 200/55R16,462.5
0302-1409,POWER 5 180/55ZR17,294.95
0302-1411,POWER 5 190/55ZR17,334.95
0302-1412,POWER 5 200/55ZR17,344.95
0302-1438,TIRE S-ATCK 4 190/55,406.45
0302-1440,TIRE S-ATCK 4 180/55,363.45
0302-1450,TIRE CONTIROAD,342.95
0302-1453,TIRE RATK2 STR,437.45
0302-1454,TIRE RATK2 STR,454.45
0302-1467,TIRE SPTC M9RR,318.7
0302-1469,TIRE SPTC M9RR 190/5,362.47
0302-1470,TIRE SPTC M9RR 200/5,384.75
0302-1476,TIRE RTC 01 SE,275.12
0302-1477,TIRE RTC 01 SE,317.34
0302-1480,TIRE CRZTC 180/60R16,399.53
0302-1481,TIRE CRZTC 140/75R15,283.66
0302-1506,TIRE S22 140/70R17 66H,249.44
0302-1508,TIRE RS10 150/60R17,298.05
0302-1520,TIRE RS11R 190/55ZR17,427.49
0302-1521,TIRE RS11R 200/55ZR17,473.26
0302-1523,TIRE T32R 190/55ZR17,339.63
0302-1533,TIRE R-SMART 4,295.95
0302-1534,TIRE R-SMART 4,305.95
0302-1535,TIRE R-SMART 4,318.95
0302-1536,TIRE R-SMART 4,335.95
0302-1537,TIRE R-SMART 4,350.95
0302-1562,TIRE D-ROSSO 4,314.39
0302-1563,TIRE D-ROSSO 4,322.98
0302-1564,TIRE D-ROSSO 4,371.18
0302-1565,TIRE D-ROSSO 4,383.93
0302-1566,TIRE ST II 170/60ZR17 72W,281.95
0302-1575,MUTANT 170/60ZR17 72W,326.95
0302-1576,MUTANT 180/55ZR17 (73W),335.95
0302-1577,MUTANT 190/55ZR17 (75W),338.95
0302-1586,TIRE D-ROSSO 4,408.78
0302-1604,TIRE RD 6 140/70ZR17 66W,315.95
0302-1606,TIRE RD 6 150/70ZR17 69W,361.95
0302-1607,TIRE RD 6 160/60ZR17 69W,377.95
0302-1608,TIRE RD 6 TRAIL,403.95
0302-1609,TIRE RD 6 180/55/ZR17,399.95
0302-1610,TIRE RD 6 190/50ZR17 73W,420.95
0302-1611,TIRE RD 6 190/55ZR17 75W,437.95
0302-1612,TIRE RD 6-GT 120/70ZR17,333.95
0302-1613,TIRE RD 6-GT 180/55/ZR17,420.95
0302-1615,TIRE RD 6-GT 190/55ZR17,458.95
0302-1617,TIRE RA4 180/55ZR17,428.95
0302-1619,TIRE RA4 190/55ZR17 75W,460.95
0302-1633,TIRE D-ROSSO 4,329.11
0302-1653,TIRE D-ROSS IV CORSA,370.99
0302-1654,TIRE D-ROSS IV CORSA,374.53
0302-1656,TIRE D-ROSS IV CORSA,414.68
0302-1657,TIRE D-ROSS IV CORSA,430.26
0302-1658,TIRE D-ROSS IV CORSA,447.46
0302-1684,TIRE RA4 170/60ZR17 72W,430.95
0302-1685,TIRE RA4 GT 180/55ZR17,442.45
0302-1691,TIRE Q5 180/55ZR17 (73W),321.95
0302-1692,TIRE Q5 180/60ZR17 (75W),327.95
0302-1694,TIRE Q5 190/55ZR17 (75W),374.95
0302-1695,TIRE Q5 200/55ZR17 (,420.95
0302-1696,TIRE Q5 200/60ZR17 (80W),431.95
0302-1700,TIRE Q5S 180/55ZR17,311.95
0302-1702,TIRE Q5S 190/55ZR17,359.95
0302-1703,TIRE Q5S 200/55ZR17,371.95
0302-1708,TIRE CRUSTEC 180/70R16,399.53
0302-1709,TIRE CRUSTEC 240/50R16,383.62
0302-1713,DIASCV4 180/55ZR17,378.45
0302-1714,DIASCV4 180/60ZR17,389.81
0302-1716,DIASCV4 190/55ZR17,478.06
0302-1717,Diablo SC SP-V4,508.69
0302-1718,DIASCV4 200/60ZR17 (,513.79
0302-1746,TIRE R-TEC 02 170/60ZR17,348.54
0302-1749,TIRE R-TEC 02 190/50ZR17,326.66
0302-1751,TIRE R-TEC 02 190/55ZR17,378.28
0302-1752,TIRE R-TEC 02 190/55ZR17,362.97
0302-1773,TIRE SM2 140/70-17R 66H,343.45
0302-1780,TIRE POWER 6 180/55ZR17,354.95
0302-1781,TIRE POWER 6 190/50ZR17,368.95
0302-1782,TIRE POWER 6 190/55ZR17,389.95
0302-1783,TIRE POWER 6 200/55ZR17,401.95
0302-1784,TIRE POWER 6 240/45ZR17,435.95
0302-1787,TIRE POWER GP2,436.95
0302-1788,TIRE POWER GP2,448.95
0302-1813,TIRE R-TEC 02 180/55ZR17,339.55
0302-1820,TIRE ROAD W GT,410.95
0302-1821,TIRE T33 180/55ZR17 73W,366.09
0302-1826,TIRE T33 190/55ZR17 75W,385.85
0302-1837,TIRE Q5A 180/55ZR17,250.95
0302-1838,TIRE Q5A 190/50ZR17,275.95
0302-1839,TIRE Q5A 190/55ZR17,289.95
0302-1845,TIRE Q5A 200/55ZR17,298.95
0302-1874,TIRE POWER 6 180/55ZR17,341.95
0302-1887,TIRE R-TEC 02 170/60ZR17,331.91
0302-1889,TIRE SPRTC 01 RS,421.23
0302-1890,TIRE SPRTC 01 RS,447.09
0302-1896,TIRE SPRTC 01,355.59
0302-1897,TIRE SPRTC 01,377.43
0302-1910,TIRE CSA5 190/55ZR17,418.45
0303-0178,TIRE D-ROSSO 2,181.74
0303-0226,TIRE DIA SC V3,302.37
0304-0003,TIRE BT020R 200/60VR16,446.48
0304-0183,TIRE D-ROSSO 2,235.75
0304-0217,TIRE G852-G 200/60R16,446.31
0304-0249,TIRE D423 200/55R16 77H,475.95
0304-0251,TIRE G852 200/55R16 77H,462.68
0304-0300,"RIM LOCK, RUBBER ",13.95
0305-0001,TIRE D404 100/90-18,132.95
0305-0004,TIRE D404 100/90-19,135.95
0305-0081,TIRE N-DRG 100/90-19,185.27
0305-0131,TIRE ME11 3.25-19 54S,213.68
0305-0192,TIRE N-DRG 150/80-16,269.11
0305-0278,TIRE CMDR2 130/90B16,237.95
0305-0281,TIRE CMDR2 100/90B19,181.95
0305-0285,TIRE N-DRG 130/90-16 67H,235.74
0305-0296,TIRE ME888 130/90-16 67H,255.06
0305-0305,TIRE AM ELT 130/80B17,283.95
0305-0307,TIRE AM ELT 130/90B16,289.95
0305-0386,TIRE ME888 130/90-16,376.38
0305-0398,TIRE D402 MH90-21 MWB,239.95
0305-0425,TIRE AM ELT 130/60B19,225.95
0305-0517,TIRE ME888 130/60B19 61H,237.34
0305-0527,TIRE ME888 120/70B17 58V,245.89
0305-0529,TIRE ME888 120/70B21,402.5
0305-0541,TIRE ELITE4 130/90B16,292.95
0305-0542,TIRE ELITE4 130/70-18 63H,329.95
0305-0565,TIRE N-DRG 130/60B19,214.59
0305-0599,TIRE ELITE4 150/80R17,438.95
0305-0602,TIRE ELITE4 180/70R16,498.95
0305-0627,TIRE AV91 120/70-21 68V,349.13
0305-0630,TIRE CRZTC MT90B16 72H,230.89
0305-0631,TIRE CRZTC 130/90B16,279.88
0305-0632,TIRE CRZTC 150/80-16 71H,364.69
0305-0636,TIRE CRZTC 130/60B19,267.74
0305-0638,TIRE CRZTC 120/70B21,363.8
0305-0662,TIRE CRZTC 130/60B19,271.72
0305-0676,CMDR3 CRSR 80/90-21,203.95
0305-0677,CMDR3 CRSR 90/90-21,236.95
0305-0680,CMDR3 CRSR 130/90B16,287.95
0305-0683,CMDR3 TRG 130/70B18,294.95
0305-0685,CMDR3 TRG 130/90B16,294.95
0305-0762,TIRE CRZTC 100/80-17 52H,202.45
0305-0822,ROAD CLSC 3.25B19 54H,251.95
0305-0843,TIRE CRZTC 130/70B18,278.48
0305-0912,CMDR3 TRG 130/60B19,211.95
0305-0913,CMDR3 TRG 130/80B17,307.95
0305-0988,TIRE SCRP TRL 3 100/90-,275.85
0305-1024,TIRE DIABLO PC 100/90-19,273.24
0305-1026,TIRE DIABLO PC,300.09
0305-1028,TIRE SCRP MX32 MS,156.26
0305-1037,TIRE AE2 130/60B19 67H,235.95
0305-1038,TIRE AE2 MT90B16 72H FT,247.95
0305-1061,TIRE AE2 130/70B18 63H,288.95
0305-1062,TIRE AE2 130/90B16 73H,258.95
0305-1065,TIRE AE2 MT(130) 90B16,301.95
0306-0003,TIRE D404 170/80-15 REAR,222.95
0306-0004,TIRE D404 130/90-16 REAR,182.95
0306-0006,TIRE D404 150/80-16 REAR,207.95
0306-0049,TIRE KRUZ 160/80H-16,165.95
0306-0117,TIRE N-DRG 180/70B15,341.34
0306-0239,TIRE XDRA-MAX 180/70-15,414.04
0306-0298,TIRE CMDR2 140/90B16,257.95
0306-0299,TIRE CMDR2 150/80B16,235.95
0306-0300,TIRE CMDR2 180/65B16,321.95
0306-0310,TIRE ME888 180/65-16 81H,457.68
0306-0313,TIRE ME888 130/90-16 73H,261.55
0306-0314,TIRE ME888 150/80-16 77H,344.84
0306-0315,TIRE ME888 MT90-16 74H,342.38
0306-0324,TIRE AM ELT 180/65B16,396.95
0306-0325,TIRE AM ELT 180/65B16,386.95
0306-0326,TIRE AM ELT 180/65B16,402.95
0306-0414,TIRE ME888 150/80B16,289.32
0306-0417,TIRE ME888 130/90-16,387.08
0306-0418,TIRE ME888 180/65B 16,498.43
0306-0422,TIRE AM ELT MT90B16 74H,286.95
0306-0428,TIRE AM ELT 150/80B16,283.95
0306-0513,TIRE BLKC 3.00-19 54P F/R,151.36
0306-0518,TIRE AM ELT 130/90B16,286.95
0306-0523,TIRE D-ROSSO 3,271.23
0306-0524,TIRE D-ROSSO 3,326.89
0306-0527,TIRE N-DRG GT 150/80B16,260.43
0306-0528,N-DRG 180/60R16 80H,324.85
0306-0529,TIRE N-DRG GT 180/65B16,368.77
0306-0531,TIRE ME888 180/6016 80H,437.51
0306-0543,TIRE ME888 130/90B16 73H,266.84
0306-0546,TIRE ME888 160/80B16 75H,447.81
0306-0547,TIRE ME888 200/60R16 79V,486.83
0306-0570,TIRE ELITE4 150/80B16,336.95
0306-0571,TIRE ELITE4 160/80B16,452.95
0306-0573,TIRE K6702 130/90B16 73H,154.95
0306-0578,TIRE K6702 180/65B16 81H,203.95
0306-0599,TIRE H50RF 150/80B16 77H,335.15
0306-0607,TIRE N-DRG GT 130/90B16,263.85
0306-0624,TIRE SPORT 140/70-17,277.7
0306-0630,TIRE H50RF 180/65B16 81H,455.2
0306-0654,TIRE AV92 150/70B18 WW,504.85
0306-0657,TIRE CRZTC 130/90B16,315.98
0306-0658,TIRE CRZTC 150/80B16,334.52
0306-0660,TIRE CRZTC 180/65B16,444.92
0306-0685,TIRE CRZTC MT90B16 74H,325.99
0306-0694,CMDR3 CRSR 130/90B16,291.95
0306-0696,CMDR3 CRSR 140/90B16,321.95
0306-0697,CMDR3 CRSR 150/80B16,291.95
0306-0700,CMDR3 CRSR 170/80B15,325.95
0306-0702,CMDR3 TRG 180/55B18,362.95
0306-0703,CMDR3 TRG 180/65B16,392.95
0306-0705,CMDR3 TRG MU85B16 77H,322.95
0306-0835,ROAD CLSC 4.00B18 64H,251.95
0306-0966,TIRE DIABLO PC,509.7
0306-0968,TIRE SCRP MX32 MS,184.13
0306-0977,TIRE AE2 180/65B16 81H,413.95
0306-0992,TIRE AE2 150/80B16 77H,295.95
0307-0051,TIRE G721F 130/90-16,299.9
0307-0066,TIRE SCR31 130/60B19,264.95
0308-0017,TIRE G702 180/70-15 WWW,415.16
0308-0037,TIRE G722R 180/70-15,415.16
0312-0491,TIRE SCRP RLY 90/90-21,166.44
0312-0492,TIRE SCRP RLY 90/90-21,178.94
0313-0970,TIRE MX14 110/100-18,157.95
0313-0996,GEOMAX  MX34   110/100-,137.95
0313-1068,TIRE AT82 110/100-18 64M,153.95
0316-0004,TIRE MT90AT 90/90-21 54V,183.42
0316-0106,TIRE K784F 100/90B19,129.95
0316-0148,TIRE ANAKEE 3 110/80R19,237.95
0316-0192,TIRE ANAKEE 3 120/70R19,231.95
0316-0200,TIRE TRNC NEXT 100/90-,262.63
0316-0212,TIRE TKC70 120/70R19 60V,325.95
0316-0213,TIRE TKC70 90/90/21 54T,172.72
0316-0215,TIRE MT60RS 110/80R18,255.77
0316-0249,TIRE ST II 120/70ZR17 58W,278.17
0316-0261,TIRE ANAKWLD 110/80R19,285.95
0316-0262,TIRE ANAKEE WILD,281.95
0316-0287,TIRE ST2 120/70R19 60V,285.83
0316-0288,TIRE ST2 120/70ZR19 60W,229.95
0316-0289,TIRE SCP RL STR 120/70-,236.8
0316-0290,TIRE ANAKWLD 90/90-21,222.95
0316-0314,TIRE KAR STR 120/70R19,0
0316-0319,TIRE MT60RS 130/90-16,275.45
0316-0330,TIRE A41 120/70R19 60V,282.4
0316-0354,TIRE TRL ATK 3 120/70R19,338.45
0316-0377,TIRE ANKEE ADV,252.95
0316-0378,TIRE ANKEE ADV,240.95
0316-0379,TIRE ANKEE ADV 90/90-21,214.95
0316-0380,TIRE ANKEE ADV 100/90-,250.95
0316-0385,TIRE AX41 90/90-21 5,219.26
0316-0399,TIRE TRAILMAX MISSION,192.95
0316-0400,TIRE MISSION 110/80-19,252.95
0316-0401,TIRE TRAILMAX MISSION,267.95
0316-0459,TIRE TRAILMAX MISSION,199.95
0316-0488,TRNC NEXT II 110/80R19,288.36
0316-0489,TRNC NEXT II 120/70R,267.1
0316-0490,TRNC NEXT II 120/70ZR19,282.3
0316-0500,TIRE SCRP RLY 90/90-21,225.94
0316-0554,TRNC NEXT II 100/90-19,298.11
0316-0576,TIRE KAROO4 100/90-19,178.18
0316-0586,TIRE KAROO4 120/70R19,298.87
0316-0598,TIRE TRAILMAX RAID,267.95
0316-0599,TIRE TRAILMAX RAID,192.95
0316-0605,TIRE ENDURO TRAIL+,185.99
0316-0625,TIRE SCRP TRL 3,305.84
0316-0626,TIRE SCRP TRL 3,315.8
0316-0638,TIRE TKC80 90/90-21 54T,176.95
0316-0639,TIRE ANAKEE ROAD,284.95
0316-0640,TIRE ANAKEE ROAD,285.95
0316-0641,TIRE ANAKEE ROAD,303.95
0316-0647,TIRE TERRA FORCE-R,185.99
0316-0648,TIRE TERRA FORCE-R,201.99
0316-0697,TIRE ANAKEE,251.95
0316-0698,TIRE ANAKEE,265.95
0316-0700,TIRE ANAKEE,227.95
0317-0004,TIRE MT90AT 150/70R18,273.02
0317-0101,TIRE K784 130/80B17,157.95
0317-0163,TIRE ANAKEE 3 150/70R17,265.95
0317-0222,TIRE ANAKEE 3 170/60R17,287.95
0317-0241,TIRE TKC70 140/80R17 69T,272.42
0317-0242,TIRE TKC70 150/70R17 69V,417.45
0317-0243,TIRE TKC70 170/60R17 72V,435.95
0317-0245,TIRE TKC70 150/70R18 70H,429.45
0317-0252,TIRE MT60RS180/55R17,312.37
0317-0296,TIRE ST II 180/55ZR17 73W,365.22
0317-0297,TIRE ST II 190/55ZR17 75W,407
0317-0313,TIRE ANAKWLD 150/70R17,350.95
0317-0314,TIRE ANAKEE WILD,363.95
0317-0354,TIRE ST2 170/60R17 72V,357.28
0317-0357,TIRE SCP RL STR,378.2
0317-0358,TIRE ANAKWLD 140/80-17,305.95
0317-0359,TIRE ANAKWLD 130/80-17,278.95
0317-0385,TIRE SCP RLY 150/70R18,311.41
0317-0386,TIRE ANAWLD 130/80-18,291.95
0317-0390,TIRE ANAWLD 150/70R18,357.95
0317-0392,TIRE ANAWLD 120/80-18,288.95
0317-0395,TIRE KAR STR 170/60R17,327.36
0317-0397,TIRE SCRP RLY STR,293.56
0317-0400,TIRE MT60RS 150/80-16,326.3
0317-0412,TIRE A41 170/60R17 72V,323.18
0317-0475,TIRE ANKEE ADV,292.95
0317-0476,TIRE ANAKEE ADV,302.95
0317-0477,TIRE ANKEE ADV,369.95
0317-0478,TIRE ANKEE ADV,318.95
0317-0486,TIRE AX41 150/70B17,321.85
0317-0499,TIRE TRAILMAX MISSION,316.95
0317-0500,TIRE TRAILMAX MISSION,317.95
0317-0501,TIRE TRAILMAX MISSION,348.95
0317-0560,TIRE TKC70 ROCK,424.95
0317-0561,TIRE TKC70 ROCKS,450.95
0317-0567,TIRE TOURA 150/70R17,340.62
0317-0584,TIRE TRAILMAX MISSION,273.95
0317-0625,TRNC NEXT II 150/70R17,311.74
0317-0626,TRNC NEXT II 170/60R17,346.96
0317-0627,TRNC NEXT II 170/60ZR17,346.96
0317-0642,ANKEE ADV 180/55R17 73V,375.95
0317-0735,TIRE KAR STR 150/70R18,278.17
0317-0763,TIRE KAROO4 150/70R17,351.53
0317-0765,TIRE KAROO4 170/60R17,373.29
0317-0790,170/60R17 72T TRAILMAX,348.95
0317-0794,TIRE TRAILMAX RAID,316.95
0317-0804,TIRE ENDURO TRAIL+,230.99
0317-0837,TIRE SCRP TRL 3,382.29
0317-0838,TIRE SCRP TRL 3,382.29
0317-0840,TIRE SCRP TRL 3,372.18
0317-0854,TIRE ANAKEE ROAD,352.95
0317-0855,TIRE ANAKEE ROAD,360.95
0317-0857,TIRE ANAKEE ROAD,376.95
0317-0858,TIRE ANAKEE ROAD,386.95
0317-0865,TIRE TERRA FORCE-R,236.99
0317-0866,TIRE TERRA FORCE-R,241.99
0317-0962,TIRE ANAKEE,387.95
0317-0965,TIRE ANAKEE,319.95
0340-0828,TIRE PR 4SC 160/60R15,276.95
0340-1145,TIRE CTYGRP 2 130/70-12,134.95
0340-1154,TIRE CTYGRP 2 150/70-14,189.95
0340-1155,TIRE CTYGRP 2 120/70-15,151.95
0350-0017,"TUBE 17"" 17C/17MG ",38.95
0350-0022,"TUBE 18"" H/D 18UHD-LG",52.95
0350-0043,TUBE 275/300-23 TR4,17.95
0350-0117,TUBE INNER 180/65-,31.95
0350-0173,TUBE INR 130/90-16 SRV,17.95
0350-0174,TUBE INR 130/90-16 SMV,19.95
0350-0175,TUBE INR 130/90-16 CMV,17.95
0350-0207,TUBE 160/70-210/50-17,44.48
0350-0352,TUBE 2.50/2.75-10 TR4 HD,11.95
0350-0360,TUBE 4/5.1 110/100-17 HD,22.95
0350-0428,TUBE MT/MU/120/130/140-,28.95
0350-0429,TUBE 130/140/150/160-17,29.95
0350-0434,TUBE 100/120-19,29.95
0350-0627,"TUBE IN 5.00-5.10X16""CMV",32.95
0350-0630,TUBE INNER 130/90-,31.95
0350-0648,TUBE 4.00/4.50 110/90-19,17.12
0350-0669,TUBE INNER 180/65/16,25.95
0350-0686,"MOOSE HD TUBE 18"" ",32.27
0350-0762,TUBE 100/90-19 TR4,24.19
0360-0021,"RIM STRIP TAPE 18"" & 19""",11.99
0360-0022,"RIM STRIP TAPE 21""",9.99
0360-0024,VALVE STEM METAL 90,11.95
0362-0034,TIRE WARMER,397.95
0362-0037,TIRE WARMER,639.95
0363-0055,TIRE KIT PUNCTURE,74.95
0365-0030,STEEL STICK-ON 5GR BLK,29.95
0365-0039,TIRE CHANGER MC680 W,"3,670.95"
0365-0044,STEEL STICK-ON 5G BLK,33.95
0365-0045,STEEL STICK-ON 5G SIL,33.95
0365-0046,STEEL STICK-ON 5G CHR,45.95
0365-0068,NYLON PROTECTOR TAIL,3.95
0365-0069,NYLON PROTECTOR,6.95
0407-0593,FORK SEAL 46X58X10.5,17.95
0407-0603,DUST SEAL CR-125/500,21.95
0407-0917,"FORK SEAL KIT, DUAL ",44.99
0414-0529,STEERING DAMPER SD,493.9
0414-0722,STEERING DAMPER SD,493.9
0504-0433,HEAT DEFLECTORS,64.99
0504-0434,HEAT DEFLECTORS,64.99
0505-2061,CRASHBARS LOWER,350
0505-2113,FREEWAY BARS CHR,315.95
0505-2114,FREEWAY BARS BLK,315.95
0505-2181,SLIDERS AXLE REAR BMW,90
0505-2242,SLIDERS AXLE FRONT,110
0505-2334,FRAMG GUARD HUSKY,60.95
0505-2515,PROTECTION BARS,"2,125.95"
0510-0319,EXTENSION K/S CHR07-,51.89
0510-0320,EXTENSION K/S BLK07-,44.47
0510-0390,KICKSTAND PUCK OPT,49.95
0510-0549,EXTENSION K/S BLK 07-,42.35
0510-0585,KICKSTAND EXT GB,41.29
0521-1772,FLAG US W/LITED POLE,189.99
0521-1773,"MOUNT FLAG F/ 1/2"" TUBE",40.99
0521-1774,"MOUNT FLAG F/ 3/4"" TUBE",31.99
0521-1880,BOOM MAT 12X12 1/2,20.95
0521-2072,"MOUNT FLAG FOR 3/4"" ",31.99
0521-2073,"FLAGPOLE BLK, LED ",189.99
0521-2074,"MOUNT FLAG FOR 1/2"" ",40.99
0521-2142,"FLAG POLE 12"" WITH 6"" X ",46.99
0521-2143,"FLAG POLE 12"" WITH 6"" X ",46.99
0560-0031,PROTECTION KIT ADV,869.04
0601-1442,FATBAR HANDLEBAR,134.95
0601-1965,FAT BAR KTM OEM BLK,134.95
0601-3130,HANDLEBAR PRARE 14-17,449.95
0601-5194,HANDLEBAR BRO BAR,469.95
0602-0442,RISER 5 ROX PIVOT ELITE,149.95
0602-0906,RISER 1-1/8 BAR+1.5 SLV,140.95
0602-0908,RISER INDIAN 2 INCH ANO,150.95
0602-1455,PIVOT RISER INDIAN,128.95
0610-1965,COVER MASTER CYL FIN,59.95
0610-2136,LEVER SET JOURNEY IND,315.95
0610-2140,LEVER SET ANTHEM IND,315.95
0610-2141,LEVER SET ANTHEM IND,315.95
0610-2142,LEVER SET ANTHEM IND,348.95
0610-2276,LEVER SET IND ANTH PRO,370.95
0610-2277,LEVER SET IND ANTH PRO,370.95
0610-2351,LEVER SET IND JOURNEY,315.95
0610-2353,LEVER SET IND ANTHEM,315.95
0610-2356,LEVER SET IND ANTHEM,315.95
0613-0690,LEVER CLUTCH RC2,129.95
0613-1879,LEVER FXL CLUTCH BMW,144.99
0613-1940,LEVER CLUTCH SCOUT,121.95
0613-1941,LEVER CLUTCH SCOUT,131.95
0614-0577,LEVER BRAKE RC2,129.95
0614-1585,LEVER FXL BRAKE BMW,144.99
0614-1632,LEVER FXL BRAKE BLK,171.59
0614-1723,LEVER BRAKE SCOUT BLK,121.95
0614-1724,LEVER BRAKE SCOUT,131.95
0615-0197,BRACKET CLTCH CHR14-,50.83
0630-0343,"GRIPS,PG838 BLU/BLK ",17.95
0630-0358,GRIP COV 1.25-1.45OD/4.,11.95
0630-0608,GRIPS ROAD CONTROL,12.99
0630-0717,GRIP GRIPPY RED OPEN,17.99
0630-0879,GRIPS RUFFIAN STREET,12.95
0630-0880,GRIPS RUFFIAN STREET,12.95
0630-1219,GRIPS VELVET AIR TB,91.95
0630-1497,GRIP AIRCUSH IND BOSS,96.95
0630-1537,"GRIPS GT GOLDEN OIL 1""",6.92
0630-2344,"GRIPS RENEGADE 1"" ",19.95
0630-2354,"GRIPS ODI VANS 7/8"" BLK",19.95
0630-2566,GRIP AIR CUSH CHR,96.95
0630-2573,GRIP CC ANO IND 18+,80.95
0630-2691,GRIP ODI VTWIN BK/BK,75.95
0630-2697,GRIP ODI INDIAN BK/BK,75.95
0630-2862,VTWIN HART LUCK BK/RD,75.95
0630-2866,VTWIN HART LUCK BK/RD,75.95
0630-2867,VTWIN HART LUCK BK/SIL,75.95
0630-3048,VANS  GRIP INDIAN,75.95
0630-3049,VANS  GRIP INDIAN,75.95
0630-3053,VANS GRIP INDIAN,79.95
0630-3222,RENTHAL MX-R WORKS,39.95
0630-3252,GRIP KNURLED TBW ALL,89.95
0630-3346,GRIPS VANS V2.1 LOCK,33.95
0630-3386,GRIP DIAMOND TBW,99.95
0630-3398,GRIPS RUFFIAN LOCK ON,75.95
0630-3569,GRIP UNIV LOCK-ON,22.95
0631-0223,GRIP HEATED AC CHR,267.95
0632-0747,LOCK THROTTLE,57.95
0632-0748,LOCK THROTTLE BLK ANO,57.95
0632-0749,LOCK THROTTLE,57.95
0632-0850,FUSION TUBE VTWIN 84+,69.95
0635-0745,GUARD HAND SM X-,149.95
0635-2301,MS HAND GUARDS CHIEF,89.95
0636-0019,Drink Holder - Perch Mount -,74.99
0636-0021,"Drink Holder - 7/8"" & 1"" ",74.99
0636-0023,"Drink Holder - 1-1/4"" ",74.99
0636-0084,"Drink Holder - 7/8"" - 1"" ",74.99
0636-0086,"Drink Holder - 1-1/4"" ",74.99
0636-0119,KIT XGRIP TCLAW .625-,75.95
0636-0128,KIT LEVEL CUP TOUGH,42.95
0636-0300,CASE SPC+ S22,44.99
0636-0305,CASE SPC+ S21 ULTRA,44.99
0636-0313,MOUNT SPC+ UNIV,29.99
0636-0314,CASE SPC+ UNIVERSAL M,29.99
0636-0317,CLAMP SPC+ UNIVERSAL,29.99
0636-0318,CLAMP SPC+ UNIV CHAR,89.99
0636-0337,MOUNT HANDLEBAR PV3,88.88
0636-0415,MOUNT DRINK HOLDER,59.99
0636-0519,ACCESSORY MOUNT FOR,39.99
0636-0525,CASE PHONE SPC+,44.99
0636-0551,REDUCER RING CIRO,19.99
0636-0552,REDUCER RING CIRO BIG,19.99
0636-0582,HOLDER DRINK GEN 2,92.99
0636-0584,HOLDER DRINK GEN 2,92.99
0636-0585,HOLDER DRINK GEN 2,92.99
0636-0589,HOLDER DRINK GEN 2,92.99
0636-0590,HOLDER DRINK GEN 2,92.99
0636-0591,HOLDER DRINK GEN 2,92.99
0636-0595,HOLDER DRINK BIG ASS,99.99
0636-0596,HOLDER DRINK BIG ASS,99.99
0636-0597,HOLDER DRNK BIG ASS,99.99
0636-0598,HOLDER DRNK BIG ASS,99.99
0636-0599,HOLDER DRINK BIG ASS,59.99
0636-0600,HOLDER DRINK BIG ASS,99.99
0636-0601,HOLDER DRINK BIG ASS,99.99
0636-0602,HOLDER DRNK BIG ASS,99.99
0636-0697,CASE PHONE SPC+,44.99
0640-0121,MIRROR HINDSIGHT LS L,84.95
0640-0521,MIRROR HINDSIGHT LS R,84.95
0640-0523,MIRROR ARROW BAR END,124.95
0640-0929,MIRROR PU 7/8 BAR END,22.21
0640-0932,MIRROR PU 7/8 BAR END,27.51
0640-1005,MIRROR HINDSIGHT EXO,94.95
0640-1006,MIRROR HINDSIGHT EXO,94.95
0640-1786,MIRROR GT STRATOS B,190.55
0641-0013,MIRROR ADAPTER,24.95
0641-0015,MIRROR GLASS KIT,12.5
0641-0162,MIRROR ADAPTER,24.95
0652-1970,CABLE CLUTCH IND,99.37
0652-1973,CABLE CLUTCH IND BLK,78.71
0652-1975,CABLE CLUTCH IND S/S,103.38
0652-3248,CABLE CLUTCH BLACK,78.7
0654-0029,"CABLE,CHOKE,7.3125""",26.45
0662-0456,CABLE KIT MN STOCK,0
0703-0438,CAP FUEL V3 BLACK KIT,154.95
0706-0246,FUEL LINE MSE 1/4 3FT,11.95
0707-0006,"FUEL FILTER 3/8"" ",63.95
0712-0094,"OIL FILTER, HONDA/KAW",13.21
0712-0148,OIL FILTER KTM,11.99
0712-0301,OIL FILTER INDIAN,9.37
0712-0433,OIL FILTER HF138 RACING,10.5
0712-0438,OIL FILTER HF303 RACING,10.5
0712-0478,OIL FILTER RACE HD CHR,13.76
0712-0479,FILTER OIL BLK INDIAN,12.55
0712-0503,OIL FILTER INDIAN H-D XG,8.74
0712-0550,OIL FILTER,19.99
0801-0832,SEAT TOURING LARGE,595.95
0801-1457,SEAT KICKFLIP BW 97-07,560
0801-1460,SEAT KICKFLIP PT 97-07,583
0802-1367,SEAT PREDIII DDSLVR,444.95
0807-0095,CUSHION AIRHAWK2 MED,99
0807-0097,CUSHION AIRHAWK2 SM,89
0807-0166,CUSHION AIRHAWK R,99
0807-0167,CUSHION AIRHWK R,99
0810-0499,SEAT 2PC DBR WD VIN,"1,125.00"
0810-1605,SEAT LOPRODBR VEGAS,679.95
0810-1607,SEAT LOPRODBR VEGAS,632.95
0810-2023,SEAT RIDER LOW IST,433.95
0810-2030,PILLION W/AIR R1200GS,399.95
0810-2202,SEAT GP-V1 FTR1200,446
0810-2263,SEAT PREDIII DDIA SLV,541.95
0810-2270,SEAT PREDIII FRW DDIA,525.95
0810-2271,SEAT PREDIII FRW DDIA,542.95
0810-2273,SEAT LOW PROFILE,549.95
0810-2274,SEAT LOW PROFILE,624.95
0810-2383,SEAT SOLO TOUR CHIEF,479
0810-2384,SEAT PILLION TOUR,329
0810-2460,SEAT PREDATOR 3 FWP,459.95
0925-1369,CAMS SCOUT INDIAN -,851.95
0932-0133,PUMP OIL 92-99 UNIV.,445.95
0934-4631,GASKET PRIMARY 94-,52.95
0934-6789,GASKET DERBY RUB 07-,8.95
1003-0257,INLET GAS 76-06KEIHN,11.72
1003-0292,REBUILD KT CARB 88-,29.91
1003-0293,REBUILD KT CARB 42 MIK,62.01
1003-0491,REPAIR KIT ECONO CARB,29.95
1003-1272,CARB KIT HARLEY 1200,132.58
1007-0526,JETKIT SUZ DRZ400S/SM,133.32
1010-2746,AIRCLEANER VISION CV,664.95
1010-3269,AIR CLEANER INDIAN KIT,439.95
1011-2880,AIR FILTER BMW K1600 GT,102.99
1011-3117,AIR FILTER DUC,106.99
1011-4628,AIR FILTER KTM,38.95
1011-4706,AIR FILTER PREOLED YAM,19.95
1012-0162,BOLTS BREATHER EVO,24.56
1020-4051,PV4 INDIAN,522.21
1020-4156,PV-3 INDIAN TS111/116,588.88
1030-0068,FUEL CAN REDA SINGLE,49.95
1050-0039,SENSOR MAP OEM 32316-,81.27
110-10120,TOURANCE 130/80H17 TL,222.22
110-10124,TOURANCE 100/90H19 TL,219.65
110-11278,TOURANCE 110/80VR19,216.07
110-11279,TOURANCE 150/70VR17,255.03
110-5124,ME77R 400H18 T/L,262.27
1120-0283,CHAIN PRIMARY 428-2 X,169.55
1120-0448,TENSIONER KT PRMY BT,117.61
1120-0472,PRIMARY CHAIN,59
1130-0824,CLUTCH RADIUSCX 4.0,"1,549.00"
1130-0830,CLUTCH RADIUSCX 4.0,"1,549.00"
1131-1823,CLUTCH KIT COMPLETE,263.88
1131-3501,CLTCH PK TQD BMW,769
1131-3909,CLUTCH PLATE KIT,306.32
1131-3910,CLUTCH EXTRA PLATE KIT,315.5
1132-1529,CABLE CLUTCH XR SS,107.95
1132-1546,CABLE CLUTCH XRBLK,95.95
1132-1557,CABLE CLUTCH XRBLK,117.95
1140-0685,CLUTCH REBUILD KIT,219.99
1210-0071,"SPROCKET, RR KAW 39T",34.45
1210-0081,"SPROCKET, RR TRIUMP ",41.75
1210-0553,SPROCKET VORTEX 454S-,57.95
1210-0565,SPROCKET VORTEX 527S-,63.95
1210-0639,SPROCKET RR BMW GS,34.38
1210-1453,SPROCKET DUC STEEL,33.38
1211-0326,SPROCKET CARRIER,110.2
1211-2782,SPROCKET RR,103.95
1212-0193,SPROCKET C/S APR 16T,25.13
1212-0419,SPROCKET VORTEX 2910-,34.95
1212-0684,SPROCKET C/S GSX/R 18T,17.68
1212-2010,SPRCKT C/S DUC 16T,24.95
1221-0275,CHAIN DID 520ERT3 X 120,181.5
1222-0381,CHAIN DID 520VO X 106,110
1222-0566,CHAIN DID 530 VO X 108,168.16
1222-0569,CHAIN DID 530 VO X 114,177.5
1223-0566,CHAIN 3D 525Z X 120 BLK,425.95
1223-0994,CHAIN 530MAX-X X 120,212.84
1223-1006,CHAIN 530MAX-X X 150,266.03
1223-1058,CHAIN X-RING 520 X 110,86.97
1223-1070,CHAIN X-RING 525 X 116,108.8
1223-1406,CHAIN DID 520VX3 X 110,163.83
1223-1458,CHAIN DID 525VX3 X 110,219.5
1223-1661,CHAIN,323.53
1223-1930,CHAIN RK BL525ZXW-120,299.14
1224-0175,CHAIN 525ZRA X 124,201.95
1224-0232,CHAIN 525HPE X 122,451.95
1224-0233,CHAIN 525HPE X 124,458.95
1225-0243,LINK CONN 520X1RGB,4.77
1225-0728,LINK DID 520VO G&B,13.16
1225-0733,LINK CONN 525Z B RIVET,13.95
1230-1616,CHAIN KIT SUZ GSX1300R,339.3
1303-0016,SWINGARM SPOOL BLK,24.95
1303-0073,SWINGARM SPOOL BLK,24.95
1303-0162,SPOOLS D-AXIS 8MM,41.99
1304-0899,LOWERING KIT BK,63.95
1342300,SPORT DEMON 150/80V16,313.63
1402-0436,FENDER FRONT,359.95
1402-0437,FENDER FRONT HENRY,359.95
1510-0344,RACK REAR VERS1000,97
1510-1256,REAR RACK BMW,187
1620-1856,FOOTPEG MUSH 18-19ST,239.95
1620-2164,FOOTPEGS MSHMN M8,239.95
1620-2218,"REST TOE F/1.25"" BAR ",99.99
1620-2219,"REST TOE F/1.25"" BAR BLK",99.99
1620-2549,FOOTPEGS RGK TECH-X,291.65
1621-0996,FLOORBOARDS MX PA,349.95
1621-1238,FLOORBOARDS,429.95
1623-0230,REARSETS AS31GT SUZ,678.64
1623-0399,REAR SET ZX10R,514.95
1623-0527,REARSETS FXR BMW BLK,768.44
1623-0548,REAR SET BMW S1000RR,514.95
1706-0166,2' TRNK/TRLR EXTENSION,10.73
1710-1218,BRAKE ROTOR EBC,220
1711-2021,BRAKE ROTOR REAR,136.95
1720-0280,BRAKE PAD - DRAG,13.95
1721-0185,BRAKE PAD SINT,45.03
1721-0465,BRAKE PAD EBC FA400HH,47.88
1721-0647,BRAKE PAD EBC FA419HH,47.88
1721-0876,BRAKE PAD EBC,92.64
1721-1010,BRAKE PAD EBC ST,47.88
1723-0453,BRAKE SHOES SBS 2052,93.45
1731-0145,MASTER CYL RR CHR 86-,173.2
1741-6176,BRAKELINE UPPR INDIAN,138.95
1741-6177,BRAKELINE UPPR INDIAN,138.95
1741-6178,BRAKELINE UPPR INDIAN,138.95
1741-6198,BRAKELINE UPPR INDIAN,146.95
1742-0415,BYO BRAKE KIT DELUXE,588.95
1800-0756,EXHAUST PP HP 95-06,898.95
1800-1361,EXHAUST B4 95-16FL BLK,"1,209.95"
1801-1533,"MUFFLERS 3""BLK.TS.SC",749.95
1801-1765,MUFFLER SLSH IND. 14+.,871.95
1801-1840,"MUFFLERS 4.5"" S/O BLACK ",907.45
1810-2353,EXHAUST 2-1 SHRT,"1,040.55"
1810-2562,EXHAUST SS/CF G310,759.95
1810-2662,EXHAUST RAC S1000RR,"1,883.95"
1810-2663,EXHAUST EVO S1000RR,"2,495.95"
1810-2779,EXHAUST RR 2-1 CHLNGR,"1,451.95"
1810-2898,EXHAUST EVO TI/TI,"3,241.95"
1810-2899,EXHAUST RAC SS/TI,"2,421.05"
1810-3211,EXHAUST QUALIFIER 2:1,"1,746.95"
1811-3329,MUFFLER TI S1000R 2017,898.95
1811-3365,MUFFLER BLK TI R1200R,"1,250.96"
1811-3397,"MUFFLERS 3"" BLK SCOUT ",604.95
1811-3429,"MUFFLERS MAV 2.5""",540.99
1811-3703,MUFFLER BLACK TI BMW,"1,690.95"
1811-3711,MUFFLER TI BMW,"1,332.95"
1811-3738,MUFFLER CF S1000RR,"1,334.95"
1811-3739,MUFFLER TI S1000RR,960.95
1811-4056,AKRAPOVIC MUFFLER CF,"1,552.95"
1811-4229,MUFFLERS DC INDIAN,771.95
1811-4231,MUFFLERS NH INDIAN,521.95
1811-4232,MUFFLERS NH INDIAN,544.95
1811-4233,MUFFLERS DC INDIAN,771.95
1811-4301,MUFFLERS TI,"3,235.95"
1811-4321,"MUFFLER 4.5""WAR ",599.95
1811-4470,"MUFFLER 4""AFT-CAT B ",769.95
1811-4499,MUFFLER LV CORSA,351.95
1811-4519,MUFFLER SLIP-ON GRAND,922.95
1811-4628,MUFFLER TI BMW,"1,172.95"
1811-4629,MUFFLER TI BMW,"1,494.95"
1811-4639,MUFFLER LV-10 SS,362.95
1811-4676,MUFFLER BMW R NINE T /,"1,301.95"
1811-4677,MUFFLER S/O GRAND,469.95
1811-4722,MUFFLERS TI DUCATI,"1,274.95"
1811-4806,MUFFLERS TI BMW K1600,"2,705.95"
1811-4852,MUFFLER CARBON BMW,"1,409.95"
1811-4887,MUFFLER TI BLACK BMW,"1,197.95"
1812-0238,HEADPIPES SS S1000XR/R,"1,251.75"
1812-0400,HEADER SS S1000RR,"1,647.95"
1812-0401,HEADER TI S1000RR,"2,200.95"
1812-0472,HEADER TI INDIAN,"1,608.95"
1812-0473,LINK PIPE SS IND FTR1200,269.95
1812-0485,HEADER SS S1000XR 20,"1,324.95"
1812-0486,HEADER TI S1000XR 20,"2,632.95"
1812-0528,HEADPIPES SS R1250GS,"1,726.95"
1812-0601,HEADER TI BMW M1000RR,"2,869.95"
1812-0625,LINK PIPE DUCATI 800,342.95
1860-2480,REDUCTION CONE KIT,34.95
1861-1108,ADAPTER 02 SENSR,15.95
1861-1454,"ENDCAP 4.5"" TURBINE",133.95
1861-1456,"ENDCAP 4.5"" EDGE BLACK",133.95
1861-1620,HEAT SHIELD CF G 310,133.05
1861-1766,HEAT SHIELD CARBON,156
1861-1849,"HEAT SHIELD LINER, ",74.95
1902-1543,RADIATOR HOSE KIT SUZ,342.95
2-435042,REAR SPRKT KAW H525,57.95
2001-1825,"LAMP PROBEAM IND 7"" ",459.95
2001-1826,"LAMP PROBEAM IND 7"" ",459.95
2001-2410,"HEADLAMP 7""ADPTV CHR ",699.95
2001-2848,MOUNT LIGHT 50-60MM,150.05
2010-1343,TRIM TAIL LIGHT IND BLK,44.99
2020-1279,T-SIGNAL R/LED RED,125.95
2020-1741,SIGNAL PB IND RINGS,199.95
2020-1746,SIGNAL PB IND 24RED,179.95
20207,PLEXUS PLASTIC CLEAN 7,32.95
20214X,PLEXUS PLASTC CLEAN,39.95
2030-0010,BOLT LICENSE 100PK,1.03
2030-0860,MOUNT LIC PLT SHOCK,59.95
2030-1580,LIGHT LED TAG BOLTZ,18.95
2040-0952,LIGHT TRUWRAP 41MM,109.95
2040-1496,LIGHT TRUWRAP DUAL,109.95
2040-2169,LIGHT BON IND FLEX2,17.95
2040-2170,LIGHT WIZARD BONNET,29.95
2040-2693,LIGHT BAGZ REDLENS,199.95
2040-2694,LIGHT BAGZ SMKLENS,199.95
2040-2695,LIGHT BAGZ REDLENS,199.95
2040-2696,LIGHT BAGZ SMKLENS,199.95
2040-3136,LIGHT SADDLEBAG RED,329.99
2040-3138,LIGHT SADDLEBAG,239.99
2040-3202,LIGHT LOW PROFILE,219.95
2040-3228,LIGHTS LOWER FAIRING,279.99
2040-3252,LIGHTS SADDLEBAG RED,239.99
2040-3399,LIGHT SPAR SIDE,254.99
2050-0230,REMOTE MAGICAL WIZAR,59.95
2050-0260,MODULE RUN/BRK/TURN,124.95
2050-0291,MODULE ILLIMINATOR,124.95
2050-0319,MODULE 3PLAY INDIAN,99.95
2050-0453,MODULE MAGIC STRB,69.95
2050-0454,MODULE MAGIC STRB,69.95
2050-0499,CONTROLLER CIRO,58.99
2101-0031,DYNA 2000I IGN-TWIN,486.66
2103-0188,NGK SPARK PLUG,14.95
2103-0195,SPARK PLUG NGK MAR9A-,27.95
2103-0231,SPARK PLUGS IRIDM,33.87
2103-0290,SPARK PLUG NGK,19.95
2103-0302,SCOUT NGK MR7F,12.95
2103-0343,SPARK PLUG NGK,26.95
2103-0370,SPARK PLUG NGK,24.95
2103-0391,SPARK PLUG NGK,34.95
2103-0573,SPRK PLUG LZMAR8AI-10,23.95
2107-0337,HORN SOUND BOMB,85.39
2112-0783,REGULATOR BT 89-99 BLK,84.48
2112-1062,REGULATOR BT 89-99 BLK,145.47
2113-0015,BATT YTX20CH-BS .82,176.95
2113-0102,BATTERY YIX30L-BS 1.4,222.95
2113-0176,BATTERY YB12AL-A2,56.91
2113-0282,BATTERY GYZ20L,210.95
2113-0296,BATTERY GYZ16H,193.95
2113-0360,BATTERY YT19BL-BS,206.95
2113-0616,BATTERY BS 51913,167.88
2113-0619,BATTERY BS BT7B-4 (FA),78.44
2113-0623,BATTERY BS BT12B-4 SLA,96.59
2113-0624,BATTERY BS BTZ14S (FA),162.9
2113-0632,BATTERY BS BTX12 (FA),108.7
2113-0633,BATTERY BS BTX14 (FA),108.61
2113-0637,BATTERY BS BTX14AH,108.61
2113-0638,BATTERY BS BTX20H SLA,144.75
2113-0639,BATTERY BS BTX20CH,132.74
2113-0640,BATTERY BS BTX20HL,150.89
2113-0756,BATTERY FA YTX12,158.95
2113-0758,BATTERY YTX14AH,159.95
2113-0761,BATTERY FA YTX20,162.95
2113-0770,BATTERY YTX20CH FA,204.95
2113-0776,BATTERY GYZ20H-A,239.95
2113-0785,BATTERY LITHIUM BSLI03,192.11
2113-0786,BATTERY LITHIUM BSLI04,225.96
2113-0787,BATTERY LITHIUM BSLI05,233.32
2113-0862,BATTERY BS BTX12-BS,96.59
2113-0873,BATTERY BS BTX20L-BS,132.74
2113-0874,BATTERY BS BTX20HL-BS,132.74
2113-0875,BATTERY BS BTX20CH-BS,150.89
2113-0911,BATTERY BS,138.87
2113-0920,BATTERY BS BTX16H,109.95
2113-0936,BATTERY BS BGZ16HL,169
2113-0937,BATTERY BS BGZ16H SLA,169
2113-0940,BATTERY LITHIUM BSLI-10,282.95
2113-0979,BATTERY BTX20HL-PW,122.72
2113-0987,BATTERY BS BGZ20HL,189.95
2113-0990,BATTERY GYZ20HLA,239.95
2120-0890,WIRE Y CONN RR END LT,24.99
2120-1166,SPLITTER 4WAY REAR,46.99
2120-1203,"WIRE KIT EXT 15"" INDIAN",104.95
2120-1214,PANEL MOUNT USB-C,27.95
2120-1244,ADAPTER WIRING CIRO,34.99
2120-1382,CONTROLER DIALDIM,341.59
2130-0373,2-PORT USB ACCESSORY,29.95
2130-0396,ADAPTER SAE FEMALE,11.99
2130-0409,CONTROLLER 12V TO,49.99
22-1032,STEERING STEM,30.98
2211-0189,GAUGE SPEEDO R NINE T,498.77
2301-2759,WSCRN RACE DUC C/DK,115.95
2301-2798,WSCRN RACE YAM C/BLK,133.76
2301-2812,WSCRN TOUR BMW,144.44
2301-3024,WSCRN TOUR DK SMK,185.75
2312-0259,FLARE W/S CHIEF TALL TN,239.95
2312-0260,"Flare Windshield - 12"" - Tall - ",239.95
2312-0481,WINDSHIELD FLR IND CH,279.95
2312-0506,WINDSHIELD FLR CHLGR,249.95
2312-0528,WSCRN RACE F750GS,144.44
2312-0536,WSCRN N GEN FTR1200 D,152.1
2312-0537,WSCRN N GEN FTR1200,144.86
2312-0835,"WINDSHIELD FLR 11"" T ",279.95
2312-0836,Flare Windshield - Dark,279.95
2312-1511,WINDSHIELD CHIEFTAIN,279.95
2312-1512,WINDSHIELD CHIEFTAIN,279.95
2312-1525,WINDSHIELD CHIEFTAIN,279.95
2312-1526,WINDSHIELD CHIEFTAIN,279.95
2313-0323,WNDSHLD TOURING I CLR,167.17
2317-0360,WINDSHIELD FLFLNG,417.95
2317-0435,WINDSHIELD FLD POLY,420.99
2317-0462,WNDSHLD FLFDING DLX,375.95
2331-0201,FAIRING FXRP KIT,"1,820.95"
2501-3460,HAT ANGLE VELO BLUE,27.95
2501-3461,HAT ANGLE VELO RED,27.95
2601-3045,GOGGL CMBT RACR YTH,21.95
2601-3047,GOGGL CMBT RACR YTH,21.95
2601-3050,GOGL CMBT RCR YTH,21.95
2610-1016,SUNGLASS CAPONE,29.98
2610-1342,Gears Sunglasses - Matte,34.5
2610-1346,SUNGLASS SPARK GY/PL,29.5
2610-1347,Spark Sunglasses - Matte,29.5
2610-1353,Pit Stop Sunglasses - Matte,29.5
2610-1356,Emler Sunglasses - Matte,29.5
2610-1360,SUNGLSS FF4CLR FOAM,19.95
2610-1364,SUNGLSS FF4SMK FOAM,19.95
2610-1365,SUNGLSS FF4SMK FOAM,19.95
2610-1366,SUNGLSS FF4SMK FOAM,19.95
2610-1374,SUNGLSS FF4 SMOKE,19.95
2610-1376,SUNGLSS FF5 SMOKE,19.95
2610-1377,SUNGLSS FF5 SMOKE,19.95
2610-1379,SUNGLSS FF5 SMOKE,19.95
2610-1381,SUNGLSS FLOATING,59.95
2701-1145,ROOST GRD A10 V2 B/R,299.95
2701-1384,A-5 PLASMA CHEST PRO,229.95
2701-1426,TECH-AIR 5 PLASMA BLK,869.95
2701-1427,TECH-AIR 5 PLASMA BLK L,869.95
2701-1428,TECH-AIR 5 PLASMA BLK,869.95
2701-1431,TECH-AIR 5 PLASMA BLK,869.95
2701-1451,TECH-AIR 3 V2 CANVAS,699.95
2701-1520,TECH AIR MX SYSTEM -,699.95
2701-1521,TECH AIR MX SYSTEM -,699.95
2701-1522,TECH AIR MX SYSTEM -,699.95
2701-1523,TECH AIR MX SYSTEM - XL,699.95
2702-0227,BACK PRO NUC KR-CELLI,69.95
2702-0228,BACK PRO NUC KR-CELLI,69.95
2702-0229,BACK PRO NUC KR-CELLI,69.95
2708-0004,EARPLUGS MOTOSAFE,22.99
2708-0009,EARPLUGS MOTOSAFE,19.99
2708-0010,EARPLUGS MOTOSAFE,19.99
2708-0011,EARPLUGS MOTOSAFE,29.99
2810-4089,GP PLS V4 RDKNT LTHR,699.95
2811-0598,PANTS TRACK V2 BK 50,749.95
2811-0648,PANTS MISSILE V3 A BB,579.95
2820-4377,JACKET T-FASTER BK/BK,169.95
2820-4391,JACKET T-FASTER BK/YL,169.95
2820-4829,JACKET VIPER V2 B/W XL,199.95
2820-4977,JKT/HOODIE CHROME BK,229.95
2820-4978,JKT/HOODIE CHROME BK,229.95
2820-4979,JKT/HOODIE CHROME BK,229.95
2820-5225,JACKET T-SPS WP BK L,229.95
2820-5227,JACKET T-SPS WP BK 2X,229.95
2820-5249,JACKET TGP+R AIR V3B/B,269.95
2820-5642,JACKET T-AST V2 BR S,229.95
2820-5644,JACKET T-AST V2 BR L,229.95
2820-5649,JACKET T-AST V2 BY S,229.95
2820-5650,JACKET T-AST V2 BY M,244.95
2820-5848,JKT T SP-5 RK B/BL M,319.95
2820-5850,JKT T SP-5 RK B/BL XL,319.95
2820-5854,JKT T-SPX SUPERAIR BB S,239.95
2820-5855,JKT T-SPX SUPERAIR BB,239.95
2820-5856,JKT T-SPX SUPERAIR BB L,239.95
2820-5857,JKT T-SPX SUPERAIR BB,239.95
2820-5858,JKT T-SPX SUPERAIR BB,239.95
2820-5859,JKT T-SPX SUPERAIR BB,239.95
2820-5861,JKT T-SPX SUPERAIR BR,239.95
2820-5862,JKT T-SPX SUPERAIR BR,239.95
2820-5863,JKT T-SPX SUPERAIR BR L,239.95
2820-5864,JKT T-SPX SUPERAIR BR,239.95
2820-5868,JKT T-SPX SUPERAIR B S,239.95
2820-5869,JKT T-SPX SUPERAIR B M,239.95
2820-5870,JKT T-SPX SUPERAIR B L,239.95
2820-5871,JKT T-SPX SUPERAIR B XL,219.95
2820-5872,JKT T-SPX SUPERAIR B 2X,239.95
2820-5873,JKT T-SPX SUPERAIR B 3X,239.95
2820-5875,JKT T-SPX SUPERAIR BBL,219.95
2820-5876,JKT T-SPX SUPERAIR BBL,219.95
2820-6031,JACKET BOGOTA PRO B/B,494.95
2820-6032,JACKET BOGOTA PRO B/B,494.95
2820-6051,JACKET BOGOTA PRO O/Y,494.95
2820-6098,JKT 4W BOGOTA DS,494.95
2820-6099,JKT 4W BOGOTA DS,494.95
2820-6293,JKT T-SPX SUPERAIR GBY,239.95
2820-6304,JKT T-AST V2 BWR 3XL,244.95
2820-6620,JACKT T-GP+R V4 AIR BK,319.95
2820-6621,JACKT T-GP+R V4 AIR BK,319.95
2820-6622,JACKT T-GP+R V4 AIR BK,319.95
2820-6630,JACKT T-GP+R V4 AIR B/W,319.95
2820-6632,JACKT T-GP+R V4 AIR B/W,319.95
2820-6659,JACKT T-GP+R V4 AIR BK,319.95
2820-6773,JACKT T-GP+R V4 AIR,319.95
2820-7098,JACKET/HOODIE CHROME,249.95
2820-7099,JACKET/HOODIE CHROME,249.95
2820-7100,JACKET/HOODIE CHROME,249.95
2820-7103,JACKET/HOODIE CHROME,249.95
2820-7104,JACKET/HOODIE CHROME,249.95
2820-7105,JACKET/HOODIE CHROME,249.95
2820-7126,JACKET T-SPS AIR V2,219.95
2820-7186,JACKET MOGRESS AIR,309.95
2821-1318,PANT MESH AF CE BK 2X,160
2821-1374,PANT PDX3 CE BK 2X,140
2821-1419,PANT BOGOTA DS B/B XL,299.95
2821-1485,PANT COPPER V3 BLK 30,284.95
2821-1666,PANT C-1 AIR BLACK XL,189.95
2822-1414,JKT 4W T-KIRA V2 B/G XL,229.95
2822-1460,JACKET 4W ELOISE BB S,229.95
2822-1461,JACKET 4W ELOISE BB M,229.95
2822-1462,JACKET 4W ELOISE BB L,229.95
2822-1463,JACKET 4W ELOISE BB XL,229.95
2822-1991,HOODIE 4W CHRM,264.95
2823-0375,PANT 4W BOGOTA DS B/B,344.95
2823-0376,PANT 4W BOGOTA DS B/B,344.95
2823-0377,PANT 4W BOGOTA DS B/B,344.95
2830-0334,HYBRID REPLACEMENT,133.95
2850-0024,RAINSUIT HURRICANE BL,144.95
2850-0025,RAINSUIT HURRICANE BL,144.95
2850-0026,RAINSUIT HURRICANE BL,144.95
2850-0027,RAINSUIT HURRICANE BL,144.95
2850-0028,RAINSUIT HURRICANE BL,139.95
2850-0046,RAINSUIT HURRICANE V2,154.95
2850-0047,RAINSUIT HURRICANE V2,154.95
2850-0049,RAINSUIT HURRICANE V2,154.95
2850-0050,RAINSUIT HURRICANE V2,154.95
2850-0052,RAINSUIT HURRICANE V2,154.95
2850-0054,RAINSUIT HURRICANE V2,154.95
2850-0055,RAINSUIT HURRICANE V2,154.95
2850-0056,RAINSUIT HURRICANE V2,154.95
2854-0395,JACKET RAIN HURRICANE,84.95
2854-0396,JACKET RAIN HURRICANE,84.95
2854-0397,JACKET RAIN HURRICANE,84.95
2854-0398,JACKET RAIN HURRICANE,84.95
2855-0380,PANT HURRICANE BK L,67.95
2855-0381,PANT HURRICANE BK XL,67.95
2855-0679,PANT RAIN HURRICANE,59.95
2855-0680,PANT RAIN HURRICANE,59.95
2855-0681,PANT RAIN HURRICANE,59.95
2855-0682,PANT RAIN HURRICANE,59.95
2855-0684,PANT RAIN HURRICANE,59.95
28901,SUPER M INJ OIL LITER,19.99
3019-23,D402 MU85B-16 WWW,372.95
3022-91,D402 MT90-16 WWW,314.95
3030-13758,TEE AGELESS B/W M,24.95
3030-13760,TEE AGELESS B/W XL,24.95
3030-13761,TEE AGELESS B/W 2XL,24.95
3030-16857,TEE AGELESS GY/BK M,24.95
3030-16859,TEE AGELESS GY/BK XL,24.95
3030-16860,TEE AGELESS GY/BK 2X,24.95
3030-17717,TEE AGELESS BK/RD M,24.95
3030-17719,TEE AGELESS BK/RD XL,24.95
3030-17720,TEE AGELESS BK/RD 2X,24.95
3030-17873,TEE AGELESS RD/WH M,24.95
3030-17874,TEE AGELESS RD/WH L,24.95
3030-17876,TEE AGELESS RD/WH 2X,24.95
3030-18837,TEE INDULGENT GY M,22.95
3030-22161,TEE AGELESS FADE NAV,23.95
3030-22163,TEE AGELESS FADE NAV,23.95
3030-23186,TEE AGELSS CLASS NV/,24.95
3030-23187,TEE AGELSS CLASS NV/,24.95
3030-23188,TEE AGELSS CLASS NV/,24.95
3030-23189,TEE AGELSS CLASS NV/,24.95
3030-9540,TEE AGELESS WT/BK M,24.95
3030-9542,TEE AGELESS WT/BK XL,24.95
3030-9543,TEE AGELESS WT/BK 2X,24.95
3050-6712,MFLW AIR TECH HOODIE,299.95
3050-6713,MFLW AIR TECH HOODIE,299.95
3050-6714,MFLW AIR TECH HOODIE,299.95
3050-6718,MFLW AIR TECH HOODIE,299.95
3050-6719,MFLW AIR TECH HOODIE,299.95
3050-6720,MFLW AIR TECH HOODIE,299.95
3050-6721,MFLW AIR TECH HOODIE,299.95
32KY-40,D404 130/90H16 FRONT,179.95
3301-2994,GLOVE SMX-2 AC BK S V2,109.95
3301-2995,GLOVE SMX-2 AC BK M V2,109.95
3301-2996,GLOVE SMX-2 AC BK L V2,109.95
3301-2997,GLOVE SMX-2 AC BK XL,109.95
3301-2998,GLOVE SMX-2 AC BK 2X,109.95
3301-3166,GLOVE SMX1 AIR V2 BK S,79.95
3301-3167,GLOVE SMX1 AIR V2 BK M,79.95
3301-3168,GLOVE SMX1 AIR V2 BK L,79.95
3301-3169,GLOVE SMX1 AIR V2 BK,79.95
3301-3576,GLOVE SPX AC V2 BK M,159.95
3301-3577,GLOVE SPX AC V2 BK L,159.95
3301-3578,GLOVE SPX AC V2 BK XL,159.95
3301-3579,GLOVE SPX AC V2 BK 2XL,159.95
3301-3589,GLOVE SPX AC V2 B/W/R L,159.95
3301-3738,GLOVE COPPER B/W M,79.95
3301-3788,GLOVE REEF BK/REFL S,46.95
3301-3792,GLOVE REEF BK/REFL 2X,46.95
3301-3821,GLOVE REEF B/W XL,46.95
3301-4038,GLOVE CHROME B/G M,77.95
3301-4039,GLOVE CHROME B/G L,77.95
3301-4040,GLOVE CHROME B/G XL,77.95
3301-4041,GLOVE CHROME B/G 2X,77.95
3301-4074,GLOVE SP-8 V3 B/B S,124.95
3301-4075,GLOVE SP-8 V3 B/B M,124.95
3301-4076,GLOVE SP-8 V3 B/B L,124.95
3301-4077,GLOVE SP-8 V3 B/B XL,124.95
3301-4078,GLOVE SP-8 V3 B/B 2X,124.95
3301-4094,GLOVE SP-8 AIR V3 BLK M,124.95
3301-4095,GLOVE SP-8 AIR V3 BLK L,124.95
3301-4096,GLOVE SP-8 AIR V3 BLK,124.95
3301-4923,GLOVE REEF V2 BLK/BLK,59.95
3301-4924,GLOVE REEF V2 BLK/BLK,59.95
3301-4925,GLOVE REEF V2 BLK/BLK,59.95
3301-4926,GLOVE REEF V2 BLK/BLK,59.95
3301-4927,GLOVE REEF V2 BLK/BLK,59.95
3302-0630,GLOVE 4W SMX1 AIR2 BK,79.95
3302-0631,GLOVE 4W SMX1 AIR2 BK,79.95
3302-0632,GLOVE 4W SMX1 AIR2 BK,79.95
3302-0633,GLOVE 4W SMX1 AIR2 BK,79.95
3302-0712,GLOVE 4WSPX ACV2,159.95
3320-0646,GLOVE GP+R V2 BWR M,229.95
3320-0719,GLOVE GP PRO RS3 B/R L,319.95
3320-0766,GLOVE GP+ R V3 LTHR,259.95
3320-0771,GLOVE GP+ R V3 LTHR,259.95
3330-7430,GLOVE FULL BORE XT BK,49.95
3330-7431,GLOVE FULL BORE XT BK,49.95
3330-7432,GLOVE FULL BORE XT BK,49.95
3330-7433,GLOVE FULL BORE XT BK,49.95
3330-7434,GLOVE FULL BORE XT BK,49.95
3401-0534,BOOT AIR PLUS GTX BK,319.95
3401-0836,BOOT 4W SMX1R V2 BP 38,219.95
3401-0847,BOOT SMX1R V V2 BB 42,219.95
3401-0848,BOOT SMX1R V V2 BB 43,219.95
3401-0849,BOOT SMX1R V V2 BB 44,219.95
3401-0850,BOOT SMX1R V V2 BB 45,219.95
3401-0851,BOOT SMX1R V V2 BB 46,219.95
3401-0863,BOOT SMX1R V V2 BR 45,219.95
3401-0867,BOOT SMX1R V V2 BR 49,219.95
3401-0884,BOOT 4W SMX1R V V2 BK,219.95
3401-0893,BOOT 4W SMX1R V V2 BP,219.95
3401-0979,BOOT STECH BK/BK 44,649.95
3401-1057,BOOT SP-X BOA BK/BK 43,399.95
3401-1058,BOOT SP-X BOA BK/BK 44,399.95
3401-1059,BOOT SP-X BOA BK/BK 45,399.95
3401-1060,BOOT SP-X BOA BK/BK 46,399.95
3401-1068,BOOT SP-X BOA BK/SL 43,399.95
3404-1320,BOOT SMX-S BK 43,299.95
3404-1321,BOOT SMX-S BK 44,299.95
3404-1322,BOOT SMX-S BK 45,299.95
3404-1323,BOOT SMX-S BK 46,299.95
3404-1433,BOOT SMX-S WP BK/BK 48,319.95
3404-1507,BOOT SMX+ VNT BK/WT 43,539.95
3404-1518,BOOT SMX+ VNT BK/RD 43,539.95
3404-1803,BOOTS SP-X BOA,419.95
3404-1815,BOOTS SMX-6 V3 BK 43,349.95
3404-1816,BOOTS SMX-6 V3 BK 44,349.95
3404-1817,BOOTS SMX-6 V3 BK 45,349.95
3404-1818,BOOTS SMX-6 V3 BK 46,349.95
3405-1793,SHOE SEKTOR VNT BK 9.5,189.95
3405-2523,SHOE CR-X DS BCR 9.5,229.95
3405-2552,SHOE CR-X DS BYR 14,224.95
3405-2838,SHOE SP-2 BK 43,329.95
3405-2839,SHOE SP-2 BK 44,329.95
3405-2840,SHOE SP-2 BK 45,329.95
3405-2841,SHOE SP-2 BK 46,329.95
3405-3657,SHOE FASTER V4 BLK 9,199.95
3405-3659,SHOE FASTER V4 BLK 10,199.95
3405-3661,SHOE FASTER V4 BLK 11,199.95
3405-3663,SHOE FASTER V4 BLK 12,199.95
3405-3665,SHOE FASTER V4 BLK 13,199.95
3405-3690,SHOE FASTER V4,199.95
3405-3919,SHOE CRX DS,229.95
3410-3262,BOOT TECH 7,499.95
3501-1462,HOLSTER F/BOTTLE,44.95
3501-1831,PASSENGER BACK REST,96.95
3502-0274,TANKLOCK RING BF11,22
3502-0433,TANKBAG MT505 5LT,144
3502-0442,TANKBAG DAYPACK PRO,195
3502-0476,TANKRING PRO HON 5,40
3516-0234,TOP CASE B47NMLA 47L,309
3516-0235,TOP CASE B47NTMLA 47L,309
3516-0255,PLATE GIVI MONOLOCK,75
3516-0277,TAIL BAG COMMUTER SP,154.95
3516-0343,TAILBAG REARBAG PRO,340
3516-0346,TAILBAG ROADPACK PRO,215
3516-0355,TOP CASE MNT BMW F850,80.95
3516-0390,TOP CASE MNT BMW 1250,47.95
3516-0401,TAIL BAG HURR RIGGPAK,59.95
3520-0008,THIGH BAG ACCESS,69.95
3521-0247,OUTBACK RACKS,418
3540-0052,BAG GOGGLE SMALL,49.95
3570-0022,BAG WING SEAT PACK,49.99
3601-0073,MOTUL OIL 300V 15W50,33.27
3601-0074,MOTUL OIL 300V 15W50,126.8
3601-0250,OIL VTWIN 20W50 4L,46.99
3601-0366,CASTROL OIL MNERL 4T,11.95
3601-0374,OIL POWER1 4T 5W40 QT,20.61
3601-0410,OIL MAXUM4T PREM,14.99
3601-0442,LIQUI MOLY OIL STREET,13.95
3601-0622,MOTUL OIL 7100 15W50 4T,26.06
3601-0623,MOTUL OIL 7100 15W50 4T,97.78
3601-0701,OIL OFFROAD 4T 10W40,77.99
3601-0714,KIT OIL CHANGE M8 BLK,132.99
3601-0716,KIT OIL CHANGE SYN TC,107.99
3601-0718,KIT OIL CHANGE SYN XL,88.99
3601-0763,CROSS POWER 4T 10W50,23.7
3603-0031,OIL TRANS BIG TWIN 1L,17.99
3605-0040,CHAIN LUBE OFF ROAD,15.78
3605-0066,LUBE CHAIN WAX 13.5O,15.99
3605-0099,MOTUL ROAD CHAIN,45.99
3607-0020,GREASE WATERPROOF,18.99
3607-0023,GREASE WTRPRF,16.99
3608-0033,RACING SHOCK OIL 1L,22
3609-0085,MOTOREX OIL FORK,21.8
3609-0087,MOTOREX OIL FORK,21.8
3609-0127,MOTUL FORK OIL FL L/M,22.73
3609-0212,FORK OIL FL L 5W,29.26
3609-0213,FORK OIL FL L/M 7.5W,29.26
3620-0016,OIL MINERAL R-BLOOD,12.95
3703-0049,BRAKE FLUID RBF 660,35.95
3704-0017,FOAM BIO AIR FLTR,58.99
3704-0109,FORMULA 1 WHEEL&TIRE,15.95
3704-0143,BRUSH WHITEWALL TIRE,7.95
3704-0173,INSECT REMOVER 400ML,8.75
3704-0329,BIKE CLEANER 5LTR,59.99
3706-0055,FUEL TREATMENT 5-IN-1,15.95
3706-0066,DETAILER SC1 AERO,13.99
3706-0089,DETAILER SC1 AERO 4 OZ,6.99
3706-0133,DETAILER SC1 AERO 13.2,13.99
3801-0003,TOOL BELT TENSION,28.99
3801-0298,TOOL OIL FILTER CUP,7.97
3802-0035,TOOL SEALED WHEEL,563.8
3802-0059,TOOL INNER PRIM,319.5
3806-0012,TOOL CHAIN REGINA,130.95
3806-0058,TOOL CHAIN ADJ DUCATI,31.95
3807-0159,CHARGER CORD EYELET,12.95
3807-0171,CHARGER CBL EURO DIN,22.95
3807-0176,ADAPTER DIN CIG LIGHT,19.95
3807-0242,CORD DUCATI ADPT O47,33.95
3807-0244,CORD SAE POLARITY CHG,9.95
3807-0261,CHARGER OPTIMATE 3,76.95
3807-0263,CHARGER OPTIMATE 3 X4,300.95
3807-0317,CORD EYE W/TEST LEAD,24.95
3807-0319,CORD EYE W/TEST LITH,24.95
3807-0430,CHARGER OPTIMATE 4,98.95
3807-0477,O-108KIT SAE to USB-A,38.95
3807-0491,CORD W/TEST LEAD JAR,16.95
3807-0491S,CORD W/TEST LEAD,19.95
3807-0522S,CORD W/TEST LITH,19.95
3807-0524,CHARGER USB 3.3A,33.95
3807-0538,USB 3.3A DUAL CHGR,29.95
3807-0539,CHARGER USB 2400MA,21.95
3807-0572,CHARGER OPTIMATE 2,77.95
3807-0573,CHARGER OPTIMATE 2 D,155.95
3807-0597,CHARGER OPTIMATE LITH,154.95
3807-0600,SAE CORD 4-LED BAT,22.95
3807-0604,CORD CHARGE ADPT,18.95
3807-0621,DIAGNOSTIC TOOL MOTO,"3,000.00"
3807-0622,BATTERY CONNECTOR,13.99
3807-0651,POWER BOX 2 BS,151.95
3807-0655,USB DUAL CABLE CHG,34.95
3807-0664,CHARGER USB-C 3.3A,39.95
3807-0676,CHARGER OPTIMATE4,114.95
3807-0683,CHARGER OPTIMATE4,104.95
3807-0686,CHARGER USB-A/USB-C,34.95
3807-0687,CHARGER USB-C 3.3A,34.95
3807-0767,CANDO P001,305
3807-0811,OPTIMATE 6 BATTERY,145.99
3810-0169,DIGITAL TIRE PRESSURE,159.99
3811-0061,WHEEL WRENCH T50,18.95
3812-0052,TOOL SPINNER-SWIVEL-2,39.99
3812-0054,TOOL T-HAND SPINNER-2,38.99
3850-0442,BRUSH-CHAIN,9.99
3910-0065,RAMP FOLDING ARCHED,176.95
3920-0005,TIE-DOWN INTEGRA RT-,39.95
3920-0006,TIE-DOWN INTEGRA RT-,39.95
3920-0007,TIE-DOWN INTEGRA RT-,39.95
3920-0012,"1.5""SHEEPSKIN SOFT-TYE",27.95
3920-0119,"NET CARGO ADJ BK 15""",18.95
3920-0151,BAR-HARNESS II STD BLK,33.95
3920-0251,TIE DOWN SOFT LOOP,13.95
4010-0050,LOCK-RETRACTABLE,25.99
4010-0185,LOCK DISC YEL ALRM,99.99
402,KIT-TILLOTSON DIA/GSKT,13.26
4030-0058,CANOPY 10X10 PARTS,319.88
4101-0274,STAND WHEEL ROLLER,76.85
4110-0033,EXTENSION PANEL F/R,396.95
4177-40,CRUISEMAX-F 130/90-16,300.95
4180-91,CRUISEMAX-R 150/80-16,331.95
4302-7167,GRAPHIC EVO20 SXF450,69.95
4320-1824,PROTECTOR TNK 51-10-,29.99
4401-0214,ANTENNA SHORT SPIRAL,22.95
4402-0576,MOUNT PERCH BLACK,30.99
4402-0866,50R ACCESSORY KIT,89
4402-0876,HELMET CLAMP KIT SENA,55
4402-0900,HEADSET SENA 50S HD,379
4402-0911,COMMUNICATOR INSYDE,362
4402-0973,SENA HEADSET EXPAND,199
4402-1043,HEADSET BLUETOOTH,439
4402-1044,INTERCOMM BLUETOOTH,829
4402-1056,INTERCOM SYSTEM A-,549.95
4405-0764,SPEAKERS SENA 5S,39
4405-0890,SPEAKERS 50S HARMON,69
645,RACING REED  YAMAHA,34.95
81081100,ENGINE ICE COOLANT,31.99
9001-0012,AMERICAN FLAG,21.99
99-5000,AIR FIL CARE KIT-,36.99
9905-0125,FRESHENER AIR MAXIMA,1.95
BAX7010,R701F 150/80R17,381.71
BL-H7B70,BR-LITE 70W H-7 BLUE,18.99
BT-0040,G702 160/80-16 TL,440.88
CC-80,SIMICROME POLISH,18.87
CH150B,LIC PLATE REFL TUB150,110.5
CH150R,LIC PLATE REFL TUB150,110.5
CH4B,MINI REFLECTORS 4-BLUE,5
CH4R,MINI REFLECTORS 4-RED,5
D18-630K-88,DID 630K X 88 LINKS,130
D18-630V-92,DID630V X 92,251.8
DCPR8E,SPARK PLUG NGK,7.99
DP9200,SHOES POL ATV FRT,27.95
DP9201,SHOES POL ATV FRT.,37.95
DPR8EIX-9,SPARK PLUG NGK IRIDIUM,14.95
DR8EA,SPARK PLUG NGK,4.95
DS-0409,"S&S""E"" FOR 91-03 XL",795.95
DS-195092,STATOR F/89-99BT 29970-,93.04
DS-199194,ANDREW EV-72 CAM 84-,251.95
DS-240015,C/KICKSTAND EXTENSION,40.23
DS-254402,DR FLOORBORD PAD 91-,46.59
DS-254409,REPL FLOORBOARD RUB,17.97
DS-380136,"3 1/2""REMVL CHOCK ",159.95
DS-380173,"3 1/2"" WIDE WHEEL ",69.95
DS-391237,3.5 GAL FLATSIDE LATE,358.23
DS-391240,GAS TNK GROMMET 84-99,26.45
DS-391291,"2"" EXT 5.2 GAL F/S TANKS",492.85
DS-391673,"SHORT GAS FILT 1/4"" F.L.",22
DS-700044,PLEXI BRITE,9.5
DS181225,"3.25-3.50X21""CMV DRAG ",14.95
DS181232,"5.00-5.10X16""CMV DRAG ",19.95
FA158HH,EBC DISC PAD SET,47.88
FA174HH,EBC DOUBLE H PAD SET,47.88
FA196HH,EBC DOUBLE H PAD SET,47.88
FA252HH,EBC DOUBLE H PAD SET,47.88
FA261HH,EBC DOUBLE H PAD SET,56.31
FA347HH,EBC DOUBLE H PAD SET,47.88
HF123,HIFLOFILTRO OIL FILTER,4.39
HF138,HIFLOFILTRO OIL FILTER,8.68
HF148,HIFLOFILTRO OIL FILTER,9.79
HF170B,OIL FILTER BLK EVO BT/XL,8.61
HF204,HIFLOFILTRO OIL FILTER,8.71
HF303,HIFLOFILTRO OIL FILTER,8.71
IRC-57,TUBE 500/510 180/65 - 16,21.95
IRC-91,TUBE H/D 2.75/3.00-21 TR4,24.95
IRC-93,TUBE H/D 4.00/5.10-18 TR4,25.95
IRC-94,TUBE H/D 100/90-19 TR4,20.95
IRC-95,TUBE H/D 110 120/90-,21.95
IRC-96,TUBE H/D 4.00/5.10-17 TR4,21.95
JTF270-14,"SPROCKET, C/S 14T",13.78
JTR279-33,"SPROCKET, RR 33T",25.15
K22-2501N,C/S SPROCKET HON 520,15.85
K22-2503R,C/S SPROCKET HON 520,12.67
K22-2541,C/S SPROCKET HON 630,28.57
K22-3552,REAR SPROCKET HON,60.37
K329-05,K329 120/90-10 TT/TL4-PLY,58.95
K41-5507-10,"RIM STRIP 18/19"" 10 PACK",2.95
K761-01,K761 120/90-10 TL 4-PLY,62.95
K761-02,K761 130/90-10 TL 4-PLY,63.95
KN-138,OIL FLTR SUZ/CAG,19.99
KN-303,OIL FLTR HON/KAW,19.99
L-82-C,CHAMPION PLUG (#L82),3.95
M019-4,CLAMP-ON STAND YZ/YZF,146.95
M019-5,CLAMP-ON STAND RM 95-,146.95
MOT10,DOT 5.1 BRAKE FLUID,13.01
MOT57,RBF 600 RACNG BRAKE,26.2
PC-10,"POLISH, NOVUS PLASTIC ",6.95
PH6017,FRAM FILTER,20.34
PK01250P,PLAT. PIPE KX250 2001,365.95
R292-520-13,RENTHAL SPRKT KTM 520,37.95
R6254K-105,SPARK PLUG NGK,14.95
R996-01-BK,RENTHAL TWINWALL,183.67
SK99250RE,SHRTY SILENC KX250 '99-,206.29
SU-4000,AIR FIL DRZ400 (S&R),84.99
YA-1301,AIR FIL YAM FJR1300,106.99
YB12AL-A2,BATTERY-YUASA,124.95
YB16AL-A2,BATTERY-YUASA,173.95
YT12A-BS,BATTERY-MNT FREE.49,162.95
YT12B-BS,BATTERY YUASA .52,166.95
YT7B-BS,BATTERY YUASA .30,138.95
YTX14-BS,BATTERY-MNT FREE.69,132.95
YTX14AH-BS,BATTERY MNT FREE.66,147.95
YTX16-BS,BATTERY-MNT FREE.78,141.95
YTX20H-BS,BATTERY MNT FREE.93,170.95
YTX20HL-BS,BATTERY MNT FREE.93,170.95
YTX20L-BS,BATTERY-MNT FREE.93,161.95
YTZ10S,BATTERY WET SEALED,216.95
YTZ7S,BATTERY WET SEALED,170.95
Supplier Code: PU sub totals (1510 records),,
Supplier Code: PUIG,,
20886F,Windshield New Generation,136.95
21565-N,Rearview Mirror Aileron,217.35
21566-N,Rearview Mirror Aileron,217.35
21749-N,Tab turn signal ���,64.85
22134W,New Generation Touring,176.25
22333N,R-Racer Screen - DUCATI,137.62
3157N,E.R.S. (Electronic Regulation,605.06
3593N,3593N - ALU Frontal plate,117.58
3706N,R19 FRAME SLIDERS FOR,165.3
3719C,Tank Grip BMW R1250 GS,26.99
5873O,Resistances For Turn Lights,46.48
9759W,Touring Windscreen F850GS,121.15
9762W,Headlight Protector BMW,103.79
REF.7616H,Touring Screen BMW,131.9
Supplier Code: PUIG sub totals (14 records),,
Supplier Code: REK,,
420-391,Rekluse Breastplate gasket,65
RMS-2809010,TORQ-DRIVE CLUTCH,799
Supplier Code: REK sub totals (2 records),,
Supplier Code: RH,,
100-0204,"REPLACEMENT 4"" ",94.95
500-0506,2025-Later Scout 2-into-1,549.95
500-0507,2025-Later Scout 2-into-1,549.95
500-0511,INDIAN MP45 BLK/BLK,809.95
500-0562C,"2014-LATER DBX40 4"" ",719.95
500-0563,"2014-LATER DBX40 4"" ",759.95
500-0565-SLASH,"2014-LATER DBX45 4.5"" ",799.95
500-0565C,"2014-LATER DBX45 4.5"" ",769.95
500-0566,"2014-LATER DBX45 4.5"" ",809.95
500-0566-SLASH,"2014-LATER DBX45 4.5"" ",839.95
500-1500C,"2022-LATER 4"" SLIP-ONS ",799.95
500-1501,"2022-LATER 4"" SLIP-ONS ",839.95
Supplier Code: RH sub totals (12 records),,
Supplier Code: RIZOM,,
BS315BM,Rizoma Moon Anodized,230.5
BS816B,Mirror Adapter for,17
BS819B,Bar end mirror adaptor,26
PE766B,Rider peg adapters,26
PT664B,LICENSE PLATE SUPPORT,329
ZTH049B,Front fender,145
Supplier Code: RIZOM sub totals (6 records),,
Supplier Code: RNMC Daytona LLC,,
2883055-LNA-,Matching Passenger Seat,339.99
Supplier Code: RNMC Daytona LLC sub totals (1 record),,
Supplier Code: ROUTE1,,
219400721,RIGID SADDLE BAG KIT,469.99
219400728,NA SHAD RIGID SADDLE,249.99
219400755,BIN STORAGE B-349 KIT,369.99
550-0138RIM,HIFLO OIL FILTER APRILLA,0
873-0155R1M,TIRE ELITE 4 REAR,498.95
Supplier Code: ROUTE1 sub totals (5 records),,
Supplier Code: RSTR B,,
808-1134 RSTRB,STREAM II FF AMERICA,169.98
Supplier Code: RSTR B sub totals (1 record),,
Supplier Code: RUSH,,
4022,40xx series fits 4.0��� mufflers,99.95
4023,40xx series fits 4.0��� mufflers,99.95
45105,War Horse Mufflers -,649.95
45105-300,War Horse Mufflers -,649.95
Supplier Code: RUSH sub totals (4 records),,
Supplier Code: RY,,
1346040009,HIFLO PREMIUM OIL,10.5
1982460003,MICHELIN COMMANDER III,176.99
2126470009,KAWASAKI OEM FORK,75.22
2199380002,MICHELIN POWER 6,269.95
Supplier Code: RY sub totals (4 records),,
Supplier Code: SCH,,
4141015360,CONCEPT DOT GLOSS,549
4141016360,CONCEPT DOT GLOSS,549
4141017360,CONCEPT DOT GLOSS,549
4147115360,CONCEPT DOT MATTE,549
4147116360,CONCEPT DOT MATTE,549
4147216360,CONCEPT DOT GLOSS,549
4149006360,CONCEPT DOT TRACER,649
4149016360,CONCEPT DOT TRACER,649
4161013360,C5 DOT GLOSS WHITE 53,769
4161015360,C5 DOT Gloss White 57 (M),769
4161016360,C5 DOT GLOSS WHITE 59,769
4162016360,C5 DOT FLUO YELLOW 59,769
4162017360,C5 DOT Fluo Yellow 61 (XL),769
4166015360,C5 DOT GLOSS SILVER 57,769
4169054360,C5 DOT MASTER BLUE 55,799
4169057360,C5 DOT MASTER BLUE 61,799
4169059360,C5 DOT MASTER BLUE 65,799
4169077360,C5 DOT MASTER ORANGE,799
4169115360,C5 DOT GLOBE BLUE 57,869
4169116360,C5 DOT GLOBE BLUE 59 L,869
4169135360,C5 DOT GLOBE GREEN 57,869
4169136360,C5 DOT GLOBE GREEN 59,869
4169137360,C5 DOT GLOBE GREEN 61,869
4169146360,C5 DOT OMEGA WHITE 59,869
4169165360,C5 DOT OMEGA BLUE 57,869
4169166360,C5 DOT OMEGA BLUE 59,869
4169196360,C5 DOT ZENITH BLUE 59,899
4181018360,E2 DOT GLOSS WHITE 63,799
4186214360,E2 DOT CONCRETE GREY,799
4186216360,E2 DOT CONCRETE GREY,799
4188117360,E2 CARBON DOT GLOSS,"1,549.00"
4189026360,E2 DOT DEFENDER WHITE,899
4189044360,E2 DOT EXPLORER,899
4189086360,E2 DOT ATLAS YELLOW 59,899
4189106360,E2 DOT Atlas Blue 59 (L),899
4189114360,E2 DOT TRAIL YELLOW 55,949
4189126360,E2 DOT TRAIL BLUE 59 (L),949
4189128360,E2 DOT TRAIL BLUE 63,949
4189146360,E2 DOT TRAIL GREEN 59,949
4201014360,J2 DOT Gloss White 55 (S),599
4201015360,J2 DOT Gloss White 57 (M),599
4201016360,J2 DOT Gloss White 59 (L),599
4201017360,J2 DOT Gloss White 61 (XL),599
4201018360,J2 DOT Gloss White 63,599
4209016360,J2 DOT SIGMA BLUE 59 (L),699
4229006360,S3 DOT STORM BLUE 59,699
4229025360,S3 DOT STORM ORANGE,699
4229026360,S3 DOT STORM ORANGE,699
4229027360,S3 DOT STORM ORANGE,699
4990010054,HEAD PAD STANDARD,49
4990010055,HEAD PAD STANDARD,49
4990010067,C5 Head pad Round-57,35
4990010074,CHEEK PADS SPORT -,59
4990010205,EXTERNAL VISOR,89
4990010211,PINLOCK 120,40
4990010221,ANTI-FOG LENS PINLOCK,40
4990010240,E2 PEAK SMALL,89
9049100345,SC2,349
9049100370,SC2 BOOM MIC,25
9049108075,HELMET BAG DELUXE,129
Supplier Code: SCH sub totals (60 records),,
Supplier Code: SCHU,,
4161014360,C5 DOT Gloss White 55 (S),799
4161017360,C5 DOT Gloss White 61 (XL),799
4161018360,C5 DOT Gloss White 63,799
4166217360,C5 DOT Concrete Grey 61,799
4167116360,C5 DOT Matte Black 59 (L),799
4169056360,C5 DOT MASTER BLUE 59,869
4169057360,C5 DOT MASTER BLUE 61,869
4169176360,C5 DOT Omega Yellow 59,899
4189006360,E2 DOT DEFENDER RED,899
4189065360,E2 DOT EXPLORER BLUE,899
4189067360,E2 DOT EXPLORER BLUE,899
4990010068,C5 Head pad Long-57,35
4990010069,C5 Head pad Round-59,35
4990010070,C5 Head pad Long-59,35
4990010071,C5 Head pad Round-61,35
4990010072,C5 Head pad Long-61,35
4990010085,C5 Cheek pads 10MM,59
4990010086,C5 Cheek pads 25MM,59
9049100345,SC2 - Comm System,359
9049100740,SC EDGE,359
Supplier Code: SCHU sub totals (20 records),,
Supplier Code: SCP,,
BR-2119-815,BMW K1600 Bagger 2018+,500
WS-654F-SE-IH,BMW R 1200/1250 RT 2014-,679.95
Supplier Code: SCP sub totals (2 records),,
Supplier Code: SH,,
AC3020PCUTU,shark drake union jack,69
Supplier Code: SH sub totals (1 record),,
Supplier Code: SHAD,,
D0B29KL,Brakelight Kit For Shad,33.75
D0B38106,SH38X Expandable Side,689.99
D0B38200,SH38X Expandable Side,649
D0B39106,SH39 Top Case (Carbon),183.99
D0B47206,SH47 Top Case (Red,257.99
D0B58206,SH58X Expandable Top,429
D0B59200,SH59X Expandable Top,439.99
D0RI39000,Passenger Backrest for,31.99
D0RI75,Backrest Pad for Terra Top,90.99
D0RI80,Backrest Pad for SH58X -,98.99
D0TR37100B,TR37 Terra Top Case (Black,325
D0TR47100L,TR47 Terra Left Side Case,438.99
D0TR47100R,TR47 Terra Right Side Case,438.99
D0TR55100,TR55 Top Case (Bare,784.97
D0TR55100B,TR55 Top Case (Black,419
D1B591PA,Big Mounting Plate + Screws,56.99
H0GL15ST,Top Mount Honda Goldwing,73.99
H0NC72IF,3P System Mount,178.99
K0GT18ST,Top Mount Kawasaki,69.99
W0CG49ST,"Top Mount BMW C400GT, ",143.99
W0FR89IF,"3P System Mount, fits 2015 ",189.99
W0FR89ST,SHAD Top mount kit.,157
W0FS824P,4P System Mount F Series,278.99
W0FS88IF,3P System Mount F Series,233.99
W0FS88ST,Top Mount F Series BMW,77.99
W0GG37ST,G310GS (17 - 24) Top,64.99
W0GS124P,"4P System Mount, Side ",264.99
W0GS19ST,Top Mount BMW R1250GS,69.99
W0RG14IF,R1300GS (23-24) 3P,221.99
W0RG14IFREE,R1300GS (23-24) 3P,221.99
W0RG14ST,R1300GS (23-24) Top Mount,163
W0RG154P,4P Mounting System,290.99
W0RG15IF,3P Mounting System,221.99
W0RR15ST,Top Mount,98.99
W0RS14ST,R1300GS (23-24) Top Mount,66.99
W0RS15ST,Top Mount,67.99
W0SX10ST,Top Mount BMW S1000XR,59.99
W0SX14IF,3P System Mount,205.99
Supplier Code: SHAD sub totals (38 records),,
Supplier Code: Shell Oil,,
550047581,Shell Advance Ducati 15W50,19.99
550072094,Ducati Corse Performance,189.95
550076038,Advance Ducati Genuine,19.99
550076108,Shell Advance Ducati 15W50,22.99
Supplier Code: Shell Oil sub totals (4 records),,
Supplier Code: SJBMW,,
LSB91417,G310R/GS Lowering Link,299.95
Supplier Code: SJBMW sub totals (1 record),,
Supplier Code: SKENE,,
FB-Y-A-TS/b,Photon Blaster - Amber,174.99
IQ-250-A-TS,"IQ 250 Controller, Alert, Turn ",94.99
IQ-260,Intelligent Light Controller,69.99
IQ-260-D,"IQ 260 Controller, ",99.99
IQ-260-D-TS,"IQ 260 Controller, ",114.99
IQ-260-TS,IQ-260-TS Tail/Brake Light,84.99
LPB,License Plate Bracket (pair),0
P3-D,P3 Lights with,197.99
P3-D-TS/b,P3 Lights with,194.99
RES-1 PAIR,"(Pair) Load Resistor, 58 ",9.99
RES-1 SINGLE,"(Single) Load Resistor, 58 ",4.99
SC-1,Side Case Kit LED Red,34.99
T1-S,Mounting Brackets - Photon,0
T12-S,Mounting Brackets - Photon,0
T2-S,Mounting Brackets - Photon,0
T3-S,Mounting Brackets - Photon,0
T5-S,Mounting Brackets - Photon,0
Supplier Code: SKENE sub totals (17 records),,
Supplier Code: SKY COCOA,,
08232-M99-K8JA1,GN4 10W30 (5QT),43.99
131179059018,"GASKET, DRAIN VALVE",2.5
131179081354,O-RING (39.8X2.2),5.99
15410-MFJ-D02,"FILTER, OIL SPIN - ON",18.99
15412-MGS-D21,"ELEMENT , OIL FILTER",10.99
16097-0009,FILTER-ASSY-OIL,21.99
37700-MFR-672,"SENSOR ASSY., SPEED",160.98
51490-MLK-D81,Seal Set Front Fork,29.99
90304-ME1-670,HONDA OEM CAP NUT,7.99
91302-PA9-003,O-RING (39.8X2.2),5.99
92900-08028-0E,HONDA OEM STUD BOLT,2.99
94109-12000,WASHER  (12MM),0.99
T270306,Indicator LED Rear Red,78.99
Supplier Code: SKY COCOA sub totals (13 records),,
Supplier Code: SKY SANFORD,,
6029-002-130-,CARLSBAD JACKET MD,729.99
88641731A SKY,O-RING 1.78X4.76,1.56
Supplier Code: SKY SANFORD sub totals (2 records),,
Supplier Code: SP,,
1LL-354,Ducati Panigale V4 V4S,184
K-141,BMW G310GS 2016-2022,250
K-152 / S1R20LL,BMW S1000R 2021 And Up,437
K-152-100,BMW S1000RR 2020 And,238
K-152-100 /,BMW S1000RR 2020 And,437
S1R20LL,BMW S1000R 2021 And Up,189
S1RR20LL,BMW S1000RR 2020 And,189
Supplier Code: SP sub totals (7 records),,
Supplier Code: Surbn,,
DL3N,(Driver) Foot peg Lowering,279.95
Supplier Code: Surbn sub totals (1 record),,
Supplier Code: SW-MOTECH,,
BC.TRS.,PRO Micro Tank Bag,185
BC.WPB.,Overland set Yukon WP 6 l.,165
BC.WPB.,Overland set City WP 9 l.,215
FBE.07.897.10000,Extension for brake pedal,120
FBL.00.127.11000,ADVENTURE step for brake,65
FBL.07.897.10000,"Brake pedal BMW F 750 GS, ",195
FRS.07.011.10302,ION footrest kit Black. BMW,151
FSC.00.127.10300,Gear lever tread Black.,55
FSC.07.897.10001,"Gear lever BMW F 750 GS, ",195
GPT.00.152.54500,LUGGAGE RACK,90
GPT.01.942.65000,DUSC TOP CASE SYSTEM,660
GPT.07.573.16000,STREET-RACK BLACK.,207
HDG.00.220.34301,"Adventure HandGuard kit, ",170
LPS.07.912.10000/B,Headlight guard Bracket with,95
MSS.07.897.10003,Engine guard Black. BMW F,355
MSS.07.975.10001,Engine guard Black. BMW R,380
MSS.07.975.10200,Engine guard extension,80
NSW.00.004.13000,Crash bar clamps for lights,45
NSW.07.004.10600,Adapter for SW-MOTECH,70
SBL.07.976.10000/B,Upper crash bar Black. BMW,340
SBL.22.088.10001/B,"Crash bar, Black, Ducati ",340
SCT.07.976.10000,Heel protector Heel protector,95
STP.07.176.10001,Slider set for rear axle Black.,70
STP.07.176.10002,Rear axle crash pad kit,70
STP.07.176.10204,Slider set for front axle.,108.95
STP.07.176.11001,Slider set for front axle,85
STS.07.862.10000,Extension for side stand foot.,69.95
TRT.00.475.30601,TANKRING ION BMW DUC,19
TRT.00.787.30600,PRO Tank Ring,37.95
Supplier Code: SW-MOTECH sub totals (29 records),,
Supplier Code: SWM,,
BC.HTA.,PRO ROADPACK TAIL BAG,215
Supplier Code: SWM sub totals (1 record),,
Supplier Code: TAB,,
213-5212,2-1-2 Option for 2020-Up,449.95
215-2042,Folsom Prison Series,499.99
215-2080,Folsom Prison Series,499.95
231-2290-B3-2.25,TAB INDIAN CHIEF SLIP,649
231-2290-B4,"Indian Chief 3.5"" Black ",649.99
231-2290-C-2.25,TAB INDIAN CHIEF SLIP,799.95
FOLSOM-,Folsom Prison Reduced,499.95
Supplier Code: TAB  sub totals (7 records),,
Supplier Code: TBM,,
52538829432 TBM,DRIVER'S SEAT KOMFORT,875.68
71210341ATBM,BUSH,5.52
Supplier Code: TBM sub totals (2 records),,
Supplier Code: TC,,
A9600673,Triumph Street Scrambler,599.99
Supplier Code: TC sub totals (1 record),,
Supplier Code: TCBM,,
63217160797TCB,Longlife bulb,8.72
Supplier Code: TCBM sub totals (1 record),,
Supplier Code: TCMT,,
XF2906F91-GB,TCMT Gloss Black Engine,99.99
Supplier Code: TCMT sub totals (1 record),,
Supplier Code: TECHNICHE,,
4531-BL-XXXL,HYBRID SPORT COOLING,199.95
Supplier Code: TECHNICHE sub totals (1 record),,
Supplier Code: TH,,
AML.LED8020-SB.C,AdMore Light Bar (Small -,199.99
DNL.07.KIT.005C,D7 PRO PREMIUM,"1,332.40"
DNL.22.KIT.009,DL4 ESSENTIAL LIGHTING,400.1
DNL.22.KIT.010,SOUNDBOMB HORN,144.02
DNL.22.KIT.012,D7 PRO PREMIUM,"1,283.41"
DNL.B6.10000,DENALI B6 AUXILIARY LED,138.99
DNL.B6.10100,DENALI B6 Dual License,224.99
DNL.D14.050,D-14 DESTROYER,389.99
DNL.D14.10200.K,D14 DESTROYER,962.96
DNL.D2.050,DENALI D2 2.0 LED Light,179.99
DNL.D2.10100,DENALI TriOptic Lens Kit for,29.99
DNL.D2.10200,DENALI TriOptic Lens Kit for,29.99
DNL.D3.050,DENALI D3 LED Driving,204.99
DNL.D3.051,DENALI D3 LED High-,192.99
DNL.D3.10100,DENALI TriOptic Lens Kit for,45.99
DNL.D3.10200,DENALI TriOptic Lens Kit for,45.99
DNL.D3.10400,DENALI Lens Kit for D3 Fog,24.99
DNL.D3.10500,DENALI Lens Kit for D3 Fog,26.99
DNL.D4.050,DENALI 2.0 D4 LED Light,244.99
DNL.D4.10100,DENALI TRIOPTIC LENS,58.99
DNL.D4.10200,DENALI TriOptic Lens Kit for,58.99
DNL.D4.10300,DENALI SLIP-ON,16.49
DNL.D7.050,DENALI 2.0 D7 LED Light,334.99
DNL.D7.10100,DENALI TRIOPTIC LENS,63.99
DNL.D7.10200,DENALI Lens Kit for D7 LED,63.99
DNL.D7P.050,D7 PRO Multi-Beam Driving,439.99
DNL.D7P.050,D7 PRO Multi-Beam Driving,439.99
DNL.D7P.050.K,D7 PRO Multi-Beam Driving,879.99
DNL.DL4.050.W,DENALI DL-4 DRIVING,110.99
DNL.DL9.050.A.K,DL9 DRIVING LIGHT PODS,389.99
DNL.DL9.050.W,DENALI DL-9 DRIVING,192.99
DNL.DM.050,DENALI 2.0 DM LED Light,133.99
DNL.ELC.10000,DENALI Plug-N-Play Wiring,39.99
DNL.MBK.10000,DENALI 2.0 Perch Switch,35.99
DNL.S4.050,DENALI 2.0 S4 Led Light,137.99
DNL.T3.10300,DENALI T3 Rear Switchback,161.99
DNL.T3.10700,T3 ULTRA-VIZ 4-IN-1,192.99
DNL.WHS.059,"Replacement DialDim 66"" ",21.99
DNL.WHS.059,"Replacement DialDim 66"" ",19.99
DNL.WHS.066.K,DENALI CANSMART 5.5FT,13.2
DNL.WHS.10100,DENALI Wiring Adapter for,21.99
DNL.WHS.10100,DENALI Wiring Adapter for,19.99
DNL.WHS.10900,DENALI 2.0 Premium Wiring,115.99
DNL.WHS.11000,DENALI 2.0 DataDim  Dual-,60.99
DNL.WHS.11200,DENALI 2.0 DrySeal  HI-,38.99
DNL.WHS.11602,CANsmart Controller GEN II,314.99
DNL.WHS.11602,CANsmart Controller GEN II,285
DNL.WHS.11702,CANsmart Controller GEN II,314.99
DNL.WHS.12400,DENALI Standard Wiring,54.99
DNL.WHS.20500,DENALI DialDim  Lighting,279.99
DNL.WHS.24800,DENALI GEN II CANSMART,314.99
DNL.WHS.25600,DENALI DialDim Lighting,314.99
DNL.WHS.25900,DENALI GEN II CANsmart,314.99
DNL.WHS.26700,DENALI CANSMART,285
DNL.WHS.26800,DENALI SWITCH GEN 1,150
HEX.,HEXCODE-GS911 USB,329.99
HEX.,HEX CODE GS-911 WIFI,439.99
HMT.00.10100.B,DENALI Compact Horn,69.99
HMT.07.10300,DENALI Compact Horn,27.99
HMT.07.10700,DENALI Compact Horn,29.99
HMT.07.11001,DENALI SPLIT HORN,44.99
HMT.07.11001,DENALI SPLIT HORN,40
HMT.07.11002,HORN MOUNT - BMW,40
HMT.07.11200,DENALI SPLIT HORN,62.99
HMT.22.10400,DUCATI MULTISTRADA,44.99
HMT.25.10000,DENALI Compact Horn,28.99
IN.706398585036,INNOVV ThirdEYE Blind,329.99
IN.706398585037,INNOVV ThirdEYE Blind,329.99
IN.706398585067,INNOVV K3 Dash Cam,394.99
IN.706398585074,INNOVV K5 Dash Cam,504.99
IN.706398585166,INNOVV K6 Cam MOTO,319.99
IN.K7,INNOVV K7 DASH CAM,429.99
KM-ST-LT-24,D14 DESTROYER FULL,"2,150.00"
LAH.00.10000.B,DENALI Universal Pivot,109.99
LAH.00.10300.B,DENALI (BMW) 21MM-,92.99
LAH.00.10400.B,DENALI (INDIAN) 32MM-,115.99
LAH.00.10500.B,DENALI Inverted Fork Tube,122.99
LAH.00.10600.B,DENALI CLAMP LIGHT,115.99
LAH.00.10700.B,DENALI Fender Mount for,58.99
LAH.00.11900,DENALI LOWER FENDER,59.99
LAH.01.10500,DENALI AUXILIARY LIGHT,64.99
LAH.07.10401,Driving Light Mount - BMW,76.99
LAH.07.10700,DENALI Auxliary Light,133.99
LAH.07.10900,DENALI Crashbar Light,42.99
LAH.07.11101,DENALI LIGHT MOUNT,133.99
LAH.07.11101,DENALI LIGHT MOUNT,120.99
LAH.07.11200,DENALI Auxiliary Light,133.99
LAH.07.11600,DENALI Upper Light Mount,93.99
LAH.07.11800,DENALI LOWER FENDER,55.99
LAH.07.11900,DENALI UPPER LIGHT,120
LAH.07.11901,DENALI UPPER LIGHT,120
LAH.22.10302,OE CRASH BAR LIGHT,53.99
LAH.22.10700,PLUG-&-PLAY B6 BRAKE,244.99
LAH.22.10800,DUCATI MULTISTRADA,77.99
LAH.T3.10000,DENALI T3 Light Mount -,86.99
LAH.T3.10200,DENALI T3 Light Mount -,64.99
MRA.07.026.R.1,MRA RacingScreen,136.99
NN.3PROM0160,NoNoise Ear Protection,28.99
RG.BE0123BK,R&G BAR END SLIDERS,64.99
RG.CP0467BL,Black R&G Aero Style Front,186.99
RG.CP0490BL,R&G Aero Crash Protectors,127.99
RG.CP0491BL,R&G Aero Crash Protectors,127.99
RG.CR0032BK,"COTTONREELS,",29.99
RG.CR0033BK,"OFFSET COTTON REELS, ",93.99
RG.EP0004BK.2,R&G OVAL EXHAUST,73.99
RG.FP0020BK,FORKPROT748/749/916/99,62.99
RG.KEC0125R,R&G Engine Case Covers,359.99
RG.LP0268BK,R&G Tail Tidy for 2020 BMW,191.99
RG.LP0323BK,R&G TAIL TIDY FOR,229.99
RG.RAD0250.P,R&G Racing Radiator Guard,115.99
SWM.FRS.,SW-MOTECH MOUNTING,73.99
TT-00003,Replacement 5-pin relay (for,15.39
TT-SB.10000.B,DENALI SoundBomb,69.99
TT-SB.10100.B,DENALI SoundBomb Split,75.99
TT-SB.10100.B,DENALI SoundBomb Split,68.99
TT-SB.10200.B,DENALI SoundBomb Mini,40.99
TWT-00-013-001,"L Bracket, 2.5 inch, each ",14.99
Supplier Code: TH sub totals (117 records),,
Supplier Code: TR,,
197346,525X116 BMXR XRING,120.35
212123,BATTERY TNDR RING,9.95
2552,"KURY BY K-MANN, BULLET ",124.99
266005,ANTI VIBRATION BAR,10.95
281111,TP 130/80-17 TIRE TUBE,23.99
2817,PRISM+ LIGHT,14.99
300914,120/90-18/460-18 TR4,27.76
300965,110/70R17 TR4 TUBE,23.95
300995,80/90-21 TR4 TUBE,24.2
360419,3.25 TO 4.25-19 TR4 TUBE,37.39
380348,BPR5EIX-11  PLUG NGK,11.93
3807,FRONT AXLE SLIDERS,41.99
381039,DCPR7E  PLUG NGK,4.42
4023,P-CLAMP 1-1/8 - 1-1/4 BLK,32.99
4081,"ERGO III, ADJ. CRUISE MT, ",363.99
480807,LED BOLT ACCENT,21.99
495303,WHEEL BRNG KIT 25MM,12.96
535106,S100 WHEEL CLEANER,10.49
535108,S100 DETAIL + WAX >> 10,9.99
570033,FEND ELIM BMW S1000R,220
578868,S1000RR FENDER,220
800512,RENT END PLUGS SET,35.96
BKM152232,BIKEMASTER DUAL USB,32.45
BKM152413,BIKEMASTER WHEEL,319.99
BRE08.B271.11,BREMBO 09-14 ACURA,69.29
BRE09.D219.11,BREMBO 13-17 HONDA,110.26
BREP28072N,BREMBO 09-14 ACURA,66.89
BREP28077N,BREMBO 13-20 HONDA,78.49
CBBVP,COUNTERACT TIRE,11.29
CON02443930000,CONTINENTAL,219.95
CON02443990000,CONTINENTAL,156.95
DUN45119319,DUNLOP  ELITE 4,459.95
DUN45246215,DUNLOP DRAGMAX REAR,310.95
DUN45247189,DUNLOP SPORTMAX Q5,420.95
DUN45247190,DUNLOP SPORTMAX Q5,431.95
DUN45252453,DUNLOP AE2 BIAS FRONT,269.95
DUN45258209,DUNLOP SPORTMAX Q5S,348.27
EXECH15,EXEDY 1993-1998 TOYOTA,454.03
JEP199657,JE PISTONS SUZUKI,299.99
KNNBM-1019,KANDN 19-20 BMW,94.99
KNNDU-9321,KANDN 21-23 DUCATI,73.99
KNNPL-1720,K&N High-Flow Original,83.99
KNNPL-1822,KANDN 22-25 INDIAN,79.99
KUR1892,KURYAKYN RAISED,29.99
KUR5626,KURYAKYN DASH,248.99
KUR5635,KURYAKYN SPEAR GRIPS,106.99
KUR5648,KURYAKYN HEEL SHIFT,90.99
KUR5763,KURYAKYN PHANTOM,67.99
KUR5777,KURYAKYN PHANTOM,101.99
KUR7136,KURYAKYN LEGACY,106.99
MAG52689,MAGNAFLOW,0
MCH28637,MICHELIN PRIMACY MXV4,0
MMP76227,MUSTANG 15-21 CAN-AM,965
NEW937-FE,NEW RAGE CYCLES 21+,170
NEW939-FE,NEW RAGE CYCLES 17+,170
NEWFTR-FE,NEW RAGE CYCLES 19+,175
NEWV2-FE-S-25,Ducati V2 Panigale /,210
NEWV2-V4-FE-T-25,NEW RAGE CYCLES 25-26,200
NEWV4-FE,NEW RAGE CYCLES 18-24,210
NEWV4-FE-25A,NEW RAGE CYCLES 25+,210
NEWV4-FE-S-25,Ducati V4 Panigale /,210
NEWV4-FE-T-25,NEW RAGE CYCLES 25+,210
NGK94021,NGK LASER IRIDIUM,142.2
NRT06037IA,NEW RAY TOPS DUCATI,191.76
NRT06067,NEW RAY TOYS INDIAN,215.98
NRT43153,NEW RAY TOYS BMW,33.32
NRT58253,NEW RAY TOYS DUCATI,24.99
NRT58273,NEW RAY TOYS DUCATI,24.99
NRT58443,NEW RAY TOYS BMW,23.99
QBS416905,QUADBOSS 69052RS,13.99
RENG237,RENTHAL MX-R WORKS,34.95
RMS097783,REMUS 18-19 BMW K 1600,"2,616.00"
RMS64782 088219,REMUS 2019 BMW R 1250,875.52
SLF140,SUPERLIFT 09-18 DODGE,0
SPC499,SPC PERFORMANCE,0
TCX2017700014-,TCX MOOD 2 GORE-TEX,219.99
THR832-,TURN 14 DISTRIBUTION,0
VH7002,V&H FIBERGLASS KIT,19.99
VIB14000,VIBRANT,38.59
VIB28608,VIBRANT -8AN 60 DEGREE,34.99
VIC72602,MAHLE ORIGINAL 5 X 2,1.41
WET401412,WEATHERTECH 2018+,0
WET401530,WEATHERTECH 2022+,0
WET401781,WEATHERTECH 24-26,0
WET42202,WEATHERTECH 01-04,0
WET43771,WEATHERTECH 2015.5+,0
WHLKLC174,WHITELINE EVO X REAR,181.88
WHLKLC180-315,WHITELINE UNIVERSAL,181.88
WHLW53686,WHITELINE 13-17 HONDA,70.88
WHLW63659,WHITELINE 13-17 HONDA,34.88
WHLW63660,WHITELINE 13-17 HONDA,91.88
WHLW63661,WHITELINE 13-17 HONDA,26.88
YSAYUAM42RBS,YUASA YTX20,161.95
YSAYUAM7RH2ST,YUASA YTX12,157.95
Supplier Code: TR sub totals (94 records),,
Supplier Code: TRX,,
LL133-18,BMW G 310 GS / G 310 R,124.95
Supplier Code: TRX sub totals (1 record),,
Supplier Code: TST,,
19BMWFE6=1,TST Low-Mount Fender,34.99
20BMWLPLT=1,TST Plug and Play LED,19.99
23BMWCO=1,TST Undertail Closeout for,54.99
23BMWFE1=1,TST Elite-1 Fender,109.99
23BMWFE2=1,TST Elite-1 Fender,75.99
TLB03-B=1,TST In-Tail LED Integrated,169.99
TLB03-BK=1,TST In-Tail LED Integrated,169.99
TLB03-R=1,TST In-Tail LED Integrated,169.99
Supplier Code: TST sub totals (8 records),,
Supplier Code: TU,,
035-5090,CLEAR HEADLIGHT,169.95
035-5095,ALUMINUM HEADLIGHT,169.95
035-5140,"EXPEDITION SKID PLATE, ",399.95
035-5156,"SPORT CRASH BARS, ",379.95
035-5160,"ENGINE CRASH BARS, ",449.95
035-5161,FAIRING CRASH BARS,439.95
035-5162,"ENGINE CRASH BARS, ",469.95
035-5163,FAIRING CRASH BARS,459.95
035-5165,OEM CRASH BAR,249.95
035-5166,FAIRING CRASH BARS,439.95
035-5171,"ADV PRO Crash Bar Kit, ",599.95
035-5175,"TFT SUNSHADE, BMW ",69.95
035-5256,"BAR RISERS, 25MM, BMW ",119.95
035-5258,"OFFSET BAR RISERS, ",159.95
035-5275,"LARGE SIDESTAND FOOT, ",69.95
037-5160,"ENGINE CRASH BARS, ",449.95
037-5161,"Upper Fairing Crash Bars, ",399.95
037-5162,"Engine Guard Bars, ",449.95
037-5163,UPPER FAIRING CRASH,399.95
037-516KIT2,ULTIMATE PROT PKG -,929.9
037-5277,"LARGE SIDESTAND FOOT, ",69.95
037-8000,PROGRESSIVE SPRING,359
038-6222,"ADV WINDSCREEN, LG, ",239.95
045-5200,OEM BMW Aux Light,74.95
045-5201,OEM BMW Aux Light,74.95
045-5258,"BAR BACK RISERS, ",149.95
045-5275,"Large Sidestand Foot, ",69.95
045-5276,"Large Sidestand Foot, ",69.95
045-5277,"LARGE SIDESTAND FOOT, ",69.95
045-5457,"ZEGA TOPCASE RACK, ",249
045-5885,"DDA PLUG & TRAVEL SET, ","4,790.00"
045-5886,TOURATECH,"4,290.00"
045-5949,"COMFORT SEAT, X-LOW, ",599.95
045-5962,"SPORT SEAT, LOW, ",629.95
048-5275,"LARGE SIDESTAND FOOT, ",69.95
048-5276,"LARGE SIDESTAND FOOT, ",69.95
082-5096,STAINLESS HEADLIGHT,169.95
082-5135,RALLYEFORM SKID,479.95
082-5140,"EXPEDITION SKID PLATE, ",399.95
082-5160,"ENGINE CRASH BARS, ",399.95
082-5161,"UPPER CRASH BARS, ",449.95
082-5162,"ENGINE CRASH BARS, ",399.95
082-5163,"UPPER CRASH BARS, ",449.95
082-5255,"BAR RISERS, BRIDGED, ",99.95
082-5256,"BAR RISERS, BRIDGED, ",99.95
082-5275,"Large Sidestand Foot, BMW ",69.95
082-6220,"WINDSCREEN, LG, CLEAR, ",239.95
082-6222,"WINDSCREEN, LG, TINT, ",259.95
3-50125,UNIVERSAL AUXILIARY,49.95
300-5840,LOWERING FORK SPRING,995
300-5841,LOWERING FORK & REAR,389
PP-60MK4,"PIVOT PEGZ MK4,  ",189
Supplier Code: TU sub totals (52 records),,
Supplier Code: TWW,,
55241571ATWW,"SENSOR, PRESSURE",147.9
70240901A2WW,REAR WHEEL SHAFT BALL,40.86
77913971A TWW,"BOLT, BRAKE HOSE",15.33
819Z0031A2WW,ASS.PERNO RUOTA POST.,75.84
82111701B TWW,PIN PEDAL,8.8
82919224AA2WW,BRACKET,13.9
87711111A TWW,"HOSE, OIL",3.42
87711131A  TWW,PIPE,1.61
88450661ATWW,SNAP RING,1.66
89320062A  TWW,"PLUG, OIL DRAIN",18.05
96280932AA TWW,LOWERED SUSPENSION,448.41
96482461BA,KIT SCARICO COMPLETO,"3,325.46"
97181121AATWW,SET PLEXY TOURING 1705,342.16
T1267900,ALTERNATOR GASKET,12.62
T1268019,ALTERNATOR COVER,176.14
T2043870,"clutch lever, triumph trident",47.89
T2502199,"FUEL CAP, KEYLESS",194.16
Supplier Code: TWW sub totals (17 records),,
Supplier Code: V1M,,
342P0691AA V1,STEERING HEAD BASE,727.09
Supplier Code: V1M sub totals (1 record),,
Supplier Code: VIC,,
LL-IND-.75-2020+,2020+ Indian Lowering Link .,98.99
LL-IND-1.5-2020+,2020+ Indian Lowering Link,98.99
LL-IND-2019,2019 Indian Lowering Link .,98.99
Supplier Code: VIC sub totals (3 records),,
Supplier Code: VP RACING FUELS,,
VP-FUE1122,C12 5 Gallon,121.05
VP-FUE1172,C50+ REG 5 Gallon,143
VP-FUE1392,VP110 5 Gallon,110.05
VP-FUE4122,VP MGP R REG Race Fuel,168.35
VP-FUE4312,VP T4+ REG Race Fuel,122.15
VP-FUE6222,MR12 5 Gallon,206.85
VP-FUE6412,VP T4 5 Gallon,111
Supplier Code: VP RACING FUELS sub totals (7 records),,
Supplier Code: VPI,,
46718535561 VPI,COVER FOR PASSENGER,39.95
52537719485 VPI,COMFORT DUAL SEAT,785.58
71602365067V,Universal Tank Protector,22
Supplier Code: VPI sub totals (3 records),,
Supplier Code: WA,,
13200000,Wunderlich Ultimate Pro,799.95
13215002,Wunderlich ULTIMATE Tank,713.95
13216002,Wunderlich ULTIMATE Tank,554.95
13217000,Wunderlich Tank Protection,"1,090.95"
13227002,Wunderlich Oxygen Sensor,146.95
13263002,Wunderlich Auxiliary Light,152.95
13320000,Wunderlich Handlebar Riser,204.95
13396002,Wunderlich Side Stand,104.95
14175000,Wunderlich Clip-On,59.95
14300000,Wunderlich Handlebar Riser,155.95
14395002,Wunderlich Side Stand,89.95
1600240,CSS Tank Pad Set R1300,104.95
18200000-102,R18 Lever Enlargers - Brake,69.95
20380101,Wunderlich Engine,555.95
20381101,Wunderlich Engine,583.95
20450101,Rear Protection Bars,516.95
21177002,Wunderlich USB Charging,181.95
21177202,Wunderlich USB Charging,180.16
21179002,Wunderlich Navigation,219.95
24125021,Wunderlich Outdoor,175.95
25801011,"Bar Riser, 20mm for 2013 ",81.95
25910301,Wunderlich Low Peg Set,289.95
25910302,Wunderlich Low Peg Set,289.95
26442202,Wunderlich Engine Bars,489.95
27380700,"Side Stand Enlarger, Low ",79.95
30184002G,Wunderlich Vario X-case,"1,627.85"
30482001,Wunderlich Touring,345.95
31000111,Wunderlich Handlebar,159.95
31000211,Wunderlich Handlebar,159.95
31000501,Handlebar Conversion -,474.9
31741107,Wunderlich Engine Bars,511.95
35420202,"Side Cover Set, Black",271.95
36060602,Wunderlich Sidestand,86.95
41971011,Wunderlich Handlebar,138.95
42721002,Seat Height Lowering Kit -10,44.95
44160200,Top Case Rack Bag,269.95
45150401,Wunderlich Adapter for SP-,57.95
45180002,Wunderlich K16 Bagger,469.95
45180102,Wunderlich K16 Bagger,269.95
45181002,Wunderlich K16 Bagger,616.95
71261010,Wunderlich Tempered Glass,26.95
8160432,Wunderlich Gear/Brake,44.95
8161136,Topcase Rack,317.95
8161137,Wunderlich Topcase Rack,386.95
8500827,Oil Cooler Guard,164.95
Supplier Code: WA sub totals (45 records),,
Supplier Code: WOOD,,
12-2755D,BMW S1000RR Side Mount,359.99
42-1270,Servo Buddy Ducati (not for,69.95
42-1290,Servo Buddy Ducati,69.95
42-1450,"Servo Buddy, 899 Panigale",69.95
42-2757,Servo Buddy BMW,69.95
Supplier Code: WOOD sub totals (5 records),,
Supplier Code: WP,,
11-6360,UV PROTECTANT,14.95
12-1080,BULBS 194 12V/4CP 10/PK,4.5
133-6507,JET KIT 91-93 SUZ GSX-,211.1
14-816,BRAKE SHOES 816 PLAIN,27.75
144-2238,22 SERIES PILOT JETS,32.95
144-3120,HEX MAIN JETS 4/PK #120,33.95
156-8009,TORQDRIVE CLUTCH,769
156-9207,RADIUS X CLUTCH SCOUT,949
18-61272,OPEN HANDGUARD,44.5
18-95184,SENTINAL HANDGUARDS,55
18-9550,ALUM BAR ENDS- BLACK,9.95
18-9551,ALUM BAR ENDS- SILVER,9.95
18-9552,ALUM BAR ENDS- BLUE,10.5
194-50800,INDIAN PHONE CASE,59.99
194-50801,INDIAN PHONE CASE,59.99
194-50802,INDIAN PHONE CASE,59.99
194-50803,INDIAN PHONE CASE,59.99
194-50804,INDIAN PHONE CASE,59.99
194-50805,INDIAN PHONE CASE,59.99
194-50806,INDIAN PHONE CASE,59.99
194-50807,INDIAN PHONE CASE,59.99
194-50808,INDIAN PHONE CASE,59.99
194-50809,INDIAN PHONE CASE,59.99
194-50810,INDIAN PHONE CASE,59.99
194-50811,INDIAN PHONE CASE,59.99
194-50820,INDIAN CARD WALLET,49.99
194-50821,INDIAN CARD WALLET,49.99
194-52622,PHONE CASE SPC+ APPLE,39.99
194-52623,PHONE CASE SPC+ APPLE,39.99
194-52624,PHONE CASE SPC+ APPLE,39.99
194-52625,PHONE CASE INTERFACE,29.99
194-52633,PHONE CASE SPC+ APPLE,44.99
194-52642,UNIVERSAL PHONE CASE,29.99
194-52643,PHONE CASE SPC+ APPLE,44.99
194-52644,PHONE CASE SPC+ APPLE,44.99
194-52645,PHONE CASE SPC+ APPLE,44.99
194-52646,PHONE CASE SPC+ APPLE,44.99
194-52651,PHONE CASE SPC+,44.99
194-52652,PHONE CASE SPC+,44.99
194-52654,PHONE CASE SPC+ APPLE,44.99
194-52655,PHONE CASE SPC+ APPLE,39.99
194-52656,PHONE CASE SPC+ APPLE,44.99
194-52657,PHONE CLAMP MAX SPC+,29.99
194-52659,PHONE CASE SPC+,39.99
194-52660,PHONE CASE SPC+,39.99
194-52661,PHONE CASE SPC+,44.99
194-52662,PHONE CASE SPC+,44.99
194-52663,PHONE CASE SPC+,44.99
194-52664,PHONE CASE SPC+,29.99
194-52667,UNIVERSAL INTERFACE,29.99
194-52668,PHONE CASE SPC+ APPLE,44.99
194-52669,PHONE CASE SPC+ APPLE,44.99
194-52670,PHONE CASE SPC+ APPLE,44.99
194-52671,PHONE CASE SPC+ APPLE,44.99
194-52672,PHONE CASE SPC+,44.99
194-52673,PHONE CASE SPC+,44.99
194-52674,PHONE CASE SPC+,44.99
194-52675,PHONE CASE SPC+,44.99
194-52676,PHONE CASE SPC+,44.99
194-52677,PHONE CASE SPC+,44.99
194-52679,PHONE CASE SPC+,44.99
194-52680,PHONE CASE SPC+,44.99
194-52683,PHONE CASE SPC+,44.99
194-52684,PHONE CASE SPC+,44.99
194-52685,PHONE CASE SPC+,44.99
194-52686,PHONE CASE SPC+,44.99
194-52687,PHONE CASE SPC+,44.99
194-52688,PHONE CASE SPC+,44.99
194-52689,PHONE CASE SPC+,44.99
194-52690,PHONE CASE SPC+,44.99
194-52691,PHONE CASE SPC+ APPLE,44.99
194-52693,PHONE CASE SPC+ APPLE,44.99
194-52694,PHONE CASE SPC+ APPLE,44.99
194-52695,PHONE CASE SPC+ APPLE,44.99
194-52696,PHONE CASE SPC+ APPLE,44.99
194-52697,PHONE CASE SPC+,44.99
194-52698,PHONE CASE SPC+,44.99
194-52700,PHONE CASE SPC+,44.99
194-52702,PHONE CASE SPC+,44.99
194-52703,PHONE CASE SPC+,44.99
194-52704,PHONE CASE SPC+,89.99
194-52705,PHONE CASE SPC+,44.99
194-52722,UNIVERSAL PHONE CASE,44.99
194-52723,UNIVERSAL PHONE CASE,44.99
194-52802,CHARGING PAD SPC+,54.99
194-52803,SP CHARGING OFFICE,99.99
194-52804,CHARGING SUCTION,99.99
194-52807,CHARGING MODULE SPC+,74.99
194-52808,ANTI VIBRATION,109.99
194-52809,12V CABLE DC SPC+,29.99
194-52812,PHONE CASE CHARGING,89.99
194-52813,CLIP MOUNT SPC+ BLACK,19.99
194-52814,WIRELESS POWERBANK,79.99
194-52822,PHONE CASE RING,9.99
194-52824,ADHESIVE MOUNT SPC+,9.99
194-52826,UNIVERSAL MOUNT SPC+,34.99
194-52829,ANTI VIBRATION MODULE,34.99
194-52831,BALLHEAD MOUNT PRO,24.99
194-52841,CARD WALLET SPC+,34.99
194-52843,MAGNETIC FLIP COVER,44.99
194-52844,MAGNETIC RING MOUNT,19.99
194-52846,ROLL CAGE MOUNT,99.99
194-52848,MAGNETIC CARD WALLET,44.99
194-52849,SPC+ MOTO STEM MOUNT,74.99
194-52870,GPS CRADLE MOUNT,74.99
194-52871,MOTO MOUNT 3D BLACK,89.99
194-52872,MOTO MOUNT 3D BLACK,89.99
194-52886,MAG-ALIGN ADAPTER,14.99
194-52887,MAG-ALIGN HEAD A,19.99
194-52897,PHONE CASE XTREME,89.99
194-52900,PHONE CASE XTREME,89.99
194-52901,PHONE CASE XTREME,79.99
194-52903,PHONE CASE XTREME,89.99
194-52904,PHONE CASE XTREME,89.99
194-52905,PHONE CASE XTREME,89.99
194-52906,PHONE CASE XTREME,89.99
194-52907,PHONE CASE XTREME,89.99
194-52910,PHONE CASE XTREME,89.99
194-52912,PHONE CASE XTREME,89.99
194-52915,PHONE CASE XTREME,89.99
194-52918,PHONE XTREME CASE,89.99
194-52919,PHONE XTREME CASE,89.99
194-52921,PHONE XTREME CASE,89.99
194-53128,MOTO MOUNT LT,54.99
194-53138,MOTO MOUNT PRO BLACK,74.99
194-53214,MOTO STEM MOUNT,69.99
194-53229,CROSSBAR MOUNT PRO,64.99
194-53230,CLUTCH MOUNT PRO,74.99
194-53232,BAR CLAMP MOUNT PRO,74.99
194-53233,MIRROR MOUNT PRO,54.99
194-53235,BRAKE MOUNT BLACK,64.99
194-55233,PHONE CASE WEATHER,19.99
194-55234,PHONE CASE WEATHER,19.99
2-BP5ES,SPARK PLUG #7832/04,3.12
2-BP6ES,SPARK PLUG #7333/04,3.12
2-DCPR6E,SPARK PLUG #3481/04,6.78
2-DCPR8EKC,SPARK PLUG #7168/10,16.36
2-DR8EA,SPARK PLUG #7162/10,4.9
2-LMAR9AI-10,SPARK PLUG #93188/04,25.19
206-40010,VANS CULT GRIPS GREY,19.95
206-40015,VANS CULT GRIPS GREY,19.95
22-55123,FORK SEAL KIT,20.13
22-56129,FORK & DUST SEAL,41.87
22-56191,FORK & DUST SEAL,48.17
22-57107,FORK DUST SEAL KIT,21.7
226-0237,H7 HIGH INTENSITY LED,39.95
23-86095,FORK BUSHING KIT,53.78
232-3493,WHEEL WEIGHTS 5 GRAM,34.95
232-3494,WHEEL WEIGHTS 5 GRAM,34.95
232-3499,WHEEL WEIGHTS 5 GRAM,46.95
232-4228,MASTER CYL REBUILD KIT,34.95
254-13013,FRONT CS SPROCKET,44.95
254-130147W,REAR  SPROCKET,139.95
26-5217,SWIFT CONVERTIBLE,49.98
26346-65226,HANDGUARD- X-FACTORY,109.95
26454-81008,ULTIMATE X HANDGUARD,45.95
26454-81009,ULTIMATE X HANDGUARD,45.95
270-2014,DEFENDER EXTREME,124.95
270-2015,DEFENDER EXTREME,124.95
270-2020L,DEFENDER EXTREME,129.95
270-2020M,DEFENDER EXTREME,124.95
270-2020X,DEFENDER EXTREME,134.95
270-2020XX,DEFENDER EXTREME,139.95
270-3070,JOURNEY MINI TANK BAG,99.95
270-6035,TANKLOCK TANKBAG 3L,78
270-6059,GRT705 WATERPROOF,195
270-6065,OBK58A OUTBACK TOP,575
270-6077,OBKN42A OUTBACK TOP,471
270-6078,OBKN58A OUTBACK TOP,594
270-6255,TOP CASE MOUNTING,224
270-6589,SIDE CASE HARDWARE,418
270-6611,SPECIFIC REAR RACK,187
270-6703,SIMPLY IV TOP CASE 45L,219
274-0044,PERFORMANCE TUNE-UP,56.95
28-2025,CARGO NET ADJUSTABLE,12.95
28-2030,BAR HARNESS II BLACK,33.95
28-2037,ORIGINAL BAR HARNESS,33.95
28-2037S,ORIGINAL BAR HARNESS,33.95
28-2039S,ORIGINAL BAR HARNESS,33.95
28-5000,OGIO RIG 9800 GEAR BAG,499.95
28019-65225,X-FUTURE HANDGUARD,45.95
28019-65229,X-FUTURE HANDGUARD,45.95
28019-65321,X-FUTURE HANDGUARD,45.95
28019-75225,HANDGUARD K-FUTURE,58.95
28019-75229,HANDGUARD K-FUTURE,58.95
28019-76816,HANDGUARD K-FUTURE,58.95
281-0006,HANDLEBAR RISERS,159
281-0017,HELIBARS RISER,169
281-0018,HELIBARS RISER R1200R -,159
281-0512,HANDLEBAR RISERS,159
281-0513,HANDLEBARS BLACK,359
29-2501,"ROK MC BLK 18""-60""X1""",28.99
29-2502,"ROK MC BLK/REF 18""-60""",28.99
29-2511,"ROK PACK BLK 12""-42""",23.99
29-2512,"ROK PACK BLK/REF 12""",23.99
29-2517,POWER STRAP - 42IN 2/PK,29.99
29-2518,POWER STRAP - 5.5FT,36.99
29-2519,POWER STRAP - 9.0FT,39.99
3-RS186K,REAR SET COMPLETE BLK,514.95
30-3528,VP POWER SPOUT FOR 5,23.99
30-3541,STAY FROSTY HP HI-,28.99
30-3542,STAY FROSTY RACING,27.99
30-3543,TRIGGER FLUID CONTROL,29.95
30-36003,C12 VP FUEL 5 GAL PAIL,110
30-36073,T4 + VP FUEL 5 GAL,111
30-36093,C50 REG VP FUEL 5 GAL,143
30-36094,C50+ REG VP FUEL 5 GAL,143
30-3631,7-IN-1 FUEL TREATMENT,14.99
378-520S,KINETIC CENTER JERSEY,39.95
378-521S,KINETIC CENTER JERSEY,39.95
378-53130,KINETIC CENTER PANTS,144.95
42-5018,RAMP-PRO UNIVERSAL,399.95
42-5111,FLEX & FOLD FUNNEL,8.99
42-5112,FLEX & FOLD FUNNEL,9.99
42-5113,FLEX & FOLD FUNNEL,10.99
44-84993,OFFSET BLOCK RISER 1-,89
462-51257XS,DIVINE III PANT BLACK XS,269.99
462-52807X,CLOUD FLEECE,119.99
462-99383XS,DIVINE 4.0 BIB BLACK XS,249.99
479-8019L,2-PIECE RAIN SUIT,104.99
482-70410,META ROAD SHOE,159.95
49-1952,YUASA YT7B-BS SEALED,106.95
49-1957,BATTERY YTX7L-BS,93.75
49-1961,YUASA YT12A-BS,140.95
49-1965,YUASA YTX16-BS SEALED,130.95
49-1979,YUASA YTX14L-BS,112.95
52-1749,"RECEIVER ADAPTER 2.5"" ",35.05
53-8214,RYDEFX SKI SHOCK,116.95
550-0138,OIL FILTER,8.68
550-0138R,OIL FILTER,10.5
56-00106P,CLUTCH LEVER,109.99
56-11000,NOCO GB20 LITHIUM,120.95
56-1138,BATTERY TENDER LEADS,12.95
56-1165,X-CONNECT EXTENSION,32.95
56-1166,NOCO GENIUS SAE,23.95
56-5828,HANDLEBAR SWITCH,29.95
56-6550,CLEANER & POLISH 7OZ,13.5
561-00014BK,LEVER BRAKE,94.59
561-03773D,WINDSCREEN NAKED,219.88
561-06143BK,LEVER ADAPTER BRAKE,51.39
561-07567,HEADLIGHT PROTECTOR,89.95
561-07616S,WINDSCREEN RACING,129.07
561-07839BK,LEVER ADAPTER BRAKE,49.42
561-09512S,WINDSCREEN TOURING,195.67
561-09723BK,WINDSCREEN RACING,133.76
561-09770,WINDSCREEN TOURING,144.44
561-09770S,WINDSCREEN TOURING,144.44
561-09783BK,LEVER ADAPTER CLUTCH,54.82
561-09879,WINDSCREEN TOURING,126.17
561-20458BK,FRAME SLIDERS PRO,171.2
561-20460D,WINDSCREEN SPORT,187.81
561-20795D,WINDSCREEN NNG,241.57
561-21795,WINDSCREEN TOURING,158.89
561-22333D,WINDSCREEN R-RACER,137.62
561-3595,WINDSCREEN TOURING,128.73
562-21100,WINDSHIELD CLEANER,38.95
565-0034,FENDER ELIMINATOR DUC,170
565-0035,FENDER ELIMINATOR DUC,170
565-0036,FENDER ELIMINATOR DUC,170
565-0049,Ducati Streetfighter V4 | V2,210
565-0053,Ducati Panigale V2 Fender,210
565-0054,Ducati Panigale V4 Fender,210
565-0063,FENDER ELIMINATOR IND,175
565-0075,FENDER ELIMINATOR,170
565-0084,FENDER ELIMINATOR SUZ,195
565-0092,FENDER ELIMINATOR TRI,185
565-0143,FRONT LED TURN,115
565-0144,FRONT LED TURN,135
565-0162,MIRROR BLOCK OFF,120
565-0163,MIRROR BLOCK OFF,120
565-0176,REAR LED TURN SIGNALS,125
565-0181,SIDE MOUNT LICENSE,180
565-0187,BMW S1000RR / S1000R /,220
565-0188,BMW S1000RR / S1000R /,220
565-0189,FENDER ELIMINATOR,150
565-0210,FENDER ELIMINATOR DUC,185
565-0262,FENDER ELIMINATOR DUC,210
565-0273,FENDER ELIMINATOR,210
565-0294,FENDER ELIMINATOR,250
57-00232,KTM TOOL KIT,139.95
57-00233,ROADTECH B2 FOR BMW,159.95
57-00801,GRUNGE BRUSH,14.5
57-00803,GRUNGE BRUSH,6.5
57-00805,ALUMINUM GRUNGE,20.95
57-068567,SMARTX 8078 3D ALARM,289.99
57-6313G,BIKE WASH 1 GAL,67.95
57-6316,WIZARDS WIPE DOWN,14.95
57-6341,LEATHER PLUS,16.95
57-8003,INDIAN CUP TYPE OIL,8.95
57-8175,MP SPARK PLUG WRENCH,27.99
57-8402,PROFESSIONAL TIRE,79.99
57-8753,PROFESSIONAL TIRE,159.99
57-9980,PC RACING SHIFTERSKIN,39.95
57-9981,SHIFTERSKIN STANDARD,39.95
57-9982,SHIFTERSKIN CRUISER,39.95
571-6114,BAR MOUNT CLAMP KIT,26.99
58-7000,LITHIUM BATTERY AT7B-,144.99
58-7002,LITHIUM BATTERY ATZ10-,224.99
58-7003,LITHIUM BATTERY,249.99
58-7004,LITHIUM BATTERY,289.99
58-7007,LITHIUM BATTERY ATX20-,354.99
58-7700,SPRAY CLEANER &,17.95
58-8125,TIRE RADIAL 10 PLY,199.95
58-BSN010B,STEALTH NAKED MIRROR,651.95
58-BSN912B,STEALTH NAKED,189.95
58-BSS040B,STEALTH SPORT MIRROR,651.95
58-FR070BM,TURN SIGNAL LIGHT UNIT,104.95
58-FR444B,TURN SIGNAL MOUNTING,37.95
58-LBX500B,ADJUSTABLE PLUS,236.95
58-LP040BM,LEVER GUARD,251.95
58-LP200B,END MOUNT MIRROR,22.95
58-LP324B,END MIRROR MOUNT,22.95
58-PTU012B,FLAT-OUT FENDER,368.95
58-PTU014B,FLAT-OUT FENDER,368.95
58-PTU020B,FLAT-OUT FENDER,434.95
581-8973,ANTHEM LEVER SET,315.95
582-01711,PLATINUM SX4 OIL 4T,25.5
582-04011,PREMIUM HYPOID GEAR,20.8
59-2804,MUCK MONKEY CHAIN,12.99
59-9301,S100 CLEANER 21 OZ.,12.95
60-1344,150/TUB REFLECTORS,110.95
60-1345,MINI-REFLECTORS BLUE,110.95
60-1406,4/PK MINI REFLECT RED,5.95
61-3008,STRONGHOLD GUN BOOT,119.99
61-3060,GLASS WINDSHIELD CAN-,799.99
61-70823,MULTI-MOUNT WINCH,192.95
610-6007,ARMEGA/ARMATIC,26.95
610-6014,ARMEGA/ARMATIC,39.95
610-6019,ARMEGA/ARMATIC,39.95
623-0625Y,KEITI TIRE PEN YEL,9.95
623-1005,ONE TANKPAD MED CLR,29.95
623-1007,TANKPAD CLEAR,30.95
624-1104BK,90/90 DEGREE AIR VALVE.,19.95
624-1105BK,MPH 90/90 DEG AIR VLV,19.95
63-7172,STRAP LIGHT,44.99
63-8051,BLUETOOTH PORTABLE,54.99
653-0008,ADVANCED ACCENT,252.99
653-0030,10IN FLEX LEDSTRIP,11.99
653-0037,36IN 4 PIN EXTENSION,5.99
66-10026,SKID PLATE,79.95
663-6010S,LAGUNA AIR STREET GLV,25
68-5830,HEAD PIPE GASKET KAW,10.5
68-7000,TOP END GASKET KIT 51.5,26.95
690-11140G,CHAIN 525VX3 140L,310.3
690-19130BK,CHAIN 525ZVM-X2 BK&BK-,428.2
690-32120,520ERT3 120L GOLD,181.5
693-0016BK,MASTER LINK RV 3D CLIP,13.95
70-1070,CRUISE ASSIST,10.95
70-1071,CRUISE ASSIST,10.95
70-1072,CRUISE ASSIST OVERSIZE,10.95
70-1073,CRUISE ASSIST OVERSIZE,10.95
71-1161,BAR END SLIDERS WHITE,24.99
71-5031,45MM JBL AUDIO SET,109.95
71-5036,SPIRIT HD BLUETOOTH,179.95
71-5038,FREECOM 2X BLUETOOTH,254.95
71-5039,FREECOM 2X BLUETOOTH,474.95
71-5040,FREECOM 4X BLUETOOTH,314.95
71-5041,FREECOM 4X BLUETOOTH,579.95
71-5043,FREECOM-X/SPIRIT 2ND,129.95
71-5044,PACKTALK EDGE,439.95
71-5045,PACKTALK EDGE,799.95
71-5046,PACKTALK EDGE 2ND,139.95
71-5047,PACKTALK EDGE/NEO,54.95
71-5049,PACKTALK EDGE SINGLE,439.95
71-5052,PACKTALK NEO SINGLE,359.95
71-5053,PACKTALK NEO DUO,669.95
71-5057,PACKTALK CUSTOM/NEO,99.95
71-5060,40MM SPEAKERS,59.95
71-5064,REFRESHMENT KIT FOR,21.95
71-5065,PACKTALK SHOEI,21.95
71-5066,PACKTALK EDGE HALF,74.95
71-5067,PACKTALK PRO SINGLE,499.95
71-5068,PACKTALK PRO DUO,919.95
71-5078,ADAPTER FOR SHOEI GEN,21.95
71-7026,RAM SMALL TOUGH-CLAW,41.99
71-7034,RAM DRINK CUP HOLDER,45.49
71-7035,RAM X-GRIP HOLDER,82.49
71-7036,RAM X-GRIP HOLDER,83.99
71-7037,"RAM X-GRIP HOLDER .5"" - ",84.49
71-7038,RAM X-GRIP TOUGH,85.49
71-7043,RAM MOUNT X-GRIP,82.49
71-7045,RAM X-GRIP LARGE,81.49
71-7047,RAM DRINK LARGE CUP,64.99
71-7060,QUICK GRIP MOUNT W/U-,63.49
71-7065,X-GRIP VIBE-SAFE PHONE,104.49
71-7067,X-GRIP VIBE-SAFE L,106.49
71-7139,RAM HANDLEBAR RAIL,80.49
71-7190,4/PK RAM X-GRIP,7.49
71-7241,RAM CYCLE H-BAR BASE,18.99
71-7274,DOUBLE SOCKET ARM W/,13.99
710300,AIR FILTER,102.99
72-9986,HELMET DONUT,17.95
73-4448M,FORMULA S CARBON,879.95
75-1364X,EXO-R1 AIR FULL FACE,649.95
75-1452L,EXO-AT960 MODULAR,329.95
75-2182X,XT9000 CARBON FULL-,554.95
75-2184L,XT9000 CARBON FULL-,589.95
75-2218X,EXO-AT960 MODULAR,334.95
75-2219M,EXO-AT960 MODULAR,334.95
75-2221X,EXO-AT960 MODULAR,299.95
75-2224L,EXO-AT960 MODULAR,299.95
75-2224X,EXO-AT960 MODULAR,299.95
75-3269X,EXO-AT960 MODULAR,329.95
75-3270M,EXO-AT960 MODULAR,329.95
75-3288L,RYZER FULL-FACE,199.95
75-5070S,SCORPION DRAFTER,139.95
75-5079M,CARGO AIR WOMENS,189.95
78-9456,CLAMP-ON AIR FILTER,13.95
81-0202,VISOR/LENS/GOOGLE,16.99
81-2802,VISOR/LENS/GOGGLE,17.49
82-800082,COMBAT 2-1 SHORTY,"1,199.99"
82-800103,"SHORTY 2-1 4.5"" COMBAT ","1,199.99"
82-800115,SHARP CURVE RADIUS,"1,199.99"
82-800119,"RADICAL RADIUS 2.5"" ","1,199.99"
82-800247,TRUE-DUAL HEADERS,799.99
83-0101,ENGINE ICE COOLANT 1/2,31.99
83-0109,PLASTIC SHINE 11 OZ,14.49
83-1018,GLASS & PLEXI CLEANER,10.95
83-1019,FAST DETAIL 16 OZ,13
83-1020,LEATHER CLEANER 16OZ,14.95
843-01131,SENA EXPAND,169
843-01231,SENA 30K BLUETOOTH,519
843-02041,SPEAKERS FOR 5S,39
843-02042,HELMET CLAMP KIT FOR,55
843-02061,HD SPEAKERS TYPE B 5S,39
843-02084,50S HD BLUETOOTH,379
843-02085,50S HD BLUETOOTH,679
843-021352X,CAVALRY 2 HALF HELMET,349
843-02135L,CAVALRY 2 HALF HELMET,349
843-02135M,CAVALRY 2 HALF HELMET,349
843-02135X,CAVALRY 2 HALF HELMET,349
843-02142,60S COMM SYSTEM W/,439
843-02143,60S COMM SYSTEM W/,829
843-02175,60S EVO MESH,459
843-02176,60S EVO MESH,879
843-02183,NAUTITALK BOSUN,309
843-02184,NAUTITALK BOSUN,609
843-02191,VORTEX SINGLE,189
843-02192,VORTEX DUAL,359
843-02193,SPIDER X SLIM SINGLE,299
843-02194,SPIDER X SLIM DUAL LOW,549
843-02195,60X COMM SYSTEM,459
843-02196,60X COMM SYSTEM DUAL,879
85-3493,WHEEL WEIGHTS 1/4 OZ,39.95
85-3494,WHEEL WEIGHTS 1/4 OZ,46.95
850-02011,AIR SHOCKS ULTIMATE,"1,263.99"
850-09919,"7"" LED HDLGT W/ PASS ",408.95
86-9532,SEAT ASSEMBLY BMW,515.95
87-0168,TUBE 325/350-18,13.5
87-0174,TUBE 450/510-18,20.95
87-0182,TUBE 325/350-19,14.95
87-09741,TUBE 100/100-18,42.95
87-09751,TUBE 100/100-18 ULTRA,53.95
87-0985,TUBE 90/90-21 HD,42.95
87-21001,TIRE POWER 6 FRONT,269.95
87-21005,TIRE POWER 6 REAR,389.95
87-21006,TIRE POWER 6 REAR,401.95
87-21007,TIRE POWER 6 REAR,435.95
87-4573,TIRE 777 CRUISER REAR,206.95
87-4577,SR777 TIRE REAR 160/70-,151.95
87-4584,TIRE 777 CRUISER HD,169.95
87-4586,TIRE 777 CRUISER HD,184.95
87-4600,TIRE 777 CRUISER HD,246.95
87-4651,TIRE R003A HOOK-UP,266.95
87-4651P,TIRE R003A HOOK-UP,304.95
87-4902,TIRE SR 999 LONG HAUL,185.95
87-4925,TIRE SR 999 LONG HAUL,203.95
87-4930,TIRE SR 999 LONG HAUL,303.95
87-5962,TUBE 2.75/3.00-23,19.95
87-5964,TUBE 110/100-17 IRC HD,21.95
87-90541S,"RIM STRIP 16""",2.99
87-90561S,"RIM STRIP 17""",2.99
87-90581S,"RIM STRIP 18""",2.99
87-90601S,"RIM STRIP 19""",2.99
87-90621S,"RIM STRIP 21"" 10/PK",2.99
87-9115,TIRE ANAKEE WILD REAR,305.95
87-92226,TIRE POWER GP2 REAR,448.95
87-92862,TIRE 110/80R 19F ANAKEE,252.95
87-92863,TIRE 120/70R 19F ANAKEE,240.95
87-92871,TIRE 140/80R 17 69H,312.95
87-92873,TIRE 150/70R 17R ANAKEE,306.95
87-92876,TIRE 170/60R 17R ANAKEE,369.95
87-93103,TIRE ROAD 6 FRONT,316.95
87-93105,TIRE ROAD 6 FRONT,298.95
87-93106,TIRE ROAD 6 GT FRONT,333.95
87-93111,TIRE ROAD 6 REAR 170/60,403.95
87-93112,TIRE ROAD 6 REAR 180/55,399.95
87-93114,TIRE ROAD 6 REAR,437.95
87-93115,TIRE ROAD 6 GT REAR,420.95
87-93117,TIRE ROAD 6 GT REAR,458.95
87-93740,TIRE COMMANDER III,287.95
87-93741,TIRE COMMANDER III,294.95
87-93753,TIRE COMMANDER III,291.95
87-93755,TIRE COMMANDER III,291.95
87-93756,TIRE COMMANDER III,392.95
87-93760,TIRE COMMANDER III,308.95
87-93764,TIRE COMMANDER III,211.95
87-9694,TIRE ANAKEE,251.95
87-9695,TIRE ANAKEE,387.95
87-98304,TIRE ANAKEE ROAD,284.95
87-9848,TIRE 150/70R17V R,265.95
870-3068MB,REAR WHEEL 2.15 X 18,824.95
871-2183,TIRE NIGHT DRAGON GT,252.03
871-6074,TIRE SCORPION TRAIL II,308.66
872-2004,TIRE 120/70R17 ROADTEC,174.95
873-0031,TIRE DT3-R FRONT,174.98
873-0152,TIRE ELITE 4 FRONT,438.95
873-0154,TIRE ELITE 4 REAR,459.95
873-0155,TIRE ELITE 4 REAR,498.95
873-0205,TIRE D402 FRONT MH90-,239.95
873-0353,TIRE TRAILMAX MISSION,273.95
873-0354,TIRE TRAILMAX MISSION,290.95
873-0355,TIRE TRAILMAX MISSION,210.95
873-0362,TIRE TRAILMAX MISSION,344.95
873-0363,TIRE TRAILMAX MISSION,377.95
873-0400,TIRE ROADSMART IV,248.95
873-0455,TIRE TRAILMAX RAID,210.95
873-0461,TIRE TRAILMAX RAID,316.95
873-0517,TIRE MUTANT FRONT,274.95
873-0518,TIRE MUTANT REAR,319.95
873-0818,TIRE SPORTMAX Q5 REAR,410.95
873-0819,TIRE SPORTMAX Q5 REAR,461.95
873-0822,TIRE SPORTMAX Q5S,263.95
873-0829,TIRE SPORTMAX Q5S,394.95
873-2101,TIRE AMERICAN ELITE,235.95
873-2106,TIRE AMERICAN ELITE,258.95
874-1020,TIRE BATTLAX,250.76
874-1030,TIRE BATTLAX,290.92
874-1041,TIRE BATTLAX ADVCROSS,321.85
874-1044,TIRE BATTLAX ADVCROSS,199.82
94-1165,SPIRAL SHORTY,22.95
959-0054,REPLICA 1:32 SPORT,228.95
959-0195,1:12 SCALE BMW,23.95
960-2411,EXHAUST STREET RS-2,799
960-9109,FENDER ELIMINATOR KIT,189
960-9319,FENDER ELIMINATOR KIT,189
960-9601,LED TURN SIGNALS REAR,164
961-9223,FENDER ELIMINATOR V2,189
C378-53030,KINETIC CENTER PANTS,144.95
C378-53130,KINETIC CENTER PANTS,144.95
R87-9502,TIRE POWER CUP 2 REAR,414.95
R87-9504,TIRE POWER CUP 2 200/55,462.95
V2-FE-T-25,Ducati V2 Panigale /,210
Z2016020302,PUIG TOURING SCREEN,72.95
Supplier Code: WP sub totals (544 records),,
Supplier Code: WT,,
EXT-EVO-DRBT-,EXTREME EVO LED Dual,489
Supplier Code: WT sub totals (1 record),,
Supplier Code: ZC,,
71266CP,Ducati Panigale V2 / V2S,"2,409.00"
71808MI,Ducati Panigale V2 / V2S,467
71810MI,Ducati Panigale V2 / V2S,848
71915akn,Arrow Dark Aluminum Slip-,536
71915prn,Arrow Pro-Race Black,497
77004PR,Ducati Panigale V2 / V2S,"1,168.00"
77004PRN,Ducati Panigale V2 / V2S,"1,242.00"
77504PR,Ducati Panigale V2 / V2S,"1,217.00"
77504PRN,Ducati Panigale V2 / V2S,"1,290.00"
C540CAMS,Lloyd'z Motor Workz -,"1,449.95"
WS-654-18-IHFR,BMW R 1200/1250 RT 2014-,"1,179.95"
Supplier Code: ZC sub totals (11 records),,
Parts Inventory: 15177 records,,
